entry_time,exit_time,type,entry_price,exit_price,pnl,return_pct,reason,bars_held,equity_after
2019-03-22 08:00:00,2019-03-22 11:00:00,BUY,2853.75,2842.69,-10.14,-1.014,SL,3,989.86
2019-03-26 11:00:00,2019-03-26 16:00:00,BUY,2805.45,2822.06,12.26,1.239,TP,5,1002.12
2019-03-27 12:00:00,2019-03-27 18:00:00,BUY,2816.55,2804.54,-10.15,-1.013,SL,6,991.98
2019-03-28 14:00:00,2019-03-29 02:00:00,BUY,2802.75,2819.89,12.29,1.239,TP,11,1004.27
2019-04-01 04:00:00,2019-04-01 22:00:00,BUY,2852.85,2868.08,12.43,1.238,TP,18,1016.7
2019-04-02 11:00:00,2019-04-03 03:00:00,BUY,2863.25,2871.82,12.49,1.229,TP,15,1029.19
2019-04-04 08:00:00,2019-04-05 09:00:00,BUY,2873.75,2883.76,12.67,1.232,TP,24,1041.87
2019-04-08 23:00:00,2019-04-09 15:00:00,BUY,2895.45,2888.12,-10.64,-1.021,SL,15,1031.23
2019-04-10 04:00:00,2019-04-10 13:00:00,BUY,2877.05,2886.3,12.68,1.23,TP,9,1043.91
2019-04-11 10:00:00,2019-04-11 14:00:00,BUY,2886.65,2894.49,12.8,1.227,TP,4,1056.72
2019-04-12 03:00:00,2019-04-12 11:00:00,BUY,2890.75,2900.56,13.01,1.231,TP,8,1069.73
2019-04-15 12:00:00,2019-04-15 16:00:00,BUY,2909.95,2904.25,-10.99,-1.027,SL,4,1058.74
2019-04-16 10:00:00,2019-04-16 17:00:00,BUY,2915.35,2909.08,-10.85,-1.024,SL,7,1047.89
2019-04-17 06:00:00,2019-04-17 17:00:00,BUY,2909.55,2901.84,-10.69,-1.02,SL,11,1037.21
2019-04-18 10:00:00,2019-04-18 15:00:00,BUY,2888.85,2898.78,12.77,1.231,TP,5,1049.98
2019-04-23 01:00:00,2019-04-23 17:00:00,BUY,2910.85,2919.75,12.91,1.229,TP,16,1062.89
2019-04-24 12:00:00,2019-04-24 16:00:00,BUY,2935.05,2928.98,-10.9,-1.025,SL,4,1051.99
2019-04-25 11:00:00,2019-04-25 16:00:00,BUY,2929.05,2922.54,-10.77,-1.024,SL,5,1041.22
2019-04-26 08:00:00,2019-04-26 22:00:00,BUY,2922.85,2933.46,12.83,1.233,TP,14,1054.05
2019-04-30 02:00:00,2019-04-30 18:00:00,BUY,2939.45,2932.23,-10.76,-1.021,SL,16,1043.29
2019-05-01 09:00:00,2019-05-01 16:00:00,BUY,2957.55,2950.77,-10.67,-1.023,SL,7,1032.62
2019-05-07 14:00:00,2019-05-07 17:00:00,BUY,2909.95,2894.53,-10.43,-1.01,SL,3,1022.19
2019-05-08 11:00:00,2019-05-08 14:00:00,BUY,2890.85,2875.02,-10.32,-1.01,SL,3,1011.87
2019-05-09 15:00:00,2019-05-09 16:00:00,BUY,2857.85,2842.38,-10.22,-1.01,SL,1,1001.66
2019-05-10 12:00:00,2019-05-10 17:00:00,BUY,2863.45,2840.48,-10.08,-1.007,SL,5,991.57
2019-05-14 15:00:00,2019-05-14 18:00:00,BUY,2824.35,2843.95,12.3,1.241,TP,3,1003.87
2019-05-15 11:00:00,2019-05-15 15:00:00,BUY,2835.95,2821.37,-10.14,-1.01,SL,4,993.73
2019-05-16 09:00:00,2019-05-16 13:00:00,BUY,2846.05,2862.85,12.31,1.239,TP,4,1006.04
2019-05-17 12:00:00,2019-05-17 15:00:00,BUY,2866.95,2853.44,-10.17,-1.011,SL,3,995.87
2019-05-20 13:00:00,2019-05-21 14:00:00,BUY,2843.45,2855.95,7.61,0.764,TIME,24,1003.48
2019-05-24 10:00:00,2019-05-24 18:00:00,BUY,2833.65,2821.5,-10.16,-1.012,SL,8,993.32
2019-05-27 08:00:00,2019-05-28 13:00:00,BUY,2830.55,2825.75,-4.61,-0.464,TIME,24,988.7
2019-05-29 03:00:00,2019-05-29 16:00:00,BUY,2794.85,2780.79,-9.99,-1.011,SL,13,978.71
2019-05-30 14:00:00,2019-05-31 02:00:00,BUY,2786.15,2774.28,-9.91,-1.013,SL,11,968.8
2019-05-31 14:00:00,2019-06-03 01:00:00,BUY,2759.25,2742.75,-11.39,-1.176,SL,10,957.41
2019-06-03 15:00:00,2019-06-03 19:00:00,BUY,2749.55,2736.52,-9.69,-1.012,SL,4,947.72
2019-06-04 08:00:00,2019-06-04 16:00:00,BUY,2752.85,2772.71,11.76,1.241,TP,8,959.48
2019-06-05 15:00:00,2019-06-06 10:00:00,BUY,2812.85,2829.24,11.88,1.239,TP,18,971.36
2019-06-07 02:00:00,2019-06-07 16:00:00,BUY,2843.75,2861.47,12.04,1.24,TP,14,983.4
2019-06-10 09:00:00,2019-06-10 18:00:00,BUY,2884.35,2899.36,12.17,1.238,TP,9,995.58
2019-06-12 12:00:00,2019-06-13 05:00:00,BUY,2877.05,2866.74,-10.1,-1.015,SL,16,985.47
2019-06-13 17:00:00,2019-06-14 18:00:00,BUY,2884.75,2884.25,-0.4,-0.04,TIME,24,985.08
2019-06-18 02:00:00,2019-06-18 11:00:00,BUY,2891.25,2901.49,12.14,1.232,TP,9,997.21
2019-06-19 01:00:00,2019-06-20 02:00:00,BUY,2921.75,2936.94,12.34,1.238,TP,24,1009.56
2019-06-25 05:00:00,2019-06-25 17:00:00,BUY,2942.25,2934.06,-10.28,-1.019,SL,12,999.27
2019-06-26 15:00:00,2019-06-26 21:00:00,BUY,2925.45,2914.84,-10.14,-1.014,SL,6,989.14
2019-06-28 07:00:00,2019-06-28 19:00:00,BUY,2928.55,2939.86,12.2,1.234,TP,12,1001.34
2019-07-01 08:00:00,2019-07-01 18:00:00,BUY,2974.55,2962.77,-10.14,-1.013,SL,10,991.2
2019-07-02 07:00:00,2019-07-02 11:00:00,BUY,2967.35,2957.28,-10.06,-1.015,SL,4,981.13
2019-07-03 08:00:00,2019-07-03 17:00:00,BUY,2974.25,2984.65,12.09,1.232,TP,9,993.22
2019-07-05 01:00:00,2019-07-05 10:00:00,BUY,2999.55,2994.95,-10.27,-1.034,SL,9,982.96
2019-07-08 08:00:00,2019-07-09 05:00:00,BUY,2977.35,2968.38,-10.0,-1.017,SL,20,972.96
2019-07-09 21:00:00,2019-07-10 13:00:00,BUY,2975.75,2967.77,-9.92,-1.019,SL,15,963.04
2019-07-11 16:00:00,2019-07-11 20:00:00,BUY,2999.55,2990.77,-9.8,-1.017,SL,4,953.25
2019-07-12 09:00:00,2019-07-15 05:00:00,BUY,3004.85,3014.76,11.74,1.231,TP,19,964.98
2019-07-16 18:00:00,2019-07-17 01:00:00,BUY,3007.25,3000.39,-9.87,-1.022,SL,6,955.12
2019-07-17 15:00:00,2019-07-17 17:00:00,BUY,3002.95,2996.66,-9.78,-1.024,SL,2,945.33
2019-07-18 08:00:00,2019-07-18 17:00:00,BUY,2973.35,2984.05,11.65,1.233,TP,9,956.99
2019-07-19 09:00:00,2019-07-19 18:00:00,BUY,3001.05,2990.63,-9.71,-1.015,SL,9,947.28
2019-07-22 12:00:00,2019-07-23 13:00:00,BUY,2982.15,2995.09,11.71,1.236,TP,24,958.98
2019-07-24 05:00:00,2019-07-24 10:00:00,BUY,3006.05,2997.44,-9.76,-1.018,SL,5,949.22
2019-07-25 05:00:00,2019-07-25 16:00:00,BUY,3020.35,3012.39,-9.67,-1.019,SL,11,939.55
2019-07-26 07:00:00,2019-07-26 20:00:00,BUY,3012.45,3023.73,11.59,1.234,TP,13,951.14
2019-07-30 13:00:00,2019-07-30 14:00:00,BUY,3013.95,3007.6,-9.74,-1.024,SL,1,941.4
2019-07-31 04:00:00,2019-07-31 21:00:00,BUY,3013.45,3005.32,-9.59,-1.019,SL,17,931.81
2019-08-05 16:00:00,2019-08-05 19:00:00,BUY,2878.25,2856.51,-9.38,-1.007,SL,3,922.42
2019-08-06 08:00:00,2019-08-06 21:00:00,BUY,2837.65,2881.25,11.49,1.246,TP,13,933.91
2019-08-07 14:00:00,2019-08-07 15:00:00,BUY,2877.05,2855.68,-9.41,-1.007,SL,1,924.51
2019-08-12 12:00:00,2019-08-12 20:00:00,BUY,2905.05,2887.64,-9.33,-1.009,SL,8,915.18
2019-08-13 11:00:00,2019-08-13 16:00:00,BUY,2881.05,2901.81,11.36,1.241,TP,5,926.54
2019-08-14 23:00:00,2019-08-15 15:00:00,BUY,2835.25,2866.3,11.53,1.244,TP,15,938.07
2019-08-16 15:00:00,2019-08-19 01:00:00,BUY,2872.55,2895.78,11.65,1.242,TP,9,949.72
2019-08-19 13:00:00,2019-08-20 14:00:00,BUY,2919.05,2924.65,3.74,0.394,TIME,24,953.46
2019-08-21 11:00:00,2019-08-22 01:00:00,BUY,2918.15,2932.72,11.8,1.237,TP,13,965.26
2019-08-22 13:00:00,2019-08-22 16:00:00,BUY,2923.15,2938.11,11.95,1.238,TP,3,977.2
2019-08-23 05:00:00,2019-08-23 15:00:00,BUY,2932.05,2917.34,-9.87,-1.01,SL,10,967.33
2019-08-26 16:00:00,2019-08-27 17:00:00,BUY,2868.75,2882.85,4.7,0.486,TIME,24,972.03
2019-08-28 14:00:00,2019-08-28 18:00:00,BUY,2861.05,2881.39,12.06,1.241,TP,4,984.09
2019-08-29 23:00:00,2019-08-30 12:00:00,BUY,2924.45,2942.84,12.2,1.24,TP,12,996.3
2019-09-04 08:00:00,2019-09-05 04:00:00,BUY,2926.05,2945.04,12.36,1.24,TP,19,1008.65
2019-09-05 16:00:00,2019-09-06 17:00:00,BUY,2973.25,2981.35,6.13,0.608,TIME,24,1014.78
2019-09-09 15:00:00,2019-09-09 16:00:00,BUY,2990.05,2982.2,-10.35,-1.019,SL,1,1004.44
2019-09-10 11:00:00,2019-09-10 16:00:00,BUY,2968.05,2958.89,-10.21,-1.017,SL,5,994.23
2019-09-11 11:00:00,2019-09-11 19:00:00,BUY,2980.25,2994.63,12.3,1.237,TP,8,1006.53
2019-09-13 07:00:00,2019-09-13 20:00:00,BUY,3016.55,3006.01,-10.21,-1.014,SL,13,996.32
2019-09-17 09:00:00,2019-09-18 10:00:00,BUY,2994.85,3001.75,7.7,0.773,TIME,24,1004.01
2019-09-19 11:00:00,2019-09-19 16:00:00,BUY,3000.85,3014.45,12.41,1.236,TP,5,1016.43
2019-09-20 08:00:00,2019-09-20 20:00:00,BUY,3005.35,2996.1,-10.33,-1.016,SL,12,1006.09
2019-09-24 11:00:00,2019-09-24 18:00:00,BUY,3003.35,2993.79,-10.22,-1.016,SL,7,995.87
2019-09-25 19:00:00,2019-09-26 11:00:00,BUY,2973.95,2992.88,12.35,1.24,TP,15,1008.22
2019-09-30 10:00:00,2019-10-01 04:00:00,BUY,2973.35,2990.19,12.49,1.239,TP,17,1020.72
2019-10-02 13:00:00,2019-10-02 16:00:00,BUY,2918.75,2905.15,-10.32,-1.011,SL,3,1010.39
2019-10-03 07:00:00,2019-10-03 17:00:00,BUY,2886.05,2870.0,-10.2,-1.009,SL,10,1000.19
2019-10-04 12:00:00,2019-10-04 15:00:00,BUY,2900.85,2918.36,12.4,1.239,TP,3,1012.59
2019-10-08 12:00:00,2019-10-08 14:00:00,BUY,2930.05,2916.82,-10.24,-1.011,SL,2,1002.35
2019-10-09 19:00:00,2019-10-10 01:00:00,BUY,2920.25,2902.15,-10.11,-1.008,SL,5,992.24
2019-10-11 07:00:00,2019-10-11 16:00:00,BUY,2953.75,2975.56,12.32,1.241,TP,9,1004.56
2019-10-14 05:00:00,2019-10-14 12:00:00,BUY,2977.15,2959.31,-10.13,-1.008,SL,7,994.43
2019-10-15 07:00:00,2019-10-15 17:00:00,BUY,2974.25,2987.33,12.29,1.236,TP,10,1006.72
2019-10-16 12:00:00,2019-10-17 12:00:00,BUY,2988.35,3001.05,12.44,1.235,TP,23,1019.16
2019-10-18 04:00:00,2019-10-18 19:00:00,BUY,2994.95,2984.52,-10.34,-1.015,SL,15,1008.82
2019-10-22 07:00:00,2019-10-22 10:00:00,BUY,3013.45,3005.95,-10.29,-1.02,SL,3,998.52
2019-10-23 12:00:00,2019-10-23 22:00:00,BUY,2993.15,3004.22,12.31,1.233,TP,10,1010.84
2019-10-24 11:00:00,2019-10-24 17:00:00,BUY,3009.15,3000.67,-10.29,-1.018,SL,6,1000.55
2019-10-25 07:00:00,2019-10-25 17:00:00,BUY,3006.15,3017.09,12.34,1.233,TP,10,1012.88
2019-10-28 15:00:00,2019-10-28 17:00:00,BUY,3035.65,3044.03,12.44,1.228,TP,2,1025.32
2019-10-29 07:00:00,2019-10-29 12:00:00,BUY,3040.45,3034.37,-10.51,-1.025,SL,5,1014.81
2019-10-30 04:00:00,2019-10-30 22:00:00,BUY,3035.45,3045.59,12.5,1.232,TP,18,1027.31
2019-10-31 12:00:00,2019-10-31 17:00:00,BUY,3038.75,3029.28,-10.44,-1.016,SL,5,1016.87
2019-11-01 07:00:00,2019-11-01 16:00:00,BUY,3045.65,3057.72,12.55,1.235,TP,9,1029.43
2019-11-05 08:00:00,2019-11-05 17:00:00,BUY,3083.65,3076.21,-10.51,-1.021,SL,9,1018.92
2019-11-06 17:00:00,2019-11-06 18:00:00,BUY,3073.15,3065.42,-10.39,-1.02,SL,1,1008.53
2019-11-07 11:00:00,2019-11-07 22:00:00,BUY,3090.75,3081.68,-10.25,-1.017,SL,11,998.27
2019-11-08 11:00:00,2019-11-08 17:00:00,BUY,3083.45,3075.22,-10.17,-1.019,SL,6,988.11
2019-11-11 12:00:00,2019-11-12 07:00:00,BUY,3079.95,3088.63,12.14,1.229,TP,18,1000.25
2019-11-13 04:00:00,2019-11-13 19:00:00,BUY,3084.65,3095.63,12.33,1.233,TP,15,1012.58
2019-11-14 10:00:00,2019-11-15 02:00:00,BUY,3090.85,3102.49,12.5,1.234,TP,15,1025.08
2019-11-15 14:00:00,2019-11-15 18:00:00,BUY,3105.85,3115.48,12.62,1.231,TP,4,1037.7
2019-11-18 09:00:00,2019-11-18 15:00:00,BUY,3125.55,3118.03,-10.59,-1.02,SL,6,1027.11
2019-11-19 06:00:00,2019-11-19 17:00:00,BUY,3124.65,3116.86,-10.47,-1.02,SL,11,1016.63
2019-11-20 08:00:00,2019-11-20 13:00:00,BUY,3112.95,3104.46,-10.35,-1.018,SL,5,1006.29
2019-11-22 08:00:00,2019-11-25 01:00:00,BUY,3107.55,3119.4,12.42,1.234,TP,16,1018.71
2019-11-26 10:00:00,2019-11-26 19:00:00,BUY,3132.15,3140.39,12.51,1.228,TP,9,1031.21
2019-11-27 12:00:00,2019-11-27 16:00:00,BUY,3150.05,3144.12,-10.58,-1.026,SL,4,1020.63
2019-12-02 18:00:00,2019-12-03 12:00:00,BUY,3118.35,3106.96,-10.34,-1.013,SL,17,1010.29
2019-12-04 11:00:00,2019-12-05 12:00:00,BUY,3106.85,3120.45,9.66,0.956,TIME,24,1019.95
2019-12-06 09:00:00,2019-12-06 15:00:00,BUY,3124.05,3134.54,12.57,1.232,TP,6,1032.52
2019-12-09 08:00:00,2019-12-09 22:00:00,BUY,3143.75,3136.51,-10.54,-1.021,SL,14,1021.98
2019-12-10 11:00:00,2019-12-10 15:00:00,BUY,3123.15,3132.96,12.58,1.231,TP,4,1034.56
2019-12-11 08:00:00,2019-12-12 09:00:00,BUY,3135.85,3144.45,9.67,0.935,TIME,24,1044.23
2019-12-12 21:00:00,2019-12-13 05:00:00,BUY,3163.85,3182.54,12.95,1.24,TP,7,1057.18
2019-12-13 18:00:00,2019-12-16 15:00:00,BUY,3167.65,3188.77,13.12,1.241,TP,20,1070.3
2019-12-20 12:00:00,2019-12-20 16:00:00,BUY,3207.85,3213.87,13.05,1.22,TP,4,1083.35
2019-12-23 05:00:00,2019-12-24 06:00:00,BUY,3224.95,3224.05,-1.66,-0.153,TIME,24,1081.7
2019-12-24 20:00:00,2019-12-26 09:00:00,BUY,3223.45,3228.31,13.12,1.213,TP,2,1094.81
2019-12-26 21:00:00,2019-12-26 22:00:00,BUY,3233.25,3238.69,13.32,1.216,TP,1,1108.13
2019-12-31 04:00:00,2019-12-31 14:00:00,BUY,3226.35,3217.84,-11.28,-1.018,SL,10,1096.85
2020-01-02 14:00:00,2020-01-02 17:00:00,BUY,3248.15,3238.63,-11.14,-1.016,SL,3,1085.71
2020-01-03 07:00:00,2020-01-03 12:00:00,BUY,3232.35,3218.62,-10.98,-1.011,SL,5,1074.73
2020-01-06 11:00:00,2020-01-06 17:00:00,BUY,3214.35,3233.66,13.33,1.24,TP,6,1088.06
2020-01-07 08:00:00,2020-01-07 16:00:00,BUY,3248.95,3237.78,-11.03,-1.014,SL,8,1077.03
2020-01-08 15:00:00,2020-01-08 22:00:00,BUY,3240.55,3263.09,13.37,1.242,TP,7,1090.4
2020-01-09 12:00:00,2020-01-10 08:00:00,BUY,3268.55,3283.96,13.5,1.238,TP,19,1103.9
2020-01-15 03:00:00,2020-01-16 04:00:00,BUY,3283.75,3295.35,10.13,0.917,TIME,24,1114.03
2020-01-17 04:00:00,2020-01-17 22:00:00,BUY,3319.05,3328.8,13.71,1.231,TP,18,1127.74
2020-01-21 11:00:00,2020-01-21 16:00:00,BUY,3311.45,3320.69,13.87,1.23,TP,5,1141.62
2020-01-22 20:00:00,2020-01-22 22:00:00,BUY,3328.95,3320.29,-11.62,-1.018,SL,2,1130.0
2020-01-23 11:00:00,2020-01-23 16:00:00,BUY,3318.15,3309.07,-11.49,-1.017,SL,5,1118.51
2020-01-24 05:00:00,2020-01-24 17:00:00,BUY,3329.05,3319.18,-11.36,-1.015,SL,12,1107.15
2020-01-27 11:00:00,2020-01-27 13:00:00,BUY,3254.35,3237.34,-11.17,-1.009,SL,2,1095.98
2020-01-28 05:00:00,2020-01-28 17:00:00,BUY,3250.65,3271.64,13.6,1.241,TP,12,1109.58
2020-01-31 12:00:00,2020-01-31 17:00:00,BUY,3273.45,3255.52,-11.19,-1.008,SL,5,1098.39
2020-02-03 11:00:00,2020-02-03 17:00:00,BUY,3235.15,3260.17,13.65,1.243,TP,6,1112.04
2020-02-05 08:00:00,2020-02-05 10:00:00,BUY,3294.95,3312.58,13.78,1.239,TP,2,1125.83
2020-02-05 22:00:00,2020-02-06 08:00:00,BUY,3335.55,3357.34,13.98,1.241,TP,9,1139.8
2020-02-07 03:00:00,2020-02-07 16:00:00,BUY,3340.95,3326.24,-11.52,-1.01,SL,13,1128.29
2020-02-10 12:00:00,2020-02-10 22:00:00,BUY,3328.05,3348.58,14.0,1.241,TP,10,1142.29
2020-02-13 08:00:00,2020-02-13 11:00:00,BUY,3366.45,3356.06,-11.59,-1.015,SL,3,1130.7
2020-02-14 01:00:00,2020-02-17 02:00:00,BUY,3373.95,3383.45,7.61,0.673,TIME,24,1138.31
2020-02-18 04:00:00,2020-02-18 18:00:00,BUY,3368.85,3359.94,-11.58,-1.017,SL,14,1126.73
2020-02-19 07:00:00,2020-02-19 19:00:00,BUY,3378.25,3391.34,13.92,1.236,TP,12,1140.65
2020-02-20 10:00:00,2020-02-20 18:00:00,BUY,3383.15,3371.88,-11.56,-1.013,SL,8,1129.09
2020-02-21 11:00:00,2020-02-21 17:00:00,BUY,3352.55,3335.96,-11.39,-1.009,SL,6,1117.7
2020-02-24 17:00:00,2020-02-24 20:00:00,BUY,3249.25,3220.02,-11.23,-1.005,SL,3,1106.46
2020-02-25 10:00:00,2020-02-25 17:00:00,BUY,3243.65,3217.99,-11.13,-1.006,SL,7,1095.33
2020-02-26 07:00:00,2020-02-26 11:00:00,BUY,3151.55,3114.9,-11.0,-1.004,SL,4,1084.34
2020-02-27 06:00:00,2020-02-27 17:00:00,BUY,3060.35,3017.41,-10.88,-1.004,SL,11,1073.45
2020-02-28 06:00:00,2020-02-28 16:00:00,BUY,2934.75,2877.44,-10.76,-1.003,SL,10,1062.69
2020-03-02 13:00:00,2020-03-02 18:00:00,BUY,2910.45,3005.27,13.26,1.248,TP,5,1075.95
2020-03-05 11:00:00,2020-03-05 16:00:00,BUY,3069.25,3033.45,-10.8,-1.004,SL,5,1065.15
2020-03-06 11:00:00,2020-03-06 16:00:00,BUY,2956.75,2915.69,-10.69,-1.004,SL,5,1054.46
2020-03-09 05:00:00,2020-03-09 16:00:00,BUY,2821.25,2726.25,-15.45,-1.466,SL,2,1039.0
2020-03-10 10:00:00,2020-03-10 18:00:00,BUY,2821.55,2753.61,-10.41,-1.002,SL,8,1028.59
2020-03-11 15:00:00,2020-03-12 04:00:00,BUY,2769.25,2700.2,-10.31,-1.002,SL,12,1018.28
2020-03-12 16:00:00,2020-03-12 18:00:00,BUY,2585.65,2508.66,-10.2,-1.002,SL,2,1008.08
2020-03-13 07:00:00,2020-03-13 16:00:00,BUY,2500.65,2632.58,12.59,1.249,TP,8,1020.67
2020-03-16 19:00:00,2020-03-17 20:00:00,BUY,2484.05,2492.05,0.52,0.051,TIME,24,1021.19
2020-03-18 17:00:00,2020-03-18 20:00:00,BUY,2398.75,2296.66,-10.23,-1.001,SL,3,1010.96
2020-03-19 09:00:00,2020-03-20 10:00:00,BUY,2373.15,2469.15,8.61,0.852,TIME,24,1019.57
2020-03-23 03:00:00,2020-03-23 15:00:00,BUY,2190.15,2314.18,12.73,1.248,TP,12,1032.3
2020-03-31 20:00:00,2020-04-01 01:00:00,BUY,2608.75,2559.65,-10.35,-1.003,SL,4,1021.95
2020-04-01 13:00:00,2020-04-01 22:00:00,BUY,2500.95,2456.35,-10.25,-1.003,SL,9,1011.69
2020-04-08 01:00:00,2020-04-08 18:00:00,BUY,2641.95,2710.97,12.62,1.247,TP,17,1024.31
2020-04-13 01:00:00,2020-04-14 02:00:00,BUY,2759.55,2776.25,2.82,0.276,TIME,24,1027.14
2020-04-15 15:00:00,2020-04-16 09:00:00,BUY,2767.65,2807.18,12.79,1.245,TP,17,1039.93
2020-04-20 02:00:00,2020-04-20 14:00:00,BUY,2857.75,2820.46,-10.44,-1.004,SL,12,1029.49
2020-04-28 07:00:00,2020-04-28 12:00:00,BUY,2866.35,2893.15,12.8,1.243,TP,5,1042.28
2020-04-29 01:00:00,2020-04-29 07:00:00,BUY,2872.95,2910.24,12.98,1.245,TP,6,1055.26
2020-04-30 15:00:00,2020-04-30 23:00:00,BUY,2917.45,2888.74,-10.61,-1.005,SL,8,1044.65
2020-05-04 01:00:00,2020-05-04 22:00:00,BUY,2790.25,2831.18,13.01,1.245,TP,21,1057.66
2020-05-06 04:00:00,2020-05-07 01:00:00,BUY,2863.05,2836.71,-10.64,-1.006,SL,20,1047.02
2020-05-07 13:00:00,2020-05-08 03:00:00,BUY,2880.95,2909.23,13.02,1.243,TP,13,1060.04
2020-05-08 15:00:00,2020-05-11 02:00:00,BUY,2917.75,2941.38,13.17,1.242,TP,10,1073.21
2020-05-11 18:00:00,2020-05-12 06:00:00,BUY,2923.75,2901.59,-10.81,-1.007,SL,11,1062.41
2020-05-13 07:00:00,2020-05-13 18:00:00,BUY,2865.35,2837.71,-10.68,-1.005,SL,11,1051.72
2020-05-14 13:00:00,2020-05-14 15:00:00,BUY,2817.25,2788.53,-10.57,-1.005,SL,2,1041.15
2020-05-18 12:00:00,2020-05-18 15:00:00,BUY,2893.45,2922.57,12.95,1.244,TP,3,1054.1
2020-05-19 14:00:00,2020-05-19 23:00:00,BUY,2945.85,2919.96,-10.6,-1.006,SL,9,1043.5
2020-05-20 12:00:00,2020-05-21 13:00:00,BUY,2957.65,2953.95,-1.66,-0.159,TIME,24,1041.83
2020-05-25 07:00:00,2020-05-25 17:00:00,BUY,2968.55,2990.99,12.94,1.242,TP,10,1054.77
2020-05-27 01:00:00,2020-05-27 07:00:00,BUY,2996.75,3019.85,13.1,1.242,TP,6,1067.87
2020-05-27 19:00:00,2020-05-27 22:00:00,BUY,3001.85,3035.36,13.29,1.244,TP,3,1081.16
2020-05-28 11:00:00,2020-05-29 03:00:00,BUY,3041.95,3016.03,-10.87,-1.006,SL,15,1070.28
2020-05-29 15:00:00,2020-05-29 19:00:00,BUY,3026.95,3002.57,-10.77,-1.006,SL,4,1059.51
2020-06-01 11:00:00,2020-06-02 12:00:00,BUY,3038.05,3077.06,13.19,1.245,TP,24,1072.71
2020-06-04 21:00:00,2020-06-05 06:00:00,BUY,3100.95,3126.97,13.33,1.243,TP,8,1086.04
2020-06-10 19:00:00,2020-06-11 01:00:00,BUY,3201.45,3176.79,-10.93,-1.006,SL,5,1075.11
2020-06-11 14:00:00,2020-06-11 17:00:00,BUY,3122.65,3092.97,-10.81,-1.005,SL,3,1064.31
2020-06-17 08:00:00,2020-06-18 04:00:00,BUY,3124.45,3084.13,-10.68,-1.004,SL,19,1053.62
2020-06-18 16:00:00,2020-06-19 15:00:00,BUY,3104.55,3147.8,13.12,1.246,TP,22,1066.75
2020-06-22 04:00:00,2020-06-22 21:00:00,BUY,3077.15,3119.55,13.29,1.246,TP,17,1080.03
2020-06-24 06:00:00,2020-06-24 11:00:00,BUY,3130.35,3105.44,-10.87,-1.006,SL,5,1069.17
2020-06-25 09:00:00,2020-06-25 22:00:00,BUY,3040.55,3080.19,13.31,1.245,TP,13,1082.48
2020-06-29 16:00:00,2020-06-29 23:00:00,BUY,3016.55,3054.62,13.48,1.245,TP,7,1095.96
2020-06-30 15:00:00,2020-06-30 18:00:00,BUY,3050.05,3079.01,13.63,1.244,TP,3,1109.59
2020-07-01 09:00:00,2020-07-01 14:00:00,BUY,3095.05,3073.71,-11.17,-1.007,SL,5,1098.42
2020-07-02 03:00:00,2020-07-02 11:00:00,BUY,3109.15,3136.34,13.65,1.243,TP,8,1112.07
2020-07-03 06:00:00,2020-07-06 04:00:00,BUY,3135.55,3160.65,13.82,1.243,TP,17,1125.89
2020-07-06 16:00:00,2020-07-07 10:00:00,BUY,3176.55,3159.23,-11.36,-1.009,SL,17,1114.53
2020-07-08 05:00:00,2020-07-08 09:00:00,BUY,3155.35,3136.1,-11.23,-1.008,SL,4,1103.3
2020-07-09 01:00:00,2020-07-09 17:00:00,BUY,3176.05,3152.92,-11.11,-1.007,SL,16,1092.19
2020-07-10 23:00:00,2020-07-13 17:00:00,BUY,3189.15,3220.09,13.59,1.244,TP,17,1105.78
2020-07-14 10:00:00,2020-07-14 16:00:00,BUY,3156.75,3131.85,-11.12,-1.006,SL,6,1094.66
2020-07-15 09:00:00,2020-07-16 10:00:00,BUY,3214.15,3207.95,-2.68,-0.245,TIME,24,1091.98
2020-07-16 23:00:00,2020-07-17 22:00:00,BUY,3204.15,3233.52,13.58,1.244,TP,22,1105.56
2020-07-20 12:00:00,2020-07-20 18:00:00,BUY,3217.85,3238.84,13.72,1.241,TP,6,1119.28
2020-07-21 07:00:00,2020-07-21 14:00:00,BUY,3262.55,3280.92,13.88,1.24,TP,7,1133.15
2020-07-22 07:00:00,2020-07-22 11:00:00,BUY,3261.25,3244.48,-11.43,-1.009,SL,4,1121.72
2020-07-23 02:00:00,2020-07-23 20:00:00,BUY,3268.95,3249.37,-11.3,-1.008,SL,18,1110.42
2020-07-28 07:00:00,2020-07-28 13:00:00,BUY,3243.25,3227.19,-11.21,-1.009,SL,6,1099.21
2020-07-29 23:00:00,2020-07-30 10:00:00,BUY,3264.65,3246.51,-11.08,-1.008,SL,10,1088.12
2020-07-31 02:00:00,2020-07-31 16:00:00,BUY,3275.05,3249.01,-10.94,-1.006,SL,14,1077.18
2020-08-03 08:00:00,2020-08-03 17:00:00,BUY,3271.65,3298.42,13.39,1.243,TP,9,1090.57
2020-08-04 06:00:00,2020-08-04 15:00:00,BUY,3293.95,3278.62,-11.01,-1.01,SL,9,1079.56
2020-08-05 04:00:00,2020-08-05 10:00:00,BUY,3302.55,3320.67,13.38,1.24,TP,6,1092.94
2020-08-06 14:00:00,2020-08-06 17:00:00,BUY,3312.35,3330.19,13.55,1.24,TP,3,1106.49
2020-08-07 11:00:00,2020-08-10 08:00:00,BUY,3338.55,3358.31,13.73,1.241,TP,20,1120.22
2020-08-11 01:00:00,2020-08-11 10:00:00,BUY,3355.75,3375.87,13.9,1.241,TP,9,1134.11
2020-08-12 03:00:00,2020-08-12 12:00:00,BUY,3336.75,3363.89,14.1,1.243,TP,9,1148.21
2020-08-13 07:00:00,2020-08-14 08:00:00,BUY,3375.75,3380.15,3.34,0.29,TIME,24,1151.55
2020-08-14 20:00:00,2020-08-14 22:00:00,BUY,3378.75,3363.41,-11.63,-1.01,SL,2,1139.92
2020-08-17 12:00:00,2020-08-18 13:00:00,BUY,3377.45,3391.45,13.0,1.14,TIME,24,1152.92
2020-08-19 03:00:00,2020-08-19 22:00:00,BUY,3391.55,3380.63,-11.69,-1.014,SL,19,1141.23
2020-08-20 19:00:00,2020-08-21 15:00:00,BUY,3377.15,3360.87,-11.52,-1.009,SL,19,1129.71
2020-08-24 08:00:00,2020-08-24 13:00:00,BUY,3408.35,3423.23,13.98,1.238,TP,5,1143.69
2020-08-25 11:00:00,2020-08-25 17:00:00,BUY,3443.25,3431.46,-11.58,-1.013,SL,6,1132.11
2020-08-26 11:00:00,2020-08-26 18:00:00,BUY,3447.85,3461.02,13.99,1.236,TP,7,1146.1
2020-08-28 05:00:00,2020-08-28 10:00:00,BUY,3510.15,3490.58,-11.55,-1.008,SL,5,1134.55
2020-09-01 16:00:00,2020-09-01 22:00:00,BUY,3506.75,3525.81,14.07,1.24,TP,6,1148.62
2020-09-03 12:00:00,2020-09-03 17:00:00,BUY,3566.65,3549.35,-11.59,-1.009,SL,5,1137.03
2020-09-07 01:00:00,2020-09-08 06:00:00,BUY,3405.25,3430.15,4.96,0.436,TIME,24,1141.99
2020-09-10 18:00:00,2020-09-10 21:00:00,BUY,3394.55,3359.18,-11.47,-1.004,SL,3,1130.52
2020-09-14 01:00:00,2020-09-15 02:00:00,BUY,3357.05,3384.35,8.22,0.727,TIME,24,1138.74
2020-09-15 16:00:00,2020-09-15 22:00:00,BUY,3414.65,3395.69,-11.48,-1.008,SL,6,1127.27
2020-09-16 11:00:00,2020-09-16 17:00:00,BUY,3418.95,3402.86,-11.38,-1.009,SL,6,1115.89
2020-09-18 11:00:00,2020-09-18 18:00:00,BUY,3360.15,3334.53,-11.22,-1.006,SL,7,1104.66
2020-09-21 16:00:00,2020-09-21 17:00:00,BUY,3264.15,3229.29,-11.09,-1.004,SL,1,1093.57
2020-09-22 10:00:00,2020-09-22 22:00:00,BUY,3278.35,3314.66,13.61,1.245,TP,12,1107.18
2020-09-24 19:00:00,2020-09-25 13:00:00,BUY,3262.25,3226.09,-11.12,-1.004,SL,17,1096.06
2020-09-28 08:00:00,2020-09-28 17:00:00,BUY,3322.25,3350.15,13.63,1.243,TP,9,1109.69
2020-09-29 09:00:00,2020-09-29 17:00:00,BUY,3358.95,3340.69,-11.19,-1.008,SL,8,1098.5
2020-09-30 12:00:00,2020-09-30 16:00:00,BUY,3317.85,3349.67,13.67,1.244,TP,4,1112.17
2020-10-01 05:00:00,2020-10-02 06:00:00,BUY,3380.55,3372.45,-2.95,-0.265,TIME,24,1109.22
2020-10-05 10:00:00,2020-10-05 18:00:00,BUY,3362.65,3396.16,13.8,1.244,TP,8,1123.02
2020-10-06 07:00:00,2020-10-06 21:00:00,BUY,3405.65,3387.57,-11.32,-1.008,SL,14,1111.7
2020-10-07 10:00:00,2020-10-07 20:00:00,BUY,3384.85,3415.72,13.83,1.244,TP,10,1125.52
2020-10-08 10:00:00,2020-10-09 01:00:00,BUY,3434.05,3456.16,13.97,1.242,TP,14,1139.5
2020-10-09 14:00:00,2020-10-09 18:00:00,BUY,3461.45,3478.48,14.12,1.239,TP,4,1153.62
2020-10-14 13:00:00,2020-10-14 19:00:00,BUY,3506.55,3486.08,-11.62,-1.007,SL,6,1142.0
2020-10-15 08:00:00,2020-10-15 11:00:00,BUY,3479.45,3458.06,-11.5,-1.007,SL,3,1130.5
2020-10-16 01:00:00,2020-10-16 17:00:00,BUY,3485.05,3512.84,14.06,1.243,TP,16,1144.55
2020-10-19 07:00:00,2020-10-19 17:00:00,BUY,3493.75,3475.16,-11.54,-1.008,SL,10,1133.01
2020-10-20 06:00:00,2020-10-20 20:00:00,BUY,3446.15,3472.46,14.08,1.243,TP,14,1147.09
2020-10-21 09:00:00,2020-10-21 11:00:00,BUY,3461.95,3439.38,-11.55,-1.007,SL,2,1135.55
2020-10-22 15:00:00,2020-10-22 22:00:00,BUY,3432.95,3460.45,14.12,1.243,TP,7,1149.66
2020-10-26 09:00:00,2020-10-26 17:00:00,BUY,3434.65,3416.67,-11.59,-1.008,SL,8,1138.07
2020-10-27 09:00:00,2020-10-27 17:00:00,BUY,3413.25,3394.13,-11.47,-1.008,SL,8,1126.6
2020-10-30 16:00:00,2020-10-30 17:00:00,BUY,3287.15,3251.31,-11.31,-1.004,SL,1,1115.29
2020-11-02 08:00:00,2020-11-02 12:00:00,BUY,3276.35,3323.47,13.9,1.246,TP,4,1129.18
2020-11-04 07:00:00,2020-11-04 09:00:00,BUY,3392.35,3336.52,-11.32,-1.003,SL,2,1117.86
2020-11-05 15:00:00,2020-11-06 16:00:00,BUY,3500.85,3488.75,-3.46,-0.31,TIME,24,1114.4
2020-11-09 11:00:00,2020-11-09 13:00:00,BUY,3556.75,3592.03,13.87,1.245,TP,2,1128.27
2020-11-10 08:00:00,2020-11-11 09:00:00,BUY,3540.55,3548.55,2.02,0.179,TIME,24,1130.29
2020-11-12 07:00:00,2020-11-12 19:00:00,BUY,3554.55,3529.75,-11.37,-1.006,SL,12,1118.92
2020-11-13 08:00:00,2020-11-13 20:00:00,BUY,3544.35,3574.6,13.92,1.244,TP,12,1132.84
2020-11-17 16:00:00,2020-11-17 18:00:00,BUY,3588.25,3611.37,14.07,1.242,TP,2,1146.91
2020-11-18 07:00:00,2020-11-18 13:00:00,BUY,3597.65,3621.85,14.25,1.242,TP,6,1161.15
2020-11-19 08:00:00,2020-11-19 10:00:00,BUY,3575.25,3554.71,-11.7,-1.007,SL,2,1149.46
2020-11-20 09:00:00,2020-11-23 10:00:00,BUY,3565.45,3581.25,8.82,0.767,TIME,24,1158.28
2020-11-24 05:00:00,2020-11-24 18:00:00,BUY,3606.75,3632.3,14.39,1.243,TP,13,1172.67
2020-11-25 07:00:00,2020-11-26 08:00:00,BUY,3635.55,3638.45,1.87,0.16,TIME,24,1174.55
2020-11-27 01:00:00,2020-11-27 10:00:00,BUY,3622.35,3638.15,14.54,1.238,TP,9,1189.09
2020-11-30 09:00:00,2020-11-30 16:00:00,BUY,3615.55,3635.21,14.75,1.241,TP,7,1203.84
2020-12-01 05:00:00,2020-12-02 06:00:00,BUY,3656.25,3653.35,-1.73,-0.143,TIME,24,1202.11
2020-12-03 10:00:00,2020-12-03 17:00:00,BUY,3663.85,3680.08,14.89,1.239,TP,7,1217.0
2020-12-07 10:00:00,2020-12-07 17:00:00,BUY,3676.55,3695.34,15.09,1.24,TP,7,1232.1
2020-12-08 06:00:00,2020-12-08 13:00:00,BUY,3682.25,3669.06,-12.46,-1.012,SL,7,1219.63
2020-12-10 07:00:00,2020-12-10 15:00:00,BUY,3671.75,3655.62,-12.31,-1.009,SL,8,1207.32
2020-12-14 04:00:00,2020-12-14 21:00:00,BUY,3680.15,3660.8,-12.17,-1.008,SL,17,1195.15
2020-12-16 08:00:00,2020-12-16 22:00:00,BUY,3694.65,3710.56,14.8,1.238,TP,14,1209.95
2020-12-17 13:00:00,2020-12-17 18:00:00,BUY,3720.95,3709.83,-12.26,-1.014,SL,5,1197.69
2020-12-18 08:00:00,2020-12-18 11:00:00,BUY,3715.35,3727.8,14.79,1.235,TP,3,1212.48
2020-12-21 03:00:00,2020-12-21 11:00:00,BUY,3709.25,3685.87,-12.2,-1.006,SL,8,1200.28
2020-12-22 08:00:00,2020-12-23 09:00:00,BUY,3674.85,3691.15,6.95,0.579,TIME,24,1207.22
2020-12-24 10:00:00,2020-12-28 01:00:00,BUY,3698.75,3714.91,14.95,1.239,TP,11,1222.18
2020-12-28 13:00:00,2020-12-29 02:00:00,BUY,3730.45,3744.89,15.12,1.237,TP,12,1237.3
2020-12-30 02:00:00,2020-12-30 07:00:00,BUY,3728.15,3744.78,15.33,1.239,TP,5,1252.62
2020-12-30 19:00:00,2020-12-31 11:00:00,BUY,3736.55,3724.01,-12.68,-1.012,SL,15,1239.95
2021-01-04 13:00:00,2021-01-04 16:00:00,BUY,3775.15,3760.98,-12.53,-1.011,SL,3,1227.41
2021-01-05 08:00:00,2021-01-05 15:00:00,BUY,3708.95,3685.05,-12.35,-1.006,SL,7,1215.06
2021-01-07 06:00:00,2021-01-07 17:00:00,BUY,3766.55,3804.38,15.13,1.245,TP,11,1230.19
2021-01-08 10:00:00,2021-01-08 20:00:00,BUY,3814.95,3796.6,-12.4,-1.008,SL,10,1217.79
2021-01-11 09:00:00,2021-01-11 16:00:00,BUY,3804.35,3784.59,-12.27,-1.008,SL,7,1205.52
2021-01-12 07:00:00,2021-01-12 19:00:00,BUY,3804.35,3784.03,-12.14,-1.007,SL,12,1193.37
2021-01-13 08:00:00,2021-01-13 13:00:00,BUY,3809.15,3792.97,-12.05,-1.009,SL,5,1181.33
2021-01-14 07:00:00,2021-01-14 22:00:00,BUY,3818.85,3803.63,-11.93,-1.01,SL,15,1169.4
2021-01-18 10:00:00,2021-01-19 02:00:00,BUY,3760.85,3783.89,14.52,1.242,TP,11,1183.92
2021-01-20 07:00:00,2021-01-20 16:00:00,BUY,3802.25,3819.68,14.67,1.239,TP,9,1198.59
2021-01-21 10:00:00,2021-01-21 16:00:00,BUY,3858.45,3845.09,-12.12,-1.011,SL,6,1186.47
2021-01-22 07:00:00,2021-01-22 10:00:00,BUY,3843.05,3828.83,-11.99,-1.011,SL,3,1174.48
2021-01-22 22:00:00,2021-01-25 18:00:00,BUY,3840.65,3823.21,-11.85,-1.009,SL,19,1162.63
2021-01-26 07:00:00,2021-01-26 13:00:00,BUY,3834.75,3859.81,14.45,1.243,TP,6,1177.08
2021-01-27 03:00:00,2021-01-27 13:00:00,BUY,3848.55,3829.05,-11.86,-1.008,SL,10,1165.22
2021-01-28 02:00:00,2021-01-28 16:00:00,BUY,3734.05,3790.27,14.53,1.247,TP,14,1179.74
2021-02-01 01:00:00,2021-02-01 11:00:00,BUY,3684.35,3749.61,14.71,1.247,TP,10,1194.46
2021-02-02 05:00:00,2021-02-02 17:00:00,BUY,3794.45,3832.14,14.87,1.245,TP,12,1209.33
2021-02-03 06:00:00,2021-02-03 17:00:00,BUY,3839.35,3818.22,-12.18,-1.007,SL,11,1197.15
2021-02-04 06:00:00,2021-02-04 16:00:00,BUY,3823.55,3846.48,14.87,1.242,TP,10,1212.01
2021-02-11 04:00:00,2021-02-11 19:00:00,BUY,3910.35,3892.73,-12.22,-1.009,SL,15,1199.79
2021-02-12 08:00:00,2021-02-12 22:00:00,BUY,3910.05,3928.03,14.87,1.24,TP,14,1214.66
2021-02-15 11:00:00,2021-02-16 16:00:00,BUY,3953.45,3941.88,-12.31,-1.013,SL,24,1202.36
2021-02-17 05:00:00,2021-02-17 15:00:00,BUY,3933.45,3918.65,-12.15,-1.01,SL,10,1190.21
2021-02-18 05:00:00,2021-02-18 13:00:00,BUY,3927.25,3908.71,-12.0,-1.008,SL,8,1178.21
2021-02-19 11:00:00,2021-02-19 21:00:00,BUY,3923.15,3904.34,-11.88,-1.008,SL,10,1166.33
2021-02-22 10:00:00,2021-02-22 20:00:00,BUY,3869.55,3897.34,14.5,1.243,TP,10,1180.84
2021-02-23 09:00:00,2021-02-23 11:00:00,BUY,3895.15,3875.71,-11.9,-1.008,SL,2,1168.94
2021-02-24 23:00:00,2021-02-25 17:00:00,BUY,3927.45,3896.92,-11.75,-1.005,SL,17,1157.19
2021-03-01 08:00:00,2021-03-01 17:00:00,BUY,3841.85,3886.45,14.42,1.246,TP,9,1171.6
2021-03-03 13:00:00,2021-03-03 15:00:00,BUY,3894.35,3874.93,-11.81,-1.008,SL,2,1159.8
2021-03-05 10:00:00,2021-03-05 16:00:00,BUY,3756.15,3807.45,14.46,1.246,TP,6,1174.25
2021-03-08 07:00:00,2021-03-09 08:00:00,BUY,3830.85,3839.75,2.45,0.208,TIME,24,1176.7
2021-03-10 07:00:00,2021-03-10 16:00:00,BUY,3866.35,3895.67,14.63,1.244,TP,9,1191.33
2021-03-11 06:00:00,2021-03-11 18:00:00,BUY,3916.65,3946.96,14.82,1.244,TP,12,1206.15
2021-03-12 09:00:00,2021-03-15 01:00:00,BUY,3926.25,3949.09,14.98,1.242,TP,15,1221.13
2021-03-17 14:00:00,2021-03-17 21:00:00,BUY,3948.7,3965.65,15.13,1.239,TP,7,1236.26
2021-03-18 10:00:00,2021-03-18 14:00:00,BUY,3962.6,3943.54,-12.46,-1.008,SL,4,1223.8
2021-03-19 09:00:00,2021-03-19 16:00:00,BUY,3920.7,3897.36,-12.32,-1.006,SL,7,1211.48
2021-03-22 10:00:00,2021-03-22 16:00:00,BUY,3903.4,3929.26,15.06,1.243,TP,6,1226.54
2021-03-24 08:00:00,2021-03-24 14:00:00,BUY,3906.9,3929.03,15.23,1.242,TP,6,1241.77
2021-03-25 12:00:00,2021-03-25 14:00:00,BUY,3899.3,3880.59,-12.52,-1.008,SL,2,1229.25
2021-03-26 22:00:00,2021-03-29 08:00:00,BUY,3974.0,3946.69,-12.36,-1.006,SL,9,1216.89
2021-03-29 23:00:00,2021-03-30 16:00:00,BUY,3974.0,3950.37,-12.25,-1.006,SL,16,1204.64
2021-03-31 05:00:00,2021-03-31 17:00:00,BUY,3958.7,3981.26,14.96,1.242,TP,12,1219.6
2021-04-08 23:00:00,2021-04-09 15:00:00,BUY,4107.7,4095.6,-12.35,-1.013,SL,15,1207.25
2021-04-15 17:00:00,2021-04-16 15:00:00,BUY,4161.9,4177.59,14.95,1.238,TP,21,1222.2
2021-04-20 10:00:00,2021-04-20 12:00:00,BUY,4169.0,4157.2,-12.38,-1.013,SL,2,1209.82
2021-04-21 04:00:00,2021-04-21 17:00:00,BUY,4126.2,4148.15,15.02,1.242,TP,13,1224.84
2021-04-22 08:00:00,2021-04-22 17:00:00,BUY,4171.4,4157.47,-12.38,-1.011,SL,9,1212.46
2021-04-23 13:00:00,2021-04-23 17:00:00,BUY,4145.6,4164.36,15.04,1.24,TP,4,1227.49
2021-04-26 08:00:00,2021-04-27 08:00:00,BUY,4180.4,4197.05,15.21,1.239,TP,23,1242.7
2021-04-27 21:00:00,2021-04-28 22:00:00,BUY,4188.6,4185.6,-3.09,-0.249,TIME,24,1239.61
2021-04-29 18:00:00,2021-04-29 21:00:00,BUY,4187.5,4205.36,15.37,1.24,TP,3,1254.97
2021-04-30 10:00:00,2021-04-30 13:00:00,BUY,4201.5,4188.36,-12.69,-1.012,SL,3,1242.28
2021-05-03 06:00:00,2021-05-04 04:00:00,BUY,4196.2,4181.73,-12.55,-1.01,SL,21,1229.73
2021-05-04 17:00:00,2021-05-04 22:00:00,BUY,4143.95,4167.3,15.27,1.242,TP,5,1245.0
2021-05-06 09:00:00,2021-05-06 17:00:00,BUY,4172.5,4156.99,-12.57,-1.01,SL,8,1232.43
2021-05-07 07:00:00,2021-05-07 17:00:00,BUY,4207.0,4228.67,15.3,1.241,TP,10,1247.73
2021-05-10 23:00:00,2021-05-11 04:00:00,BUY,4181.9,4162.38,-12.57,-1.008,SL,4,1235.15
2021-05-14 08:00:00,2021-05-14 19:00:00,BUY,4135.9,4168.78,15.37,1.244,TP,11,1250.52
2021-05-17 08:00:00,2021-05-17 20:00:00,BUY,4166.8,4146.56,-12.6,-1.007,SL,12,1237.92
2021-05-18 10:00:00,2021-05-18 16:00:00,BUY,4180.0,4164.1,-12.5,-1.01,SL,6,1225.43
2021-05-19 05:00:00,2021-05-19 12:00:00,BUY,4110.7,4089.35,-12.34,-1.007,SL,7,1213.09
2021-05-21 03:00:00,2021-05-24 01:00:00,BUY,4169.1,4147.2,-12.21,-1.007,SL,21,1200.87
2021-05-24 13:00:00,2021-05-24 17:00:00,BUY,4175.3,4195.56,14.9,1.241,TP,4,1215.77
2021-05-26 03:00:00,2021-05-26 16:00:00,BUY,4201.5,4187.94,-12.29,-1.011,SL,13,1203.48
2021-05-27 05:00:00,2021-05-27 16:00:00,BUY,4189.4,4204.23,14.89,1.237,TP,11,1218.37
2021-05-28 16:00:00,2021-05-31 12:00:00,BUY,4214.45,4203.65,-12.36,-1.014,SL,19,1206.02
2021-06-01 05:00:00,2021-06-01 10:00:00,BUY,4202.1,4213.15,14.87,1.233,TP,5,1220.89
2021-06-02 02:00:00,2021-06-02 18:00:00,BUY,4198.1,4215.08,15.13,1.239,TP,16,1236.02
2021-06-03 07:00:00,2021-06-03 11:00:00,BUY,4210.3,4199.5,-12.53,-1.014,SL,4,1223.48
2021-06-04 07:00:00,2021-06-04 16:00:00,BUY,4194.1,4212.46,15.17,1.24,TP,9,1238.65
2021-06-07 21:00:00,2021-06-08 18:00:00,BUY,4222.65,4210.19,-12.54,-1.012,SL,20,1226.11
2021-06-09 07:00:00,2021-06-10 08:00:00,BUY,4227.1,4222.6,-4.96,-0.404,TIME,24,1221.15
2021-06-11 01:00:00,2021-06-14 02:00:00,BUY,4239.6,4249.3,7.61,0.624,TIME,24,1228.77
2021-06-14 14:00:00,2021-06-14 17:00:00,BUY,4247.0,4237.77,-12.49,-1.017,SL,3,1216.28
2021-06-15 12:00:00,2021-06-15 17:00:00,BUY,4257.2,4247.31,-12.35,-1.015,SL,5,1203.93
2021-06-16 06:00:00,2021-06-16 19:00:00,BUY,4248.1,4238.63,-12.23,-1.016,SL,13,1191.69
2021-06-17 09:00:00,2021-06-17 16:00:00,BUY,4207.1,4226.15,14.78,1.24,TP,7,1206.47
2021-06-18 07:00:00,2021-06-18 14:00:00,BUY,4225.7,4210.23,-12.18,-1.01,SL,7,1194.29
2021-06-21 14:00:00,2021-06-21 17:00:00,BUY,4181.9,4207.24,14.84,1.243,TP,3,1209.13
2021-06-22 06:00:00,2021-06-22 22:00:00,BUY,4230.7,4249.85,15.0,1.24,TP,16,1224.13
2021-06-23 14:00:00,2021-06-24 11:00:00,BUY,4247.3,4261.59,15.14,1.237,TP,20,1239.27
2021-06-25 23:00:00,2021-06-28 20:00:00,BUY,4284.95,4275.01,-12.58,-1.015,SL,20,1226.69
2021-06-30 12:00:00,2021-06-30 17:00:00,BUY,4284.8,4296.28,15.14,1.234,TP,5,1241.83
2021-07-01 07:00:00,2021-07-01 13:00:00,BUY,4305.0,4296.1,-12.63,-1.017,SL,6,1229.19
2021-07-02 07:00:00,2021-07-02 15:00:00,BUY,4322.5,4333.42,15.16,1.233,TP,8,1244.35
2021-07-07 03:00:00,2021-07-07 16:00:00,BUY,4339.6,4355.15,15.41,1.238,TP,13,1259.76
2021-07-08 07:00:00,2021-07-08 09:00:00,BUY,4350.3,4338.13,-12.75,-1.012,SL,2,1247.0
2021-07-09 04:00:00,2021-07-09 11:00:00,BUY,4306.4,4334.06,15.5,1.243,TP,7,1262.51
2021-07-09 23:00:00,2021-07-12 10:00:00,BUY,4370.4,4353.85,-12.74,-1.009,SL,10,1249.76
2021-07-14 02:00:00,2021-07-14 15:00:00,BUY,4364.0,4382.15,15.49,1.24,TP,13,1265.26
2021-07-15 04:00:00,2021-07-15 14:00:00,BUY,4370.5,4354.7,-12.77,-1.01,SL,10,1252.48
2021-07-16 03:00:00,2021-07-16 15:00:00,BUY,4348.8,4370.72,15.55,1.242,TP,12,1268.03
2021-07-19 04:00:00,2021-07-19 14:00:00,BUY,4306.5,4287.94,-12.78,-1.008,SL,10,1255.25
2021-07-20 08:00:00,2021-07-20 17:00:00,BUY,4273.1,4301.5,15.61,1.243,TP,9,1270.86
2021-07-21 10:00:00,2021-07-22 10:00:00,BUY,4340.9,4366.45,15.79,1.243,TP,23,1286.65
2021-07-23 09:00:00,2021-07-23 17:00:00,BUY,4381.4,4394.62,15.9,1.236,TP,8,1302.55
2021-07-28 06:00:00,2021-07-29 07:00:00,BUY,4397.2,4395.4,-1.19,-0.091,TIME,24,1301.37
2021-07-29 23:00:00,2021-07-30 03:00:00,BUY,4404.35,4388.46,-13.14,-1.01,SL,3,1288.23
2021-07-30 17:00:00,2021-08-02 08:00:00,BUY,4398.15,4422.09,16.0,1.242,TP,14,1304.23
2021-08-03 12:00:00,2021-08-03 16:00:00,BUY,4402.8,4389.82,-13.19,-1.012,SL,4,1291.04
2021-08-04 10:00:00,2021-08-04 17:00:00,BUY,4416.9,4404.75,-13.07,-1.013,SL,7,1277.97
2021-08-05 09:00:00,2021-08-05 12:00:00,BUY,4402.5,4415.44,15.79,1.236,TP,3,1293.76
2021-08-06 02:00:00,2021-08-06 16:00:00,BUY,4424.3,4437.56,15.99,1.236,TP,14,1309.75
2021-08-09 09:00:00,2021-08-09 16:00:00,BUY,4424.7,4436.08,16.16,1.234,TP,7,1325.91
2021-08-11 03:00:00,2021-08-11 15:00:00,BUY,4432.3,4444.53,16.37,1.235,TP,12,1342.28
2021-08-12 08:00:00,2021-08-12 17:00:00,BUY,4444.1,4436.92,-13.71,-1.021,SL,9,1328.57
2021-08-13 06:00:00,2021-08-13 22:00:00,BUY,4459.6,4468.82,16.34,1.23,TP,16,1344.91
2021-08-16 13:00:00,2021-08-16 16:00:00,BUY,4457.5,4448.03,-13.67,-1.016,SL,3,1331.25
2021-08-17 11:00:00,2021-08-17 16:00:00,BUY,4460.0,4448.49,-13.49,-1.013,SL,5,1317.76
2021-08-18 09:00:00,2021-08-18 16:00:00,BUY,4449.9,4435.59,-13.32,-1.011,SL,7,1304.44
2021-08-19 05:00:00,2021-08-19 09:00:00,BUY,4397.1,4377.94,-13.15,-1.008,SL,4,1291.29
2021-08-19 21:00:00,2021-08-20 19:00:00,BUY,4404.15,4441.59,16.08,1.245,TP,21,1307.37
2021-08-23 08:00:00,2021-08-23 17:00:00,BUY,4454.7,4474.68,16.22,1.241,TP,9,1323.59
2021-08-25 04:00:00,2021-08-25 18:00:00,BUY,4485.3,4496.45,16.33,1.233,TP,14,1339.92
2021-08-26 07:00:00,2021-08-26 17:00:00,BUY,4490.7,4482.82,-13.66,-1.019,SL,10,1326.26
2021-08-27 06:00:00,2021-08-27 17:00:00,BUY,4479.1,4493.51,16.41,1.237,TP,11,1342.66
2021-09-01 16:00:00,2021-09-02 16:00:00,BUY,4526.25,4538.87,16.59,1.235,TP,23,1359.25
2021-09-03 10:00:00,2021-09-03 15:00:00,BUY,4545.2,4535.39,-13.8,-1.016,SL,5,1345.45
2021-09-07 16:00:00,2021-09-07 17:00:00,BUY,4522.75,4512.57,-13.66,-1.015,SL,1,1331.79
2021-09-08 09:00:00,2021-09-08 10:00:00,BUY,4517.7,4506.94,-13.51,-1.014,SL,1,1318.29
2021-09-09 01:00:00,2021-09-09 08:00:00,BUY,4510.0,4493.73,-13.31,-1.009,SL,7,1304.98
2021-09-10 06:00:00,2021-09-10 17:00:00,BUY,4501.4,4485.3,-13.17,-1.009,SL,11,1291.81
2021-09-13 06:00:00,2021-09-13 16:00:00,BUY,4467.5,4489.31,16.04,1.241,TP,10,1307.84
2021-09-15 14:00:00,2021-09-15 19:00:00,BUY,4448.2,4467.77,16.22,1.24,TP,5,1324.07
2021-09-16 08:00:00,2021-09-16 16:00:00,BUY,4478.0,4463.3,-13.38,-1.01,SL,8,1310.69
2021-09-17 05:00:00,2021-09-17 16:00:00,BUY,4471.6,4454.92,-13.23,-1.009,SL,11,1297.47
2021-09-20 23:00:00,2021-09-21 10:00:00,BUY,4354.2,4398.65,16.16,1.246,TP,10,1313.63
2021-09-22 09:00:00,2021-09-22 21:00:00,BUY,4378.1,4415.75,16.36,1.245,TP,12,1329.98
2021-09-23 11:00:00,2021-09-23 16:00:00,BUY,4426.8,4406.56,-13.4,-1.007,SL,5,1316.58
2021-09-24 12:00:00,2021-09-24 17:00:00,BUY,4428.5,4453.12,16.36,1.242,TP,5,1332.94
2021-09-27 07:00:00,2021-09-27 13:00:00,BUY,4473.0,4455.67,-13.45,-1.009,SL,6,1319.5
2021-09-28 03:00:00,2021-09-28 10:00:00,BUY,4435.2,4416.11,-13.3,-1.008,SL,7,1306.2
2021-09-29 15:00:00,2021-09-30 16:00:00,BUY,4371.5,4373.35,0.93,0.071,TIME,24,1307.13
2021-10-01 15:00:00,2021-10-01 21:00:00,BUY,4319.3,4358.57,16.28,1.245,TP,6,1323.41
2021-10-04 10:00:00,2021-10-04 17:00:00,BUY,4335.8,4302.71,-13.29,-1.005,SL,7,1310.11
2021-10-05 08:00:00,2021-10-05 17:00:00,BUY,4303.3,4339.88,16.31,1.245,TP,9,1326.42
2021-10-06 18:00:00,2021-10-06 23:00:00,BUY,4325.45,4366.55,16.52,1.245,TP,5,1342.94
2021-10-07 12:00:00,2021-10-07 17:00:00,BUY,4391.3,4421.99,16.71,1.244,TP,5,1359.65
2021-10-08 06:00:00,2021-10-11 01:00:00,BUY,4401.7,4380.89,-13.7,-1.007,SL,18,1345.95
2021-10-11 13:00:00,2021-10-11 16:00:00,BUY,4370.5,4398.97,16.74,1.243,TP,3,1362.69
2021-10-12 05:00:00,2021-10-13 06:00:00,BUY,4344.4,4343.9,-0.27,-0.02,TIME,24,1362.42
2021-10-14 09:00:00,2021-10-14 17:00:00,BUY,4390.9,4414.73,16.92,1.242,TP,8,1379.34
2021-10-15 16:00:00,2021-10-18 10:00:00,BUY,4466.15,4450.57,-13.93,-1.01,SL,17,1365.41
2021-10-20 08:00:00,2021-10-20 16:00:00,BUY,4517.3,4531.88,16.89,1.237,TP,8,1382.31
2021-10-21 05:00:00,2021-10-21 08:00:00,BUY,4535.0,4522.0,-13.98,-1.012,SL,3,1368.32
2021-10-21 20:00:00,2021-10-21 22:00:00,BUY,4532.65,4549.96,16.96,1.239,TP,2,1385.28
2021-10-22 11:00:00,2021-10-22 18:00:00,BUY,4548.1,4534.78,-14.01,-1.011,SL,7,1371.27
2021-10-27 22:00:00,2021-10-28 16:00:00,BUY,4552.65,4576.08,17.03,1.242,TP,17,1388.3
2021-10-29 08:00:00,2021-10-29 18:00:00,BUY,4575.4,4593.43,17.21,1.24,TP,10,1405.51
2021-11-01 11:00:00,2021-11-01 16:00:00,BUY,4622.4,4607.98,-14.2,-1.011,SL,5,1391.31
2021-11-04 07:00:00,2021-11-04 16:00:00,BUY,4660.7,4674.43,17.2,1.236,TP,9,1408.51
2021-11-05 05:00:00,2021-11-05 15:00:00,BUY,4679.7,4695.61,17.44,1.238,TP,10,1425.95
2021-11-10 01:00:00,2021-11-10 20:00:00,BUY,4678.0,4660.51,-14.38,-1.009,SL,19,1411.57
2021-11-11 09:00:00,2021-11-12 10:00:00,BUY,4654.5,4654.6,0.08,0.006,TIME,24,1411.65
2021-11-17 11:00:00,2021-11-17 16:00:00,BUY,4699.2,4687.73,-14.3,-1.013,SL,5,1397.35
2021-11-18 05:00:00,2021-11-18 17:00:00,BUY,4693.0,4680.89,-14.15,-1.013,SL,12,1383.2
2021-11-19 10:00:00,2021-11-19 11:00:00,BUY,4721.0,4708.72,-14.0,-1.012,SL,1,1369.2
2021-11-19 23:00:00,2021-11-22 16:00:00,BUY,4701.7,4724.96,17.01,1.242,TP,16,1386.2
2021-11-23 05:00:00,2021-11-23 10:00:00,BUY,4682.0,4660.0,-13.96,-1.007,SL,5,1372.25
2021-11-24 12:00:00,2021-11-24 22:00:00,BUY,4672.0,4699.05,17.06,1.243,TP,10,1389.3
2021-11-25 11:00:00,2021-11-26 01:00:00,BUY,4713.5,4698.84,-14.04,-1.01,SL,9,1375.27
2021-11-26 13:00:00,2021-11-26 18:00:00,BUY,4618.1,4592.45,-13.83,-1.006,SL,5,1361.43
2021-11-29 10:00:00,2021-11-29 19:00:00,BUY,4630.4,4670.08,16.95,1.245,TP,9,1378.39
2021-11-30 13:00:00,2021-11-30 17:00:00,BUY,4607.0,4645.96,17.16,1.245,TP,4,1395.55
2021-12-01 15:00:00,2021-12-01 20:00:00,BUY,4624.4,4595.33,-14.03,-1.005,SL,5,1381.52
2021-12-02 16:00:00,2021-12-02 17:00:00,BUY,4563.95,4525.12,-13.87,-1.004,SL,1,1367.66
2021-12-03 15:00:00,2021-12-03 16:00:00,BUY,4594.8,4561.7,-13.74,-1.005,SL,1,1353.92
2021-12-06 09:00:00,2021-12-06 20:00:00,BUY,4560.2,4602.26,16.86,1.246,TP,11,1370.78
2021-12-07 09:00:00,2021-12-07 16:00:00,BUY,4629.0,4662.29,17.06,1.244,TP,7,1387.84
2021-12-08 20:00:00,2021-12-09 21:00:00,BUY,4692.05,4678.75,-7.48,-0.539,TIME,24,1380.36
2021-12-10 10:00:00,2021-12-10 15:00:00,BUY,4681.0,4700.99,17.13,1.241,TP,5,1397.49
2021-12-13 08:00:00,2021-12-13 16:00:00,BUY,4727.8,4710.76,-14.1,-1.009,SL,8,1383.39
2021-12-14 13:00:00,2021-12-14 15:00:00,BUY,4658.0,4638.98,-13.94,-1.008,SL,2,1369.44
2021-12-15 05:00:00,2021-12-15 16:00:00,BUY,4643.6,4620.48,-13.78,-1.007,SL,11,1355.66
2021-12-16 05:00:00,2021-12-16 13:00:00,BUY,4715.4,4750.55,16.87,1.245,TP,8,1372.53
2021-12-17 05:00:00,2021-12-17 16:00:00,BUY,4654.0,4623.76,-13.79,-1.005,SL,11,1358.74
2021-12-20 08:00:00,2021-12-21 09:00:00,BUY,4564.0,4600.3,12.89,0.949,TIME,24,1371.63
2021-12-22 01:00:00,2021-12-22 18:00:00,BUY,4647.3,4684.18,17.08,1.245,TP,17,1388.71
2021-12-29 03:00:00,2021-12-30 04:00:00,BUY,4785.8,4790.1,3.57,0.257,TIME,24,1392.27
2021-12-30 21:00:00,2021-12-30 22:00:00,BUY,4800.15,4787.61,-14.09,-1.012,SL,1,1378.18
2021-12-31 11:00:00,2022-01-03 12:00:00,BUY,4777.5,4794.86,17.08,1.239,TP,21,1395.26
2022-01-05 09:00:00,2022-01-05 20:00:00,BUY,4787.9,4771.46,-14.08,-1.009,SL,11,1381.18
2022-01-06 16:00:00,2022-01-06 19:00:00,BUY,4686.95,4722.86,17.19,1.245,TP,3,1398.38
2022-01-10 01:00:00,2022-01-10 16:00:00,BUY,4666.5,4633.34,-14.05,-1.005,SL,15,1384.33
2022-01-11 06:00:00,2022-01-11 16:00:00,BUY,4670.8,4638.99,-13.91,-1.005,SL,10,1370.42
2022-01-12 05:00:00,2022-01-13 06:00:00,BUY,4717.7,4717.0,-0.38,-0.028,TIME,24,1370.04
2022-01-14 05:00:00,2022-01-14 15:00:00,BUY,4654.4,4625.31,-13.77,-1.005,SL,10,1356.27
2022-01-17 06:00:00,2022-01-18 10:00:00,BUY,4652.7,4620.75,-13.63,-1.005,SL,23,1342.64
2022-01-18 22:00:00,2022-01-19 09:00:00,BUY,4580.95,4546.53,-13.49,-1.004,SL,10,1329.16
2022-01-19 21:00:00,2022-01-19 22:00:00,BUY,4569.55,4534.83,-13.35,-1.004,SL,1,1315.81
2022-01-20 11:00:00,2022-01-20 17:00:00,BUY,4549.2,4587.29,16.38,1.245,TP,6,1332.19
2022-01-21 13:00:00,2022-01-21 17:00:00,BUY,4468.5,4429.61,-13.37,-1.004,SL,4,1318.82
2022-01-24 18:00:00,2022-01-24 21:00:00,BUY,4271.65,4339.8,16.45,1.247,TP,3,1335.27
2022-01-25 11:00:00,2022-01-25 16:00:00,BUY,4383.1,4319.36,-13.38,-1.002,SL,5,1321.88
2022-01-26 05:00:00,2022-01-27 04:00:00,BUY,4372.4,4300.42,-13.25,-1.002,SL,22,1308.64
2022-01-27 17:00:00,2022-01-27 19:00:00,BUY,4405.75,4339.69,-13.12,-1.002,SL,2,1295.52
2022-01-28 11:00:00,2022-01-28 14:00:00,BUY,4329.4,4276.16,-12.99,-1.003,SL,3,1282.53
2022-01-31 04:00:00,2022-01-31 22:00:00,BUY,4437.1,4511.15,16.0,1.247,TP,18,1298.53
2022-02-03 01:00:00,2022-02-03 19:00:00,BUY,4540.4,4505.48,-13.04,-1.004,SL,18,1285.49
2022-02-04 09:00:00,2022-02-04 12:00:00,BUY,4524.0,4493.99,-12.92,-1.005,SL,3,1272.57
2022-02-07 03:00:00,2022-02-08 04:00:00,BUY,4490.5,4488.0,-0.72,-0.057,TIME,24,1271.84
2022-02-09 06:00:00,2022-02-09 17:00:00,BUY,4542.8,4576.04,15.83,1.244,TP,11,1287.67
2022-02-10 18:00:00,2022-02-10 19:00:00,BUY,4573.75,4542.71,-12.94,-1.005,SL,1,1274.73
2022-02-11 16:00:00,2022-02-11 20:00:00,BUY,4503.75,4468.84,-12.8,-1.004,SL,4,1261.93
2022-02-14 09:00:00,2022-02-14 10:00:00,BUY,4427.1,4388.54,-12.67,-1.004,SL,1,1249.26
2022-02-14 22:00:00,2022-02-15 14:00:00,BUY,4401.95,4470.61,15.58,1.247,TP,15,1264.84
2022-02-16 10:00:00,2022-02-16 15:00:00,BUY,4480.6,4453.75,-12.72,-1.006,SL,5,1252.12
2022-02-17 05:00:00,2022-02-17 16:00:00,BUY,4455.8,4427.16,-12.59,-1.005,SL,11,1239.54
2022-02-18 08:00:00,2022-02-18 15:00:00,BUY,4401.7,4373.24,-12.46,-1.005,SL,7,1227.08
2022-02-21 04:00:00,2022-02-21 14:00:00,BUY,4374.2,4329.2,-12.31,-1.003,SL,10,1214.76
2022-02-22 16:00:00,2022-02-22 19:00:00,BUY,4351.05,4303.56,-12.19,-1.003,SL,3,1202.58
2022-02-23 13:00:00,2022-02-23 18:00:00,BUY,4321.3,4284.27,-12.07,-1.004,SL,5,1190.5
2022-02-25 03:00:00,2022-02-25 17:00:00,BUY,4267.3,4346.29,14.85,1.248,TP,14,1205.36
2022-02-28 07:00:00,2022-02-28 17:00:00,BUY,4290.5,4363.56,15.04,1.247,TP,10,1220.39
2022-03-01 11:00:00,2022-03-01 18:00:00,BUY,4347.2,4301.03,-12.24,-1.003,SL,7,1208.15
2022-03-02 07:00:00,2022-03-02 18:00:00,BUY,4324.0,4377.16,15.06,1.246,TP,11,1223.21
2022-03-03 07:00:00,2022-03-03 17:00:00,BUY,4389.6,4355.82,-12.29,-1.004,SL,10,1210.92
2022-03-04 07:00:00,2022-03-04 17:00:00,BUY,4340.1,4290.23,-12.15,-1.003,SL,10,1198.78
2022-03-07 06:00:00,2022-03-07 19:00:00,BUY,4279.4,4233.16,-12.03,-1.003,SL,13,1186.75
2022-03-08 16:00:00,2022-03-08 19:00:00,BUY,4192.05,4255.28,14.8,1.247,TP,3,1201.55
2022-03-09 08:00:00,2022-03-09 16:00:00,BUY,4190.8,4262.42,14.99,1.247,TP,8,1216.54
2022-03-10 08:00:00,2022-03-10 13:00:00,BUY,4269.5,4233.77,-12.22,-1.004,SL,5,1204.32
2022-03-11 02:00:00,2022-03-11 13:00:00,BUY,4255.1,4304.03,15.01,1.246,TP,11,1219.33
2022-03-14 02:00:00,2022-03-14 19:00:00,BUY,4233.0,4191.07,-12.24,-1.004,SL,17,1207.09
2022-03-15 08:00:00,2022-03-15 11:00:00,BUY,4176.3,4142.67,-12.12,-1.004,SL,3,1194.97
2022-03-15 23:00:00,2022-03-16 13:00:00,BUY,4257.4,4313.32,14.9,1.247,TP,13,1209.86
2022-03-17 05:00:00,2022-03-17 22:00:00,BUY,4352.1,4404.31,15.08,1.246,TP,17,1224.94
2022-03-18 12:00:00,2022-03-18 17:00:00,BUY,4385.5,4422.24,15.25,1.245,TP,5,1240.19
2022-03-21 07:00:00,2022-03-21 16:00:00,BUY,4448.7,4480.05,15.43,1.244,TP,9,1255.62
2022-03-23 07:00:00,2022-03-23 12:00:00,BUY,4519.9,4499.23,-12.65,-1.007,SL,5,1242.97
2022-03-25 04:00:00,2022-03-25 18:00:00,BUY,4527.7,4502.88,-12.51,-1.006,SL,14,1230.47
2022-03-30 09:00:00,2022-03-30 18:00:00,BUY,4629.2,4607.71,-12.39,-1.007,SL,9,1218.08
2022-03-31 11:00:00,2022-03-31 16:00:00,BUY,4609.4,4592.13,-12.29,-1.009,SL,5,1205.79
2022-04-04 11:00:00,2022-04-04 18:00:00,BUY,4542.4,4568.32,14.99,1.243,TP,7,1220.77
2022-04-07 03:00:00,2022-04-07 21:00:00,BUY,4467.2,4504.3,15.2,1.245,TP,18,1235.97
2022-04-08 15:00:00,2022-04-08 16:00:00,BUY,4503.3,4479.71,-12.44,-1.006,SL,1,1223.53
2022-04-11 05:00:00,2022-04-11 18:00:00,BUY,4461.7,4433.12,-12.3,-1.005,SL,13,1211.23
2022-04-12 11:00:00,2022-04-12 15:00:00,BUY,4411.8,4443.89,15.07,1.244,TP,4,1226.3
2022-04-13 04:00:00,2022-04-14 05:00:00,BUY,4415.2,4449.9,13.59,1.108,TIME,24,1239.89
2022-04-18 16:00:00,2022-04-19 16:00:00,BUY,4391.95,4420.9,15.42,1.244,TP,23,1255.31
2022-04-20 12:00:00,2022-04-21 11:00:00,BUY,4463.7,4494.61,15.62,1.244,TP,22,1270.93
2022-04-22 03:00:00,2022-04-22 17:00:00,BUY,4373.6,4341.84,-12.77,-1.005,SL,14,1258.16
2022-04-25 19:00:00,2022-04-25 22:00:00,BUY,4232.75,4294.26,15.69,1.247,TP,3,1273.85
2022-04-26 11:00:00,2022-04-26 16:00:00,BUY,4291.0,4255.49,-12.79,-1.004,SL,5,1261.05
2022-04-27 05:00:00,2022-04-28 06:00:00,BUY,4196.0,4214.3,5.04,0.4,TIME,24,1266.09
2022-04-28 18:00:00,2022-04-28 19:00:00,BUY,4217.85,4269.06,15.78,1.246,TP,1,1281.87
2022-04-29 19:00:00,2022-04-29 22:00:00,BUY,4188.45,4143.76,-12.86,-1.003,SL,3,1269.01
2022-05-02 11:00:00,2022-05-02 19:00:00,BUY,4141.5,4098.88,-12.73,-1.004,SL,8,1256.28
2022-05-03 08:00:00,2022-05-04 09:00:00,BUY,4171.9,4183.0,3.38,0.269,TIME,24,1259.66
2022-05-05 05:00:00,2022-05-05 16:00:00,BUY,4292.7,4255.43,-12.65,-1.004,SL,11,1247.01
2022-05-06 16:00:00,2022-05-06 17:00:00,BUY,4073.85,4131.43,15.55,1.247,TP,1,1262.56
2022-05-09 06:00:00,2022-05-09 17:00:00,BUY,4085.5,4034.07,-12.66,-1.003,SL,11,1249.9
2022-05-10 06:00:00,2022-05-10 19:00:00,BUY,4015.0,3966.13,-12.54,-1.003,SL,13,1237.36
2022-05-11 08:00:00,2022-05-11 15:00:00,BUY,4016.0,3973.79,-12.42,-1.004,SL,7,1224.94
2022-05-12 04:00:00,2022-05-12 12:00:00,BUY,3953.3,3895.44,-12.28,-1.003,SL,8,1212.66
2022-05-13 09:00:00,2022-05-13 19:00:00,BUY,3965.2,4025.92,15.12,1.247,TP,10,1227.78
2022-05-16 08:00:00,2022-05-17 09:00:00,BUY,4004.4,4031.2,8.3,0.676,TIME,24,1236.08
2022-05-18 01:00:00,2022-05-18 14:00:00,BUY,4092.8,4056.0,-12.41,-1.004,SL,13,1223.67
2022-05-19 03:00:00,2022-05-19 11:00:00,BUY,3907.8,3868.81,-12.28,-1.004,SL,8,1211.38
2022-05-19 23:00:00,2022-05-20 19:00:00,BUY,3903.0,3846.77,-12.15,-1.003,SL,19,1199.24
2022-05-23 08:00:00,2022-05-24 09:00:00,BUY,3944.3,3921.2,-6.63,-0.553,TIME,24,1192.61
2022-05-26 03:00:00,2022-05-26 18:00:00,BUY,3993.9,4047.48,14.87,1.247,TP,15,1207.47
2022-05-27 07:00:00,2022-05-27 16:00:00,BUY,4053.7,4089.67,15.03,1.245,TP,9,1222.5
2022-05-31 12:00:00,2022-06-01 13:00:00,BUY,4130.8,4130.8,0.0,0.0,TIME,24,1222.5
2022-06-03 02:00:00,2022-06-03 14:00:00,BUY,4182.9,4149.1,-12.28,-1.004,SL,12,1210.23
2022-06-06 09:00:00,2022-06-06 17:00:00,BUY,4134.5,4165.45,15.05,1.244,TP,8,1225.28
2022-06-07 07:00:00,2022-06-07 17:00:00,BUY,4099.7,4134.9,15.25,1.245,TP,10,1240.53
2022-06-09 03:00:00,2022-06-09 21:00:00,BUY,4110.6,4081.45,-12.47,-1.005,SL,18,1228.06
2022-06-10 10:00:00,2022-06-10 15:00:00,BUY,4011.3,3981.7,-12.34,-1.005,SL,5,1215.72
2022-06-13 04:00:00,2022-06-13 16:00:00,BUY,3840.7,3796.83,-12.2,-1.003,SL,12,1203.52
2022-06-15 21:00:00,2022-06-16 10:00:00,BUY,3781.35,3729.76,-12.07,-1.003,SL,12,1191.45
2022-06-17 20:00:00,2022-06-21 02:00:00,BUY,3687.75,3712.9,5.9,0.495,TIME,24,1197.35
2022-06-21 16:00:00,2022-06-22 05:00:00,BUY,3763.15,3734.84,-12.04,-1.005,SL,12,1185.31
2022-06-23 04:00:00,2022-06-23 17:00:00,BUY,3742.9,3793.9,14.77,1.246,TP,13,1200.08
2022-06-24 06:00:00,2022-06-24 17:00:00,BUY,3813.2,3860.25,15.76,1.313,TP,11,1215.84
2022-06-27 12:00:00,2022-06-27 16:00:00,BUY,3930.8,3901.39,-12.22,-1.005,SL,4,1203.62
2022-06-28 09:00:00,2022-06-28 18:00:00,BUY,3916.6,3888.18,-12.1,-1.005,SL,9,1191.52
2022-06-29 09:00:00,2022-06-30 09:00:00,BUY,3812.9,3784.13,-11.98,-1.005,SL,23,1179.54
2022-07-01 01:00:00,2022-07-01 22:00:00,BUY,3774.4,3828.01,14.7,1.247,TP,21,1194.25
2022-07-04 11:00:00,2022-07-05 02:00:00,BUY,3797.8,3837.54,14.87,1.245,TP,10,1209.12
2022-07-05 14:00:00,2022-07-05 16:00:00,BUY,3791.5,3765.57,-12.16,-1.006,SL,2,1196.96
2022-07-06 08:00:00,2022-07-06 21:00:00,BUY,3815.9,3857.05,14.91,1.245,TP,13,1211.86
2022-07-07 12:00:00,2022-07-07 16:00:00,BUY,3851.6,3886.45,15.08,1.245,TP,4,1226.95
2022-07-08 11:00:00,2022-07-08 18:00:00,BUY,3885.3,3911.76,15.25,1.243,TP,7,1242.2
2022-07-11 07:00:00,2022-07-12 03:00:00,BUY,3873.3,3845.79,-12.49,-1.005,SL,19,1229.71
2022-07-12 23:00:00,2022-07-13 15:00:00,BUY,3819.5,3788.13,-12.36,-1.005,SL,15,1217.35
2022-07-14 05:00:00,2022-07-14 11:00:00,BUY,3792.9,3754.58,-12.22,-1.004,SL,6,1205.13
2022-07-15 08:00:00,2022-07-15 16:00:00,BUY,3796.3,3833.6,15.0,1.245,TP,8,1220.13
2022-07-18 05:00:00,2022-07-18 11:00:00,BUY,3872.4,3905.41,15.18,1.244,TP,6,1235.32
2022-07-19 02:00:00,2022-07-19 16:00:00,BUY,3841.7,3875.84,15.37,1.245,TP,14,1250.69
2022-07-22 07:00:00,2022-07-22 20:00:00,BUY,3980.7,3955.02,-12.58,-1.006,SL,13,1238.11
2022-07-29 07:00:00,2022-07-29 21:00:00,BUY,4095.3,4126.71,15.4,1.244,TP,14,1253.51
2022-08-02 11:00:00,2022-08-02 17:00:00,BUY,4092.3,4120.56,15.59,1.243,TP,6,1269.1
2022-08-04 12:00:00,2022-08-04 17:00:00,BUY,4160.0,4141.67,-12.8,-1.008,SL,5,1256.3
2022-08-05 11:00:00,2022-08-05 15:00:00,BUY,4151.3,4134.92,-12.68,-1.009,SL,4,1243.63
2022-08-12 01:00:00,2022-08-12 18:00:00,BUY,4211.8,4241.36,15.47,1.244,TP,17,1259.09
2022-08-15 09:00:00,2022-08-15 14:00:00,BUY,4268.1,4252.43,-12.71,-1.01,SL,5,1246.38
2022-08-18 02:00:00,2022-08-19 03:00:00,BUY,4266.5,4277.3,5.36,0.43,TIME,24,1251.74
2022-08-19 16:00:00,2022-08-22 01:00:00,BUY,4237.55,4213.45,-13.8,-1.103,SL,8,1237.93
2022-08-22 16:00:00,2022-08-22 20:00:00,BUY,4167.95,4146.75,-12.47,-1.007,SL,4,1225.47
2022-08-23 09:00:00,2022-08-23 11:00:00,BUY,4122.9,4148.61,15.23,1.243,TP,2,1240.69
2022-08-23 23:00:00,2022-08-25 01:00:00,BUY,4125.95,4145.5,9.65,0.778,TIME,24,1250.35
2022-08-25 23:00:00,2022-08-26 17:00:00,BUY,4194.35,4166.58,-12.57,-1.005,SL,17,1237.78
2022-08-29 18:00:00,2022-08-30 17:00:00,BUY,4039.45,4005.09,-12.43,-1.004,SL,22,1225.35
2022-08-31 06:00:00,2022-08-31 12:00:00,BUY,4009.5,3980.15,-12.32,-1.005,SL,6,1213.03
2022-09-01 08:00:00,2022-09-01 22:00:00,BUY,3930.6,3966.08,15.1,1.245,TP,14,1228.13
2022-09-05 03:00:00,2022-09-06 08:00:00,BUY,3928.2,3936.7,2.54,0.207,TIME,24,1230.67
2022-09-06 22:00:00,2022-09-07 20:00:00,BUY,3910.75,3958.11,15.33,1.246,TP,21,1246.01
2022-09-08 09:00:00,2022-09-08 15:00:00,BUY,3985.5,3962.89,-12.54,-1.007,SL,6,1233.46
2022-09-09 04:00:00,2022-09-09 17:00:00,BUY,4013.9,4052.49,15.36,1.245,TP,13,1248.82
2022-09-14 14:00:00,2022-09-15 15:00:00,BUY,3924.8,3940.3,6.4,0.513,TIME,24,1255.23
2022-09-16 15:00:00,2022-09-16 23:00:00,BUY,3848.0,3880.26,15.62,1.244,TP,8,1270.84
2022-09-19 16:00:00,2022-09-19 22:00:00,BUY,3863.85,3899.88,15.82,1.245,TP,6,1286.66
2022-09-20 20:00:00,2022-09-20 22:00:00,BUY,3829.45,3868.37,16.02,1.245,TP,2,1302.68
2022-09-21 11:00:00,2022-09-21 21:00:00,BUY,3859.0,3831.92,-13.1,-1.006,SL,10,1289.59
2022-09-22 10:00:00,2022-09-22 16:00:00,BUY,3796.6,3758.18,-12.95,-1.004,SL,6,1276.64
2022-09-26 11:00:00,2022-09-26 20:00:00,BUY,3689.8,3652.21,-12.82,-1.004,SL,9,1263.82
2022-09-27 09:00:00,2022-09-27 18:00:00,BUY,3690.3,3657.34,-12.7,-1.005,SL,9,1251.13
2022-09-28 08:00:00,2022-09-28 17:00:00,BUY,3634.7,3681.25,15.59,1.246,TP,9,1266.71
2022-09-29 16:00:00,2022-09-30 17:00:00,BUY,3643.25,3654.05,3.32,0.262,TIME,24,1270.03
2022-10-03 07:00:00,2022-10-03 17:00:00,BUY,3583.8,3635.55,15.83,1.246,TP,10,1285.86
2022-10-04 06:00:00,2022-10-04 16:00:00,BUY,3709.0,3753.17,16.02,1.246,TP,10,1301.88
2022-10-05 05:00:00,2022-10-05 17:00:00,BUY,3771.0,3741.27,-13.08,-1.005,SL,12,1288.79
2022-10-06 06:00:00,2022-10-06 11:00:00,BUY,3799.0,3769.59,-12.95,-1.005,SL,5,1275.84
2022-10-07 10:00:00,2022-10-07 15:00:00,BUY,3733.3,3704.6,-12.83,-1.005,SL,5,1263.01
2022-10-10 04:00:00,2022-10-10 20:00:00,BUY,3630.2,3593.12,-12.68,-1.004,SL,16,1250.33
2022-10-11 09:00:00,2022-10-11 18:00:00,BUY,3584.0,3623.43,15.57,1.245,TP,9,1265.9
2022-10-13 05:00:00,2022-10-13 14:00:00,BUY,3582.4,3619.45,15.76,1.245,TP,9,1281.66
2022-10-14 03:00:00,2022-10-14 17:00:00,BUY,3666.8,3616.58,-12.86,-1.003,SL,14,1268.81
2022-10-17 10:00:00,2022-10-17 16:00:00,BUY,3624.5,3670.27,15.81,1.246,TP,6,1284.62
2022-10-18 05:00:00,2022-10-18 07:00:00,BUY,3701.3,3739.92,16.0,1.245,TP,2,1300.61
2022-10-19 08:00:00,2022-10-19 14:00:00,BUY,3741.4,3704.34,-13.06,-1.004,SL,6,1287.55
2022-10-20 09:00:00,2022-10-20 17:00:00,BUY,3688.1,3734.88,16.04,1.246,TP,8,1303.6
2022-10-24 05:00:00,2022-10-24 11:00:00,BUY,3764.9,3727.06,-13.09,-1.004,SL,6,1290.51
2022-10-25 13:00:00,2022-10-25 16:00:00,BUY,3789.0,3825.09,16.06,1.245,TP,3,1306.57
2022-10-28 04:00:00,2022-10-28 17:00:00,BUY,3800.9,3848.55,16.28,1.246,TP,13,1322.85
2022-10-31 07:00:00,2022-10-31 16:00:00,BUY,3894.7,3864.19,-13.29,-1.005,SL,9,1309.56
2022-11-02 10:00:00,2022-11-02 16:00:00,BUY,3860.4,3839.9,-13.19,-1.007,SL,6,1296.37
2022-11-03 13:00:00,2022-11-03 16:00:00,BUY,3737.0,3705.34,-13.03,-1.005,SL,3,1283.34
2022-11-07 05:00:00,2022-11-08 02:00:00,BUY,3764.2,3818.07,16.0,1.247,TP,20,1299.34
2022-11-11 12:00:00,2022-11-14 13:00:00,BUY,3969.7,3975.9,2.42,0.186,TIME,24,1301.76
2022-11-17 11:00:00,2022-11-17 13:00:00,BUY,3952.1,3927.94,-13.1,-1.006,SL,2,1288.66
2022-11-18 03:00:00,2022-11-21 04:00:00,BUY,3949.8,3952.6,1.25,0.097,TIME,24,1289.91
2022-11-24 07:00:00,2022-11-25 12:00:00,BUY,4034.8,4032.7,-1.59,-0.124,TIME,24,1288.31
2022-11-29 16:00:00,2022-11-29 18:00:00,BUY,3960.75,3942.68,-12.99,-1.008,SL,2,1275.32
2022-11-30 07:00:00,2022-11-30 17:00:00,BUY,3959.8,3942.8,-12.87,-1.009,SL,10,1262.46
2022-12-02 02:00:00,2022-12-02 15:00:00,BUY,4064.3,4036.63,-12.69,-1.005,SL,13,1249.76
2022-12-05 09:00:00,2022-12-05 16:00:00,BUY,4058.9,4036.64,-12.58,-1.007,SL,7,1237.18
2022-12-06 19:00:00,2022-12-07 14:00:00,BUY,3942.25,3917.04,-12.45,-1.006,SL,18,1224.73
2022-12-08 03:00:00,2022-12-08 15:00:00,BUY,3919.5,3952.66,15.24,1.244,TP,12,1239.97
2022-12-09 14:00:00,2022-12-09 15:00:00,BUY,3986.2,3968.15,-12.5,-1.008,SL,1,1227.47
2022-12-13 03:00:00,2022-12-13 12:00:00,BUY,3984.1,4006.87,15.24,1.242,TP,9,1242.71
2022-12-14 17:00:00,2022-12-14 21:00:00,BUY,4043.15,4014.88,-12.49,-1.005,SL,4,1230.22
2022-12-19 09:00:00,2022-12-19 17:00:00,BUY,3858.0,3833.34,-12.38,-1.006,SL,8,1217.84
2022-12-20 08:00:00,2022-12-20 17:00:00,BUY,3789.8,3822.15,15.15,1.244,TP,9,1232.99
2022-12-22 08:00:00,2022-12-22 13:00:00,BUY,3887.4,3869.41,-12.43,-1.008,SL,5,1220.56
2022-12-27 01:00:00,2022-12-27 16:00:00,BUY,3868.3,3835.5,-12.26,-1.005,SL,15,1208.3
2022-12-28 07:00:00,2022-12-28 17:00:00,BUY,3830.2,3809.9,-12.17,-1.007,SL,10,1196.13
2022-12-29 07:00:00,2022-12-29 15:00:00,BUY,3785.1,3809.88,14.86,1.242,TP,8,1210.99
2023-01-03 06:00:00,2023-01-03 10:00:00,BUY,3842.0,3872.85,15.06,1.244,TP,4,1226.05
2023-01-04 18:00:00,2023-01-04 21:00:00,BUY,3870.15,3837.96,-12.32,-1.005,SL,3,1213.73
2023-01-06 15:00:00,2023-01-06 16:00:00,BUY,3852.0,3825.54,-12.21,-1.006,SL,1,1201.53
2023-01-09 05:00:00,2023-01-09 17:00:00,BUY,3902.6,3936.02,14.95,1.244,TP,12,1216.48
2023-01-10 16:00:00,2023-01-11 11:00:00,BUY,3897.75,3926.31,15.13,1.243,TP,18,1231.61
2023-01-12 08:00:00,2023-01-12 15:00:00,BUY,3966.4,3951.53,-12.44,-1.01,SL,7,1219.16
2023-01-13 04:00:00,2023-01-13 14:00:00,BUY,3974.1,3945.99,-12.26,-1.005,SL,10,1206.91
2023-01-19 13:00:00,2023-01-20 14:00:00,BUY,3900.8,3909.7,5.6,0.464,TIME,24,1212.51
2023-01-23 03:00:00,2023-01-23 17:00:00,BUY,3968.9,3995.37,15.07,1.243,TP,14,1227.58
2023-01-25 13:00:00,2023-01-25 16:00:00,BUY,3984.8,3965.19,-12.37,-1.008,SL,3,1215.21
2023-01-27 16:00:00,2023-01-27 21:00:00,BUY,4063.05,4086.8,15.09,1.242,TP,5,1230.3
2023-01-30 10:00:00,2023-01-30 17:00:00,BUY,4039.3,4062.88,15.28,1.242,TP,7,1245.59
2023-01-31 10:00:00,2023-01-31 17:00:00,BUY,4009.3,4035.56,15.48,1.243,TP,7,1261.07
2023-02-02 02:00:00,2023-02-02 17:00:00,BUY,4133.8,4175.14,15.71,1.245,TP,15,1276.77
2023-02-03 09:00:00,2023-02-03 16:00:00,BUY,4149.2,4121.37,-12.84,-1.005,SL,7,1263.94
2023-02-06 10:00:00,2023-02-07 11:00:00,BUY,4113.5,4118.7,2.71,0.214,TIME,24,1266.64
2023-02-13 05:00:00,2023-02-13 14:00:00,BUY,4072.2,4100.89,15.75,1.243,TP,9,1282.39
2023-02-14 09:00:00,2023-02-14 15:00:00,BUY,4137.1,4155.53,15.9,1.24,TP,6,1298.3
2023-02-15 08:00:00,2023-02-15 22:00:00,BUY,4113.5,4143.28,16.15,1.244,TP,14,1314.44
2023-02-21 11:00:00,2023-02-21 15:00:00,BUY,4055.8,4040.6,-13.28,-1.01,SL,4,1301.17
2023-02-22 08:00:00,2023-02-22 13:00:00,BUY,4003.5,3989.32,-13.15,-1.011,SL,5,1288.02
2023-02-23 02:00:00,2023-02-23 18:00:00,BUY,4003.5,3981.02,-12.97,-1.007,SL,16,1275.05
2023-02-27 10:00:00,2023-02-27 16:00:00,BUY,3984.9,4008.67,15.84,1.242,TP,6,1290.89
2023-03-01 01:00:00,2023-03-02 02:00:00,BUY,3958.2,3948.9,-5.5,-0.426,TIME,24,1285.39
2023-03-02 14:00:00,2023-03-02 20:00:00,BUY,3934.5,3959.0,15.97,1.242,TP,6,1301.36
2023-03-03 13:00:00,2023-03-03 17:00:00,BUY,3994.2,4014.56,16.15,1.241,TP,4,1317.51
2023-03-06 09:00:00,2023-03-06 17:00:00,BUY,4050.2,4070.6,16.35,1.241,TP,8,1333.85
2023-03-09 03:00:00,2023-03-09 16:00:00,BUY,3982.5,4010.2,16.58,1.243,TP,13,1350.44
2023-03-10 21:00:00,2023-03-13 06:00:00,BUY,3876.85,3933.13,16.84,1.247,TP,8,1367.27
2023-03-13 19:00:00,2023-03-14 20:00:00,BUY,3870.15,3893.55,5.3,0.388,TIME,24,1372.58
2023-03-15 14:00:00,2023-03-15 23:00:00,BUY,3852.0,3896.08,17.1,1.246,TP,9,1389.67
2023-03-17 01:00:00,2023-03-17 15:00:00,BUY,3960.8,3923.4,-13.95,-1.004,SL,14,1375.72
2023-03-20 08:00:00,2023-03-20 09:00:00,BUY,3914.7,3884.07,-13.82,-1.005,SL,1,1361.9
2023-03-20 21:00:00,2023-03-21 16:00:00,BUY,3943.15,3989.51,16.97,1.246,TP,18,1378.87
2023-03-22 08:00:00,2023-03-22 21:00:00,BUY,4003.9,4025.46,17.12,1.241,TP,13,1395.98
2023-03-24 15:00:00,2023-03-24 21:00:00,BUY,3924.6,3963.11,17.38,1.245,TP,6,1413.36
2023-03-27 13:00:00,2023-03-28 14:00:00,BUY,3994.4,3975.1,-10.25,-0.725,TIME,24,1403.12
2023-03-30 07:00:00,2023-03-30 13:00:00,BUY,4027.1,4043.76,17.38,1.239,TP,6,1420.5
2023-03-31 03:00:00,2023-03-31 18:00:00,BUY,4063.3,4083.08,17.62,1.241,TP,15,1438.12
2023-04-03 08:00:00,2023-04-03 16:00:00,BUY,4095.1,4113.11,17.83,1.24,TP,8,1455.95
2023-04-04 22:00:00,2023-04-05 17:00:00,BUY,4101.15,4080.74,-14.67,-1.007,SL,18,1441.28
2023-04-06 06:00:00,2023-04-06 19:00:00,BUY,4079.1,4096.11,17.86,1.239,TP,13,1459.14
2023-04-13 01:00:00,2023-04-13 17:00:00,BUY,4085.4,4114.58,18.15,1.244,TP,16,1477.29
2023-04-14 06:00:00,2023-04-14 17:00:00,BUY,4145.4,4130.12,-14.92,-1.01,SL,11,1462.37
2023-04-19 09:00:00,2023-04-19 12:00:00,BUY,4142.4,4130.53,-14.81,-1.013,SL,3,1447.56
2023-04-20 02:00:00,2023-04-20 10:00:00,BUY,4142.3,4127.86,-14.63,-1.01,SL,8,1432.93
2023-04-21 04:00:00,2023-04-21 17:00:00,BUY,4132.6,4116.07,-14.46,-1.009,SL,13,1418.47
2023-04-26 14:00:00,2023-04-26 21:00:00,BUY,4075.4,4057.6,-14.31,-1.008,SL,7,1404.17
2023-04-27 21:00:00,2023-04-28 11:00:00,BUY,4136.75,4117.24,-14.15,-1.008,SL,13,1390.01
2023-05-02 15:00:00,2023-05-02 17:00:00,BUY,4157.8,4145.06,-14.07,-1.012,SL,2,1375.95
2023-05-03 16:00:00,2023-05-03 17:00:00,BUY,4132.55,4117.05,-13.89,-1.01,SL,1,1362.06
2023-05-04 07:00:00,2023-05-04 14:00:00,BUY,4099.1,4075.23,-13.71,-1.006,SL,7,1348.35
2023-05-05 16:00:00,2023-05-05 21:00:00,BUY,4111.25,4138.76,16.76,1.243,TP,5,1365.11
2023-05-08 10:00:00,2023-05-09 11:00:00,BUY,4136.8,4120.77,-13.78,-1.009,SL,24,1351.33
2023-05-10 10:00:00,2023-05-10 15:00:00,BUY,4111.6,4126.21,16.72,1.237,TP,5,1368.05
2023-05-11 17:00:00,2023-05-12 11:00:00,BUY,4120.55,4147.37,17.01,1.243,TP,17,1385.06
2023-05-18 08:00:00,2023-05-18 17:00:00,BUY,4153.7,4170.0,17.16,1.239,TP,9,1402.21
2023-05-19 06:00:00,2023-05-19 18:00:00,BUY,4205.7,4187.19,-14.14,-1.008,SL,12,1388.08
2023-05-23 12:00:00,2023-05-23 16:00:00,BUY,4186.3,4173.09,-14.04,-1.011,SL,4,1374.04
2023-05-25 04:00:00,2023-05-25 21:00:00,BUY,4129.3,4159.44,17.09,1.244,TP,17,1391.13
2023-05-26 16:00:00,2023-05-26 17:00:00,BUY,4174.85,4201.66,17.29,1.243,TP,1,1408.42
2023-05-29 06:00:00,2023-05-30 11:00:00,BUY,4213.8,4224.2,7.43,0.527,TIME,24,1415.84
2023-05-31 08:00:00,2023-05-31 17:00:00,BUY,4193.9,4180.17,-14.31,-1.011,SL,9,1401.53
2023-06-01 06:00:00,2023-06-01 18:00:00,BUY,4183.8,4206.16,17.4,1.242,TP,12,1418.93
2023-06-02 07:00:00,2023-06-02 15:00:00,BUY,4228.3,4246.29,17.59,1.24,TP,8,1436.52
2023-06-05 08:00:00,2023-06-05 17:00:00,BUY,4279.8,4297.56,17.81,1.24,TP,9,1454.33
2023-06-08 01:00:00,2023-06-08 19:00:00,BUY,4266.5,4286.79,18.05,1.241,TP,18,1472.37
2023-06-09 16:00:00,2023-06-09 18:00:00,BUY,4311.85,4297.98,-14.88,-1.011,SL,2,1457.49
2023-06-13 13:00:00,2023-06-13 15:00:00,BUY,4344.6,4359.05,18.03,1.237,TP,2,1475.52
2023-06-15 13:00:00,2023-06-15 16:00:00,BUY,4353.9,4373.7,18.31,1.241,TP,3,1493.83
2023-06-16 05:00:00,2023-06-16 16:00:00,BUY,4415.7,4439.54,18.56,1.242,TP,11,1512.38
2023-06-19 16:00:00,2023-06-20 17:00:00,BUY,4400.35,4386.43,-15.29,-1.011,SL,20,1497.09
2023-06-21 08:00:00,2023-06-21 15:00:00,BUY,4387.9,4375.09,-15.15,-1.012,SL,7,1481.95
2023-06-22 04:00:00,2023-06-22 23:00:00,BUY,4362.7,4382.34,18.38,1.241,TP,19,1500.33
2023-06-26 10:00:00,2023-06-26 22:00:00,BUY,4344.7,4328.68,-15.15,-1.009,SL,12,1485.18
2023-06-28 14:00:00,2023-06-28 19:00:00,BUY,4370.4,4385.29,18.38,1.238,TP,5,1503.56
2023-06-29 09:00:00,2023-06-29 15:00:00,BUY,4377.5,4394.45,18.63,1.239,TP,6,1522.19
2023-06-30 06:00:00,2023-06-30 13:00:00,BUY,4398.7,4415.8,18.86,1.239,TP,7,1541.06
2023-07-03 08:00:00,2023-07-04 12:00:00,BUY,4449.9,4452.2,2.87,0.186,TIME,24,1543.93
2023-07-06 01:00:00,2023-07-06 06:00:00,BUY,4444.3,4433.08,-15.65,-1.014,SL,5,1528.28
2023-07-06 20:00:00,2023-07-07 19:00:00,BUY,4410.95,4430.56,18.96,1.241,TP,22,1547.24
2023-07-13 03:00:00,2023-07-13 19:00:00,BUY,4480.6,4499.9,19.19,1.24,TP,16,1566.43
2023-07-14 08:00:00,2023-07-14 16:00:00,BUY,4509.4,4522.35,19.36,1.236,TP,8,1585.79
2023-07-17 06:00:00,2023-07-17 18:00:00,BUY,4501.5,4516.21,19.62,1.237,TP,12,1605.41
2023-07-19 04:00:00,2023-07-19 16:00:00,BUY,4555.6,4569.86,19.86,1.237,TP,12,1625.27
2023-07-20 05:00:00,2023-07-20 17:00:00,BUY,4558.5,4544.1,-16.42,-1.011,SL,12,1608.84
2023-07-21 06:00:00,2023-07-21 15:00:00,BUY,4540.3,4556.9,19.93,1.239,TP,9,1628.77
2023-07-26 17:00:00,2023-07-26 21:00:00,BUY,4554.85,4570.07,20.16,1.238,TP,4,1648.93
2023-07-27 10:00:00,2023-07-27 20:00:00,BUY,4589.3,4574.59,-16.66,-1.01,SL,10,1632.28
2023-07-28 09:00:00,2023-07-28 16:00:00,BUY,4551.9,4576.96,20.28,1.243,TP,7,1652.56
2023-08-02 03:00:00,2023-08-02 10:00:00,BUY,4565.6,4549.08,-16.68,-1.009,SL,7,1635.88
2023-08-03 07:00:00,2023-08-03 10:00:00,BUY,4514.4,4496.92,-16.5,-1.009,SL,3,1619.38
2023-08-03 22:00:00,2023-08-04 16:00:00,BUY,4499.35,4527.51,20.14,1.243,TP,17,1639.51
2023-08-07 06:00:00,2023-08-08 07:00:00,BUY,4497.5,4509.2,8.98,0.548,TIME,24,1648.5
2023-08-09 23:00:00,2023-08-10 15:00:00,BUY,4475.1,4504.95,20.5,1.244,TP,15,1669.0
2023-08-11 06:00:00,2023-08-11 16:00:00,BUY,4468.6,4445.08,-16.8,-1.006,SL,10,1652.21
2023-08-14 05:00:00,2023-08-14 10:00:00,BUY,4455.9,4482.05,20.53,1.243,TP,5,1672.74
2023-08-15 01:00:00,2023-08-15 10:00:00,BUY,4497.8,4475.96,-16.84,-1.007,SL,9,1655.9
2023-08-16 14:00:00,2023-08-16 20:00:00,BUY,4440.2,4423.52,-16.71,-1.009,SL,6,1639.19
2023-08-17 09:00:00,2023-08-17 21:00:00,BUY,4409.8,4391.61,-16.53,-1.008,SL,12,1622.66
2023-08-18 18:00:00,2023-08-21 19:00:00,BUY,4370.85,4379.65,6.35,0.392,TIME,24,1629.01
2023-08-23 17:00:00,2023-08-23 23:00:00,BUY,4426.25,4450.28,20.24,1.242,TP,6,1649.25
2023-08-24 12:00:00,2023-08-24 17:00:00,BUY,4454.6,4436.83,-16.63,-1.009,SL,5,1632.62
2023-08-28 10:00:00,2023-08-28 16:00:00,BUY,4410.1,4435.83,20.29,1.243,TP,6,1652.91
2023-08-30 11:00:00,2023-08-30 16:00:00,BUY,4490.9,4509.6,20.5,1.24,TP,5,1673.4
2023-08-31 05:00:00,2023-09-01 06:00:00,BUY,4517.7,4512.4,-5.77,-0.345,TIME,24,1667.63
2023-09-04 15:00:00,2023-09-05 03:00:00,BUY,4521.5,4509.95,-16.9,-1.013,SL,7,1650.73
2023-09-06 02:00:00,2023-09-06 10:00:00,BUY,4495.7,4481.29,-16.68,-1.011,SL,8,1634.05
2023-09-07 02:00:00,2023-09-07 10:00:00,BUY,4464.7,4448.74,-16.5,-1.009,SL,8,1617.56
2023-09-07 23:00:00,2023-09-11 01:00:00,BUY,4453.4,4461.7,7.02,0.434,TIME,24,1624.58
2023-09-11 15:00:00,2023-09-11 18:00:00,BUY,4483.0,4469.45,-16.43,-1.011,SL,3,1608.15
2023-09-13 01:00:00,2023-09-13 15:00:00,BUY,4462.1,4447.18,-16.24,-1.01,SL,14,1591.91
2023-09-14 13:00:00,2023-09-14 19:00:00,BUY,4484.8,4501.91,19.73,1.239,TP,6,1611.63
2023-09-15 08:00:00,2023-09-15 15:00:00,BUY,4515.1,4502.81,-16.32,-1.012,SL,7,1595.32
2023-09-20 06:00:00,2023-09-20 14:00:00,BUY,4438.4,4453.81,19.75,1.238,TP,8,1615.07
2023-09-21 04:00:00,2023-09-21 13:00:00,BUY,4389.5,4372.42,-16.29,-1.009,SL,9,1598.77
2023-09-26 06:00:00,2023-09-26 10:00:00,BUY,4323.0,4302.92,-16.11,-1.008,SL,4,1582.67
2023-09-26 22:00:00,2023-09-27 20:00:00,BUY,4274.25,4250.94,-15.93,-1.006,SL,21,1566.74
2023-09-28 09:00:00,2023-09-28 18:00:00,BUY,4276.6,4301.46,19.47,1.243,TP,9,1586.2
2023-09-29 17:00:00,2023-09-29 19:00:00,BUY,4321.05,4298.88,-15.97,-1.007,SL,2,1570.23
2023-10-02 11:00:00,2023-10-02 13:00:00,BUY,4310.5,4288.76,-15.81,-1.007,SL,2,1554.42
2023-10-03 02:00:00,2023-10-03 15:00:00,BUY,4289.3,4262.63,-15.63,-1.006,SL,13,1538.79
2023-10-04 04:00:00,2023-10-04 18:00:00,BUY,4217.7,4250.01,19.15,1.244,TP,14,1557.94
2023-10-09 09:00:00,2023-10-09 19:00:00,BUY,4277.2,4309.19,19.38,1.244,TP,10,1577.32
2023-10-10 09:00:00,2023-10-10 17:00:00,BUY,4337.3,4359.35,19.58,1.242,TP,8,1596.9
2023-10-11 09:00:00,2023-10-11 16:00:00,BUY,4358.8,4376.22,19.79,1.239,TP,7,1616.69
2023-10-12 06:00:00,2023-10-12 16:00:00,BUY,4389.4,4374.46,-16.33,-1.01,SL,10,1600.36
2023-10-13 07:00:00,2023-10-13 12:00:00,BUY,4353.6,4336.54,-16.15,-1.009,SL,5,1584.22
2023-10-16 08:00:00,2023-10-16 17:00:00,BUY,4336.2,4361.63,19.69,1.243,TP,9,1603.9
2023-10-18 17:00:00,2023-10-18 22:00:00,BUY,4338.35,4316.09,-16.15,-1.007,SL,5,1587.75
2023-10-19 12:00:00,2023-10-19 19:00:00,BUY,4313.8,4291.63,-15.99,-1.007,SL,7,1571.77
2023-10-20 11:00:00,2023-10-20 17:00:00,BUY,4274.8,4250.46,-15.82,-1.006,SL,6,1555.95
2023-10-23 12:00:00,2023-10-23 17:00:00,BUY,4192.7,4222.18,19.35,1.244,TP,5,1575.3
2023-10-25 15:00:00,2023-10-25 16:00:00,BUY,4230.8,4212.09,-15.88,-1.008,SL,1,1559.42
2023-10-26 05:00:00,2023-10-26 19:00:00,BUY,4158.9,4135.04,-15.69,-1.006,SL,14,1543.73
2023-10-27 09:00:00,2023-10-27 17:00:00,BUY,4157.9,4134.34,-15.54,-1.006,SL,8,1528.2
2023-10-30 16:00:00,2023-10-30 17:00:00,BUY,4160.65,4140.83,-15.4,-1.008,SL,1,1512.8
2023-11-01 16:00:00,2023-11-01 22:00:00,BUY,4205.25,4231.25,18.8,1.243,TP,6,1531.6
2023-11-02 11:00:00,2023-11-02 15:00:00,BUY,4258.1,4278.88,19.01,1.241,TP,4,1550.61
2023-11-03 05:00:00,2023-11-03 15:00:00,BUY,4316.5,4337.36,19.24,1.241,TP,10,1569.85
2023-11-08 03:00:00,2023-11-08 19:00:00,BUY,4377.6,4363.87,-15.87,-1.011,SL,16,1553.98
2023-11-09 09:00:00,2023-11-09 16:00:00,BUY,4382.1,4396.09,19.22,1.237,TP,7,1573.2
2023-11-10 06:00:00,2023-11-10 16:00:00,BUY,4351.4,4370.55,19.51,1.24,TP,10,1592.71
2023-11-13 14:00:00,2023-11-13 16:00:00,BUY,4407.5,4393.3,-16.1,-1.011,SL,2,1576.61
2023-11-15 09:00:00,2023-11-15 15:00:00,BUY,4503.9,4524.01,19.56,1.241,TP,6,1596.17
2023-11-16 05:00:00,2023-11-17 05:00:00,BUY,4493.1,4514.66,19.81,1.241,TP,23,1615.99
2023-11-20 07:00:00,2023-11-20 16:00:00,BUY,4506.8,4521.67,20.0,1.238,TP,9,1635.99
2023-11-21 05:00:00,2023-11-21 15:00:00,BUY,4551.7,4539.51,-16.56,-1.012,SL,10,1619.42
2023-11-23 03:00:00,2023-11-24 08:00:00,BUY,4557.8,4559.3,1.72,0.106,TIME,24,1621.15
2023-11-27 02:00:00,2023-11-27 18:00:00,BUY,4548.5,4558.75,19.97,1.232,TP,16,1641.12
2023-11-30 03:00:00,2023-11-30 20:00:00,BUY,4552.0,4537.0,-16.58,-1.01,SL,17,1624.54
2023-12-01 15:00:00,2023-12-01 17:00:00,BUY,4558.2,4573.7,20.11,1.238,TP,2,1644.65
2023-12-06 16:00:00,2023-12-06 18:00:00,BUY,4582.55,4568.65,-16.63,-1.011,SL,2,1628.03
2023-12-07 09:00:00,2023-12-07 15:00:00,BUY,4548.4,4563.13,20.15,1.237,TP,6,1648.17
2023-12-08 04:00:00,2023-12-08 15:00:00,BUY,4582.8,4569.63,-16.67,-1.012,SL,11,1631.5
2023-12-12 08:00:00,2023-12-12 15:00:00,BUY,4624.8,4636.94,20.14,1.235,TP,7,1651.65
2023-12-13 04:00:00,2023-12-13 21:00:00,BUY,4649.1,4663.89,20.44,1.237,TP,17,1672.08
2023-12-14 10:00:00,2023-12-14 20:00:00,BUY,4722.1,4706.32,-16.88,-1.01,SL,10,1655.2
2023-12-15 14:00:00,2023-12-15 15:00:00,BUY,4729.3,4715.9,-16.74,-1.011,SL,1,1638.46
2023-12-18 12:00:00,2023-12-18 18:00:00,BUY,4724.3,4739.82,20.28,1.238,TP,6,1658.75
2023-12-20 03:00:00,2023-12-20 13:00:00,BUY,4767.9,4757.44,-16.83,-1.015,SL,10,1641.92
2023-12-21 09:00:00,2023-12-21 15:00:00,BUY,4722.1,4739.72,20.35,1.239,TP,6,1662.27
2023-12-22 08:00:00,2023-12-22 16:00:00,BUY,4741.4,4759.86,20.61,1.24,TP,8,1682.88
2023-12-27 04:00:00,2023-12-28 02:00:00,BUY,4775.5,4787.94,20.79,1.235,TP,21,1703.67
2023-12-28 15:00:00,2023-12-28 20:00:00,BUY,4783.2,4793.98,21.0,1.233,TP,5,1724.67
2023-12-29 17:00:00,2023-12-29 18:00:00,BUY,4772.75,4762.19,-17.5,-1.014,SL,1,1707.17
2024-01-03 16:00:00,2024-01-03 22:00:00,BUY,4716.75,4702.95,-17.26,-1.011,SL,6,1689.91
2024-01-04 11:00:00,2024-01-04 16:00:00,BUY,4714.6,4700.69,-17.08,-1.011,SL,5,1672.83
2024-01-05 21:00:00,2024-01-08 17:00:00,BUY,4685.45,4716.68,20.81,1.244,TP,19,1693.64
2024-01-09 06:00:00,2024-01-09 13:00:00,BUY,4758.6,4744.01,-17.11,-1.01,SL,7,1676.53
2024-01-11 04:00:00,2024-01-11 15:00:00,BUY,4791.5,4775.45,-16.92,-1.009,SL,11,1659.61
2024-01-12 15:00:00,2024-01-15 16:00:00,BUY,4780.4,4776.95,-2.67,-0.161,TIME,24,1656.94
2024-01-18 01:00:00,2024-01-18 15:00:00,BUY,4738.4,4763.24,20.59,1.242,TP,14,1677.53
2024-01-19 04:00:00,2024-01-19 15:00:00,BUY,4785.6,4808.15,20.83,1.242,TP,11,1698.36
2024-01-23 03:00:00,2024-01-23 23:00:00,BUY,4852.9,4871.44,21.06,1.24,TP,20,1719.42
2024-01-24 16:00:00,2024-01-24 17:00:00,BUY,4886.55,4899.1,21.24,1.235,TP,1,1740.65
2024-01-25 06:00:00,2024-01-25 15:00:00,BUY,4870.6,4888.74,21.58,1.24,TP,9,1762.23
2024-01-26 05:00:00,2024-01-26 17:00:00,BUY,4882.4,4902.39,21.86,1.241,TP,12,1784.1
2024-01-29 06:00:00,2024-01-29 21:00:00,BUY,4885.3,4904.57,22.13,1.24,TP,15,1806.23
2024-01-30 10:00:00,2024-01-30 23:00:00,BUY,4926.8,4914.47,-18.28,-1.012,SL,13,1787.94
2024-01-31 15:00:00,2024-01-31 17:00:00,BUY,4899.7,4886.17,-18.08,-1.011,SL,2,1769.86
2024-02-01 11:00:00,2024-02-01 19:00:00,BUY,4863.0,4883.23,21.96,1.241,TP,8,1791.82
2024-02-02 08:00:00,2024-02-02 15:00:00,BUY,4935.1,4916.63,-18.06,-1.008,SL,7,1773.76
2024-02-06 11:00:00,2024-02-07 03:00:00,BUY,4943.2,4960.73,21.98,1.239,TP,15,1795.74
2024-02-08 01:00:00,2024-02-09 02:00:00,BUY,4994.4,4994.5,0.11,0.006,TIME,24,1795.85
2024-02-09 20:00:00,2024-02-12 18:00:00,BUY,5021.35,5037.96,22.25,1.239,TP,21,1818.1
2024-02-13 08:00:00,2024-02-13 10:00:00,BUY,5020.2,5008.78,-18.42,-1.013,SL,2,1799.68
2024-02-15 07:00:00,2024-02-15 20:00:00,BUY,5003.4,5024.34,22.34,1.241,TP,13,1822.01
2024-02-16 09:00:00,2024-02-16 15:00:00,BUY,5031.3,5018.5,-18.44,-1.012,SL,6,1803.58
2024-02-19 12:00:00,2024-02-20 03:00:00,BUY,5008.8,4993.53,-18.21,-1.01,SL,10,1785.36
2024-02-21 23:00:00,2024-02-22 10:00:00,BUY,5004.9,5039.43,22.22,1.245,TP,10,1807.58
2024-02-22 23:00:00,2024-02-23 16:00:00,BUY,5081.3,5109.38,22.47,1.243,TP,16,1830.06
2024-02-26 05:00:00,2024-02-27 02:00:00,BUY,5080.5,5064.28,-18.47,-1.009,SL,20,1811.59
2024-02-27 15:00:00,2024-02-27 19:00:00,BUY,5076.9,5063.93,-18.33,-1.012,SL,4,1793.26
2024-02-28 14:00:00,2024-02-28 18:00:00,BUY,5059.0,5075.35,22.21,1.239,TP,4,1815.47
2024-02-29 10:00:00,2024-02-29 15:00:00,BUY,5060.5,5079.31,22.51,1.24,TP,5,1837.99
2024-03-01 08:00:00,2024-03-01 12:00:00,BUY,5105.0,5088.44,-18.55,-1.009,SL,4,1819.44
2024-03-04 03:00:00,2024-03-05 04:00:00,BUY,5134.4,5121.1,-14.47,-0.795,TIME,24,1804.97
2024-03-06 07:00:00,2024-03-06 15:00:00,BUY,5083.8,5103.18,22.39,1.24,TP,8,1827.36
2024-03-07 17:00:00,2024-03-08 16:00:00,BUY,5150.75,5177.02,22.71,1.243,TP,22,1850.07
2024-03-11 06:00:00,2024-03-12 07:00:00,BUY,5115.3,5136.2,14.69,0.794,TIME,24,1864.76
2024-03-13 06:00:00,2024-03-13 22:00:00,BUY,5172.0,5151.44,-18.78,-1.007,SL,16,1845.97
2024-03-14 15:00:00,2024-03-14 16:00:00,BUY,5175.8,5163.17,-18.68,-1.012,SL,1,1827.29
2024-03-15 05:00:00,2024-03-15 16:00:00,BUY,5148.6,5129.23,-18.42,-1.008,SL,11,1808.88
2024-03-18 09:00:00,2024-03-18 14:00:00,BUY,5136.76,5157.1,22.45,1.241,TP,5,1831.32
2024-03-20 04:00:00,2024-03-20 21:00:00,BUY,5175.01,5194.95,22.72,1.241,TP,17,1854.04
2024-03-21 11:00:00,2024-03-22 11:00:00,BUY,5249.97,5249.45,-0.73,-0.039,TIME,24,1853.32
2024-03-22 23:00:00,2024-03-26 00:00:00,BUY,5231.3,5224.28,-8.63,-0.466,TIME,24,1844.69
2024-03-27 02:00:00,2024-03-27 16:00:00,BUY,5220.88,5235.89,22.83,1.238,TP,14,1867.52
2024-03-28 05:00:00,2024-04-01 01:00:00,BUY,5250.06,5267.26,23.14,1.239,TP,19,1890.66
2024-04-01 13:00:00,2024-04-01 15:00:00,BUY,5278.14,5267.23,-19.17,-1.014,SL,2,1871.49
2024-04-02 06:00:00,2024-04-02 14:00:00,BUY,5239.33,5226.76,-18.94,-1.012,SL,8,1852.55
2024-04-03 17:00:00,2024-04-03 22:00:00,BUY,5228.17,5210.95,-18.69,-1.009,SL,5,1833.86
2024-04-04 11:00:00,2024-04-04 15:00:00,BUY,5231.62,5248.14,22.72,1.239,TP,4,1856.58
2024-04-05 17:00:00,2024-04-08 18:00:00,BUY,5199.68,5207.38,5.67,0.306,TIME,24,1862.25
2024-04-10 15:00:00,2024-04-11 15:00:00,BUY,5146.96,5167.07,12.91,0.693,TIME,24,1875.16
2024-04-12 03:00:00,2024-04-12 13:00:00,BUY,5201.66,5176.98,-18.87,-1.006,SL,10,1856.29
2024-04-15 06:00:00,2024-04-15 19:00:00,BUY,5139.12,5112.36,-18.67,-1.006,SL,13,1837.63
2024-04-16 15:00:00,2024-04-16 17:00:00,BUY,5071.46,5043.95,-18.48,-1.005,SL,2,1819.15
2024-04-17 05:00:00,2024-04-17 18:00:00,BUY,5064.05,5035.04,-18.29,-1.005,SL,13,1800.86
2024-04-18 07:00:00,2024-04-18 16:00:00,BUY,5036.33,5013.29,-18.13,-1.007,SL,9,1782.74
2024-04-22 02:00:00,2024-04-22 20:00:00,BUY,4985.47,5029.42,22.21,1.246,TP,18,1804.94
2024-04-23 17:00:00,2024-04-24 17:00:00,BUY,5068.45,5067.76,-0.48,-0.027,TIME,24,1804.46
2024-04-25 07:00:00,2024-04-25 15:00:00,BUY,5040.25,5020.0,-18.18,-1.007,SL,8,1786.28
2024-04-26 03:00:00,2024-04-29 04:00:00,BUY,5087.02,5114.41,16.21,0.908,TIME,24,1802.49
2024-04-29 16:00:00,2024-04-29 22:00:00,BUY,5111.32,5094.63,-18.19,-1.009,SL,6,1784.31
2024-05-01 21:00:00,2024-05-01 22:00:00,BUY,5087.8,5057.23,-17.93,-1.005,SL,1,1766.37
2024-05-02 13:00:00,2024-05-02 16:00:00,BUY,5052.31,5030.03,-17.78,-1.007,SL,3,1748.59
2024-05-03 09:00:00,2024-05-03 15:00:00,BUY,5075.91,5100.62,21.73,1.242,TP,6,1770.32
2024-05-06 17:00:00,2024-05-06 22:00:00,BUY,5158.32,5177.13,21.95,1.24,TP,5,1792.27
2024-05-07 10:00:00,2024-05-07 16:00:00,BUY,5178.39,5191.67,22.15,1.236,TP,6,1814.42
2024-05-08 04:00:00,2024-05-08 15:00:00,BUY,5188.47,5176.32,-18.37,-1.012,SL,11,1796.05
2024-05-09 05:00:00,2024-05-09 12:00:00,BUY,5185.06,5173.12,-18.19,-1.013,SL,7,1777.86
2024-05-10 01:00:00,2024-05-10 16:00:00,BUY,5219.08,5236.54,22.03,1.239,TP,15,1799.9
2024-05-13 05:00:00,2024-05-13 14:00:00,BUY,5222.05,5237.02,22.28,1.238,TP,9,1822.17
2024-05-14 03:00:00,2024-05-14 15:00:00,BUY,5221.62,5210.71,-18.48,-1.014,SL,12,1803.7
2024-05-15 03:00:00,2024-05-15 15:00:00,BUY,5248.98,5266.12,22.35,1.239,TP,12,1826.05
2024-05-16 04:00:00,2024-05-16 21:00:00,BUY,5316.99,5302.35,-18.45,-1.01,SL,17,1807.6
2024-05-17 13:00:00,2024-05-17 21:00:00,BUY,5298.86,5288.37,-18.34,-1.015,SL,8,1789.26
2024-05-20 10:00:00,2024-05-20 16:00:00,BUY,5312.46,5324.36,22.09,1.234,TP,6,1811.35
2024-05-21 04:00:00,2024-05-21 22:00:00,BUY,5311.92,5325.5,22.39,1.236,TP,18,1833.74
2024-05-22 11:00:00,2024-05-22 20:00:00,BUY,5321.94,5313.55,-18.67,-1.018,SL,9,1815.07
2024-05-23 11:00:00,2024-05-23 16:00:00,BUY,5334.34,5319.0,-18.33,-1.01,SL,5,1796.74
2024-05-24 07:00:00,2024-05-24 17:00:00,BUY,5276.56,5298.58,22.31,1.242,TP,10,1819.05
2024-05-27 09:00:00,2024-05-28 11:00:00,BUY,5308.11,5323.78,22.52,1.238,TP,21,1841.57
2024-05-29 05:00:00,2024-05-29 11:00:00,BUY,5296.98,5282.33,-18.61,-1.01,SL,6,1822.96
2024-05-30 11:00:00,2024-05-30 22:00:00,BUY,5251.03,5235.25,-18.4,-1.01,SL,11,1804.56
2024-06-03 10:00:00,2024-06-03 18:00:00,BUY,5288.07,5265.05,-18.16,-1.007,SL,8,1786.4
2024-06-05 10:00:00,2024-06-05 17:00:00,BUY,5299.63,5319.3,22.16,1.241,TP,7,1808.56
2024-06-06 08:00:00,2024-06-06 19:00:00,BUY,5357.91,5344.3,-18.29,-1.011,SL,11,1790.27
2024-06-07 09:00:00,2024-06-07 14:00:00,BUY,5361.39,5351.13,-18.17,-1.015,SL,5,1772.1
2024-06-11 10:00:00,2024-06-11 13:00:00,BUY,5361.95,5349.78,-17.94,-1.012,SL,3,1754.16
2024-06-12 03:00:00,2024-06-12 15:00:00,BUY,5378.16,5398.3,21.76,1.241,TP,12,1775.92
2024-06-13 10:00:00,2024-06-13 17:00:00,BUY,5434.64,5419.25,-17.93,-1.01,SL,7,1757.99
2024-06-14 10:00:00,2024-06-14 12:00:00,BUY,5428.61,5413.91,-17.76,-1.01,SL,2,1740.23
2024-06-17 03:00:00,2024-06-17 19:00:00,BUY,5433.58,5455.09,21.6,1.241,TP,16,1761.83
2024-06-18 07:00:00,2024-06-19 01:00:00,BUY,5475.28,5493.29,21.84,1.24,TP,17,1783.67
2024-06-19 13:00:00,2024-06-20 08:00:00,BUY,5497.21,5509.99,22.04,1.235,TP,14,1805.71
2024-06-20 20:00:00,2024-06-21 16:00:00,BUY,5476.61,5458.39,-18.21,-1.008,SL,20,1787.5
2024-06-24 07:00:00,2024-06-24 17:00:00,BUY,5464.47,5484.85,22.18,1.241,TP,10,1809.68
2024-06-25 09:00:00,2024-06-25 22:00:00,BUY,5457.41,5475.19,22.43,1.24,TP,13,1832.11
2024-06-26 11:00:00,2024-06-26 14:00:00,BUY,5486.09,5473.56,-18.54,-1.012,SL,3,1813.57
2024-06-27 02:00:00,2024-06-27 16:00:00,BUY,5463.45,5485.7,22.52,1.242,TP,14,1836.09
2024-06-28 04:00:00,2024-06-28 17:00:00,BUY,5499.21,5517.67,22.77,1.24,TP,13,1858.86
2024-07-01 06:00:00,2024-07-01 17:00:00,BUY,5477.6,5459.39,-18.74,-1.008,SL,11,1840.11
2024-07-03 02:00:00,2024-07-03 19:00:00,BUY,5505.03,5528.1,22.85,1.242,TP,17,1862.97
2024-07-04 11:00:00,2024-07-05 16:00:00,BUY,5537.23,5543.53,11.73,0.63,TIME,24,1874.69
2024-07-08 05:00:00,2024-07-08 16:00:00,BUY,5560.93,5576.19,23.21,1.238,TP,11,1897.9
2024-07-09 04:00:00,2024-07-10 04:00:00,BUY,5581.49,5580.34,-1.83,-0.097,TIME,24,1896.07
2024-07-10 18:00:00,2024-07-10 19:00:00,BUY,5599.0,5611.1,23.41,1.235,TP,1,1919.48
2024-07-11 07:00:00,2024-07-11 15:00:00,BUY,5632.72,5644.68,23.7,1.235,TP,8,1943.17
2024-07-12 03:00:00,2024-07-12 17:00:00,BUY,5589.4,5613.48,24.14,1.242,TP,14,1967.31
2024-07-15 09:00:00,2024-07-15 17:00:00,BUY,5632.89,5654.85,24.42,1.242,TP,8,1991.74
2024-07-16 07:00:00,2024-07-16 11:00:00,BUY,5645.08,5629.21,-20.11,-1.01,SL,4,1971.63
2024-07-17 01:00:00,2024-07-17 09:00:00,BUY,5669.95,5651.79,-19.88,-1.008,SL,8,1951.75
2024-07-18 01:00:00,2024-07-18 17:00:00,BUY,5604.11,5582.81,-19.66,-1.007,SL,16,1932.09
2024-07-19 10:00:00,2024-07-19 19:00:00,BUY,5533.96,5509.73,-19.44,-1.006,SL,9,1912.65
2024-07-23 16:00:00,2024-07-23 22:00:00,BUY,5575.74,5554.8,-19.26,-1.007,SL,6,1893.39
2024-07-24 17:00:00,2024-07-24 21:00:00,BUY,5474.35,5448.98,-19.05,-1.006,SL,4,1874.34
2024-07-25 10:00:00,2024-07-25 17:00:00,BUY,5426.74,5402.06,-18.86,-1.006,SL,7,1855.48
2024-07-26 06:00:00,2024-07-26 18:00:00,BUY,5422.3,5462.83,23.11,1.245,TP,12,1878.59
2024-07-30 04:00:00,2024-07-30 16:00:00,BUY,5448.22,5479.71,23.37,1.244,TP,12,1901.96
2024-07-31 15:00:00,2024-07-31 21:00:00,BUY,5506.24,5540.38,23.67,1.245,TP,6,1925.63
2024-08-01 10:00:00,2024-08-01 17:00:00,BUY,5540.21,5510.23,-19.35,-1.005,SL,7,1906.28
2024-08-05 07:00:00,2024-08-05 08:00:00,BUY,5250.5,5202.86,-19.12,-1.003,SL,1,1887.16
2024-08-05 21:00:00,2024-08-06 17:00:00,BUY,5172.6,5277.24,23.56,1.248,TP,19,1910.71
2024-08-08 01:00:00,2024-08-08 16:00:00,BUY,5186.2,5257.06,23.83,1.247,TP,15,1934.55
2024-08-09 07:00:00,2024-08-12 08:00:00,BUY,5307.9,5348.0,17.8,0.92,TIME,24,1952.35
2024-08-13 10:00:00,2024-08-13 18:00:00,BUY,5370.8,5402.07,24.29,1.244,TP,8,1976.63
2024-08-14 10:00:00,2024-08-14 18:00:00,BUY,5433.2,5457.41,24.56,1.242,TP,8,2001.19
2024-08-15 08:00:00,2024-08-15 15:00:00,BUY,5461.6,5487.47,24.87,1.243,TP,7,2026.06
2024-08-19 08:00:00,2024-08-19 17:00:00,BUY,5553.0,5576.9,25.17,1.242,TP,9,2051.23
2024-08-20 17:00:00,2024-08-21 17:00:00,BUY,5596.0,5620.07,25.48,1.242,TP,23,2076.71
2024-08-22 06:00:00,2024-08-22 15:00:00,BUY,5611.6,5633.46,25.78,1.241,TP,9,2102.49
2024-08-23 04:00:00,2024-08-23 17:00:00,BUY,5585.1,5615.08,26.15,1.244,TP,13,2128.64
2024-08-26 07:00:00,2024-08-26 20:00:00,BUY,5630.4,5606.88,-21.42,-1.006,SL,13,2107.22
2024-08-27 16:00:00,2024-08-28 17:00:00,BUY,5608.8,5606.6,-2.15,-0.102,TIME,24,2105.07
2024-08-29 06:00:00,2024-08-29 12:00:00,BUY,5573.0,5607.56,26.2,1.245,TP,6,2131.26
2024-08-30 04:00:00,2024-08-30 22:00:00,BUY,5600.9,5637.41,26.53,1.245,TP,18,2157.8
2024-09-02 15:00:00,2024-09-03 12:00:00,BUY,5643.4,5625.44,-21.76,-1.008,SL,16,2136.04
2024-09-04 03:00:00,2024-09-04 17:00:00,BUY,5498.1,5537.9,26.6,1.245,TP,14,2162.64
2024-09-06 05:00:00,2024-09-06 10:00:00,BUY,5499.0,5468.07,-21.73,-1.005,SL,5,2140.91
2024-09-09 09:00:00,2024-09-09 19:00:00,BUY,5433.8,5472.98,26.66,1.245,TP,10,2167.56
2024-09-12 07:00:00,2024-09-13 03:00:00,BUY,5563.9,5603.47,26.99,1.245,TP,19,2194.56
2024-09-16 07:00:00,2024-09-16 17:00:00,BUY,5626.8,5608.25,-22.12,-1.008,SL,10,2172.43
2024-09-17 08:00:00,2024-09-17 12:00:00,BUY,5634.0,5653.25,26.95,1.24,TP,4,2199.38
2024-09-18 14:00:00,2024-09-18 18:00:00,BUY,5639.3,5623.29,-22.2,-1.009,SL,4,2177.18
2024-09-19 08:00:00,2024-09-19 14:00:00,BUY,5675.6,5716.31,27.11,1.245,TP,6,2204.29
2024-09-20 03:00:00,2024-09-20 18:00:00,BUY,5705.1,5677.12,-22.16,-1.005,SL,15,2182.13
2024-09-23 10:00:00,2024-09-24 10:00:00,BUY,5705.5,5731.59,27.12,1.243,TP,23,2209.25
2024-09-25 05:00:00,2024-09-26 06:00:00,BUY,5724.9,5746.15,27.42,1.241,TP,24,2236.67
2024-09-27 08:00:00,2024-09-27 21:00:00,BUY,5749.1,5730.77,-22.55,-1.008,SL,13,2214.12
2024-09-30 13:00:00,2024-09-30 21:00:00,BUY,5730.5,5712.64,-22.33,-1.008,SL,8,2191.79
2024-10-01 10:00:00,2024-10-01 16:00:00,BUY,5758.0,5737.12,-22.08,-1.007,SL,6,2169.72
2024-10-02 05:00:00,2024-10-02 16:00:00,BUY,5704.6,5673.49,-21.8,-1.005,SL,11,2147.91
2024-10-03 05:00:00,2024-10-04 06:00:00,BUY,5701.9,5702.8,0.72,0.034,TIME,24,2148.64
2024-10-07 06:00:00,2024-10-07 12:00:00,BUY,5747.0,5719.93,-21.61,-1.006,SL,6,2127.03
2024-10-08 02:00:00,2024-10-08 17:00:00,BUY,5696.9,5731.84,26.47,1.245,TP,15,2153.51
2024-10-09 06:00:00,2024-10-09 17:00:00,BUY,5741.6,5763.47,26.74,1.241,TP,11,2180.24
2024-10-10 08:00:00,2024-10-10 15:00:00,BUY,5787.2,5771.28,-22.01,-1.01,SL,7,2158.23
2024-10-11 15:00:00,2024-10-11 17:00:00,BUY,5780.3,5800.45,26.78,1.241,TP,2,2185.01
2024-10-14 06:00:00,2024-10-14 16:00:00,BUY,5810.6,5831.41,27.12,1.241,TP,10,2212.13
2024-10-15 05:00:00,2024-10-15 17:00:00,BUY,5866.5,5851.51,-22.34,-1.01,SL,12,2189.78
2024-10-16 20:00:00,2024-10-17 11:00:00,BUY,5835.7,5857.03,27.18,1.241,TP,14,2216.96
2024-10-18 16:00:00,2024-10-18 21:00:00,BUY,5851.1,5871.91,27.51,1.241,TP,5,2244.48
2024-10-24 03:00:00,2024-10-24 18:00:00,BUY,5813.0,5790.42,-22.59,-1.007,SL,15,2221.88
2024-10-25 09:00:00,2024-10-25 15:00:00,BUY,5812.6,5833.35,27.57,1.241,TP,6,2249.46
2024-10-30 01:00:00,2024-10-30 16:00:00,BUY,5851.3,5829.2,-22.65,-1.007,SL,15,2226.81
2024-10-31 11:00:00,2024-10-31 16:00:00,BUY,5771.4,5752.93,-22.45,-1.008,SL,5,2204.36
2024-11-01 15:00:00,2024-11-01 17:00:00,BUY,5736.1,5762.35,27.4,1.243,TP,2,2231.76
2024-11-05 18:00:00,2024-11-06 02:00:00,BUY,5772.0,5803.73,27.77,1.244,TP,7,2259.52
2024-11-06 19:00:00,2024-11-07 17:00:00,BUY,5911.85,5966.01,28.17,1.247,TP,21,2287.69
2024-11-08 06:00:00,2024-11-08 18:00:00,BUY,5974.1,5997.25,28.41,1.242,TP,12,2316.1
2024-11-11 09:00:00,2024-11-11 20:00:00,BUY,6013.3,5999.29,-23.41,-1.011,SL,11,2292.69
2024-11-12 09:00:00,2024-11-12 12:00:00,BUY,6000.4,5986.7,-23.18,-1.011,SL,3,2269.51
2024-11-13 05:00:00,2024-11-13 15:00:00,BUY,5977.8,6001.19,28.19,1.242,TP,10,2297.7
2024-11-14 09:00:00,2024-11-14 17:00:00,BUY,5988.1,5969.15,-23.16,-1.008,SL,8,2274.54
2024-11-15 06:00:00,2024-11-15 10:00:00,BUY,5934.5,5912.27,-22.9,-1.007,SL,4,2251.64
2024-11-19 15:00:00,2024-11-19 17:00:00,BUY,5838.0,5873.76,28.03,1.245,TP,2,2279.66
2024-11-20 08:00:00,2024-11-20 16:00:00,BUY,5930.9,5906.07,-22.94,-1.006,SL,8,2256.73
2024-11-21 05:00:00,2024-11-21 15:00:00,BUY,5897.9,5940.21,28.11,1.246,TP,10,2284.84
2024-11-22 06:00:00,2024-11-25 01:00:00,BUY,5948.8,5990.05,30.58,1.339,TP,18,2315.42
2024-11-25 14:00:00,2024-11-25 16:00:00,BUY,5997.2,6017.79,28.73,1.241,TP,2,2344.15
2024-11-27 01:00:00,2024-11-27 17:00:00,BUY,6022.4,6002.43,-23.62,-1.008,SL,16,2320.53
2024-11-28 07:00:00,2024-11-29 12:00:00,BUY,6006.8,6016.5,18.44,0.794,TIME,24,2338.97
2024-12-02 06:00:00,2024-12-02 16:00:00,BUY,6025.1,6040.82,28.96,1.238,TP,10,2367.93
2024-12-03 05:00:00,2024-12-03 16:00:00,BUY,6051.3,6039.42,-23.98,-1.013,SL,11,2343.95
2024-12-04 06:00:00,2024-12-04 17:00:00,BUY,6058.0,6072.58,29.0,1.237,TP,11,2372.95
2024-12-05 06:00:00,2024-12-05 23:00:00,BUY,6081.0,6069.64,-24.05,-1.013,SL,17,2348.9
2024-12-09 06:00:00,2024-12-09 17:00:00,BUY,6083.8,6070.75,-23.76,-1.012,SL,11,2325.14
2024-12-11 02:00:00,2024-12-11 15:00:00,BUY,6041.6,6057.63,28.79,1.238,TP,13,2353.94
2024-12-12 04:00:00,2024-12-12 17:00:00,BUY,6074.9,6062.56,-23.83,-1.012,SL,13,2330.11
2024-12-13 18:00:00,2024-12-16 15:00:00,BUY,6045.8,6066.57,28.92,1.241,TP,20,2359.03
2024-12-17 22:00:00,2024-12-18 17:00:00,BUY,6048.3,6069.68,29.28,1.241,TP,18,2388.31
2024-12-19 16:00:00,2024-12-19 20:00:00,BUY,5908.6,5873.15,-23.98,-1.004,SL,4,2364.32
2024-12-20 13:00:00,2024-12-20 16:00:00,BUY,5813.3,5857.04,29.45,1.246,TP,3,2393.78
2024-12-24 11:00:00,2024-12-24 17:00:00,BUY,5981.15,6010.67,29.77,1.244,TP,6,2423.55
2024-12-26 11:00:00,2024-12-26 18:00:00,BUY,6014.75,6037.62,30.1,1.242,TP,7,2453.64
2024-12-27 16:00:00,2024-12-27 17:00:00,BUY,5986.75,5969.36,-24.75,-1.009,SL,1,2428.89
2024-12-30 14:00:00,2024-12-30 16:00:00,BUY,5917.25,5891.29,-24.43,-1.006,SL,2,2404.46
2025-01-03 07:00:00,2025-01-03 18:00:00,BUY,5878.0,5921.85,29.95,1.246,TP,11,2434.42
2025-01-06 15:00:00,2025-01-06 16:00:00,BUY,5993.7,5969.84,-24.5,-1.006,SL,1,2409.92
2025-01-07 05:00:00,2025-01-07 17:00:00,BUY,5974.1,5949.59,-24.25,-1.006,SL,12,2385.67
2025-01-08 07:00:00,2025-01-08 13:00:00,BUY,5927.3,5901.34,-24.0,-1.006,SL,6,2361.68
2025-01-09 03:00:00,2025-01-10 11:00:00,BUY,5902.6,5898.4,-2.76,-0.117,TIME,24,2358.92
2025-01-13 03:00:00,2025-01-14 01:00:00,BUY,5805.7,5857.47,29.4,1.246,TP,21,2388.32
2025-01-15 15:00:00,2025-01-16 09:00:00,BUY,5931.4,5972.58,29.75,1.245,TP,17,2418.06
2025-01-17 16:00:00,2025-01-17 20:00:00,BUY,5984.8,6015.03,30.08,1.244,TP,4,2448.14
2025-01-20 10:00:00,2025-01-20 15:00:00,BUY,6001.4,5982.88,-24.68,-1.008,SL,5,2423.46
2025-01-22 01:00:00,2025-01-22 18:00:00,BUY,6061.5,6094.86,30.16,1.244,TP,17,2453.62
2025-01-23 23:00:00,2025-01-24 20:00:00,BUY,6113.2,6095.87,-24.75,-1.009,SL,20,2428.87
2025-01-27 09:00:00,2025-01-27 12:00:00,BUY,5996.2,5969.74,-24.43,-1.006,SL,3,2404.44
2025-01-28 01:00:00,2025-01-29 02:00:00,BUY,6021.0,6061.2,22.75,0.946,TIME,24,2427.19
2025-01-29 16:00:00,2025-01-29 20:00:00,BUY,6053.0,6029.01,-24.42,-1.006,SL,4,2402.77
2025-01-30 12:00:00,2025-01-30 18:00:00,BUY,6057.7,6032.82,-24.17,-1.006,SL,6,2378.6
2025-01-31 07:00:00,2025-01-31 21:00:00,BUY,6084.9,6054.99,-23.91,-1.005,SL,14,2354.69
2025-02-03 17:00:00,2025-02-04 18:00:00,BUY,5997.7,6033.1,16.49,0.7,TIME,24,2371.18
2025-02-05 13:00:00,2025-02-05 18:00:00,BUY,6011.5,6043.66,29.5,1.244,TP,5,2400.68
2025-02-06 13:00:00,2025-02-06 21:00:00,BUY,6064.0,6045.94,-24.21,-1.008,SL,8,2376.47
2025-02-07 13:00:00,2025-02-07 15:00:00,BUY,6085.0,6067.23,-23.97,-1.009,SL,2,2352.51
2025-02-11 09:00:00,2025-02-11 17:00:00,BUY,6043.1,6064.31,29.2,1.241,TP,8,2381.71
2025-02-12 16:00:00,2025-02-13 02:00:00,BUY,6030.9,6065.8,29.64,1.245,TP,9,2411.35
2025-02-13 14:00:00,2025-02-13 17:00:00,BUY,6050.2,6079.4,29.99,1.244,TP,3,2441.34
2025-02-14 08:00:00,2025-02-14 13:00:00,BUY,6120.2,6100.33,-24.6,-1.008,SL,5,2416.74
2025-02-17 03:00:00,2025-02-18 08:00:00,BUY,6120.0,6134.1,20.13,0.833,TIME,24,2436.87
2025-02-19 10:00:00,2025-02-19 12:00:00,BUY,6133.7,6121.32,-24.67,-1.012,SL,2,2412.2
2025-02-20 16:00:00,2025-02-20 22:00:00,BUY,6098.7,6120.55,29.95,1.241,TP,6,2442.15
2025-02-21 16:00:00,2025-02-21 17:00:00,BUY,6098.6,6081.28,-24.63,-1.009,SL,1,2417.51
2025-02-24 16:00:00,2025-02-25 09:00:00,BUY,6001.5,5976.61,-24.32,-1.006,SL,16,2393.19
2025-02-26 03:00:00,2025-02-27 04:00:00,BUY,5967.0,5961.1,-3.79,-0.158,TIME,24,2389.4
2025-02-27 16:00:00,2025-02-27 21:00:00,BUY,5937.9,5900.46,-23.99,-1.004,SL,5,2365.41
2025-02-28 10:00:00,2025-02-28 20:00:00,BUY,5880.3,5840.53,-23.74,-1.004,SL,10,2341.67
2025-03-03 23:00:00,2025-03-04 15:00:00,BUY,5864.3,5808.02,-23.48,-1.003,SL,15,2318.19
2025-03-05 04:00:00,2025-03-05 18:00:00,BUY,5804.0,5742.73,-23.24,-1.002,SL,14,2294.95
2025-03-06 10:00:00,2025-03-06 16:00:00,BUY,5795.6,5753.8,-23.03,-1.004,SL,6,2271.92
2025-03-07 05:00:00,2025-03-07 17:00:00,BUY,5753.2,5704.59,-22.79,-1.003,SL,12,2249.13
2025-03-10 12:00:00,2025-03-10 17:00:00,BUY,5712.0,5661.22,-22.56,-1.003,SL,5,2226.57
2025-03-11 08:00:00,2025-03-11 17:00:00,BUY,5626.9,5570.07,-22.32,-1.003,SL,9,2204.25
2025-03-12 14:00:00,2025-03-12 17:00:00,BUY,5616.5,5572.71,-22.12,-1.003,SL,3,2182.13
2025-03-13 08:00:00,2025-03-13 19:00:00,BUY,5572.9,5527.77,-21.89,-1.003,SL,11,2160.23
2025-03-14 12:00:00,2025-03-14 18:00:00,BUY,5564.0,5610.01,26.92,1.246,TP,6,2187.15
2025-03-17 16:00:00,2025-03-18 16:00:00,BUY,5664.1,5629.42,-21.97,-1.004,SL,23,2165.18
2025-03-19 16:00:00,2025-03-19 21:00:00,BUY,5646.2,5681.1,26.95,1.245,TP,5,2192.13
2025-03-20 12:00:00,2025-03-20 13:00:00,BUY,5676.0,5647.29,-22.04,-1.005,SL,1,2170.1
2025-03-21 02:00:00,2025-03-21 15:00:00,BUY,5663.1,5625.12,-21.79,-1.004,SL,13,2148.31
2025-03-24 10:00:00,2025-03-24 16:00:00,BUY,5715.2,5751.01,26.74,1.245,TP,6,2175.05
2025-03-25 05:00:00,2025-03-26 03:00:00,BUY,5757.5,5785.04,27.04,1.243,TP,21,2202.09
2025-03-26 18:00:00,2025-03-26 20:00:00,BUY,5727.25,5701.52,-22.15,-1.006,SL,2,2179.94
2025-03-27 09:00:00,2025-03-27 16:00:00,BUY,5714.55,5690.19,-21.93,-1.006,SL,7,2158.01
2025-03-28 05:00:00,2025-03-28 10:00:00,BUY,5694.15,5663.05,-21.68,-1.005,SL,5,2136.32
2025-03-31 03:00:00,2025-03-31 16:00:00,BUY,5533.8,5495.13,-21.45,-1.004,SL,13,2114.88
2025-04-02 19:00:00,2025-04-02 21:00:00,BUY,5678.45,5633.2,-21.22,-1.003,SL,2,2093.66
2025-04-03 10:00:00,2025-04-03 17:00:00,BUY,5499.3,5430.93,-20.98,-1.002,SL,7,2072.67
2025-04-04 09:00:00,2025-04-04 13:00:00,BUY,5366.68,5309.14,-20.78,-1.003,SL,4,2051.89
2025-04-07 06:00:00,2025-04-07 17:00:00,BUY,4898.3,5066.58,25.63,1.249,TP,11,2077.52
2025-04-08 21:00:00,2025-04-08 22:00:00,BUY,5030.95,4911.32,-20.8,-1.001,SL,1,2056.72
2025-04-09 14:00:00,2025-04-09 20:00:00,BUY,4889.8,5050.55,25.69,1.249,TP,6,2082.4
2025-04-10 21:00:00,2025-04-11 22:00:00,BUY,5274.52,5362.35,12.64,0.607,TIME,24,2095.05
2025-04-14 13:00:00,2025-04-14 19:00:00,BUY,5432.35,5363.1,-21.0,-1.002,SL,6,2074.05
2025-04-15 08:00:00,2025-04-16 01:00:00,BUY,5397.28,5342.48,-20.8,-1.003,SL,16,2053.25
2025-04-16 16:00:00,2025-04-16 20:00:00,BUY,5314.85,5262.57,-20.59,-1.003,SL,4,2032.66
2025-04-17 12:00:00,2025-04-17 17:00:00,BUY,5317.92,5273.39,-20.4,-1.003,SL,5,2012.27
2025-04-21 06:00:00,2025-04-21 17:00:00,BUY,5237.25,5188.45,-20.18,-1.003,SL,11,1992.08
2025-04-22 08:00:00,2025-04-22 16:00:00,BUY,5178.15,5227.99,24.83,1.246,TP,8,2016.91
2025-04-24 23:00:00,2025-04-28 01:00:00,BUY,5489.65,5506.8,6.57,0.326,TIME,24,2023.48
2025-04-29 05:00:00,2025-04-29 16:00:00,BUY,5534.5,5498.13,-20.32,-1.004,SL,11,2003.16
2025-04-30 06:00:00,2025-04-30 15:00:00,BUY,5532.3,5499.03,-20.12,-1.005,SL,9,1983.04
2025-05-02 14:00:00,2025-05-02 15:00:00,BUY,5620.15,5667.66,24.71,1.246,TP,1,2007.75
2025-05-05 10:00:00,2025-05-06 11:00:00,BUY,5647.05,5615.11,-20.17,-1.005,SL,24,1987.57
2025-05-09 09:00:00,2025-05-12 01:00:00,BUY,5669.3,5741.78,41.56,2.091,TP,15,2029.13
2025-05-13 05:00:00,2025-05-13 17:00:00,BUY,5828.3,5872.39,25.28,1.246,TP,12,2054.41
2025-05-14 16:00:00,2025-05-15 10:00:00,BUY,5890.15,5864.88,-20.67,-1.006,SL,17,2033.74
2025-05-16 04:00:00,2025-05-16 20:00:00,BUY,5905.55,5936.6,25.3,1.244,TP,16,2059.04
2025-05-19 11:00:00,2025-05-19 16:00:00,BUY,5878.4,5911.14,25.62,1.244,TP,5,2084.66
2025-05-20 05:00:00,2025-05-20 21:00:00,BUY,5948.8,5920.58,-20.96,-1.005,SL,16,2063.7
2025-05-21 15:00:00,2025-05-21 20:00:00,BUY,5904.8,5878.79,-20.76,-1.006,SL,5,2042.95
2025-05-22 09:00:00,2025-05-22 14:00:00,BUY,5851.15,5822.06,-20.54,-1.005,SL,5,2022.41
2025-05-23 04:00:00,2025-05-23 14:00:00,BUY,5840.25,5804.33,-20.31,-1.004,SL,10,2002.1
2025-05-27 02:00:00,2025-05-27 18:00:00,BUY,5865.35,5898.81,24.91,1.244,TP,16,2027.02
2025-05-28 07:00:00,2025-05-28 21:00:00,BUY,5914.2,5894.19,-20.42,-1.008,SL,14,2006.59
2025-05-30 01:00:00,2025-05-30 19:00:00,BUY,5899.3,5858.2,-20.14,-1.004,SL,18,1986.45
2025-06-02 08:00:00,2025-06-02 20:00:00,BUY,5875.5,5915.5,24.74,1.245,TP,12,2011.19
2025-06-03 09:00:00,2025-06-03 17:00:00,BUY,5917.05,5947.31,25.02,1.244,TP,8,2036.21
2025-06-04 06:00:00,2025-06-05 07:00:00,BUY,5966.85,5967.0,0.15,0.007,TIME,24,2036.36
2025-06-06 04:00:00,2025-06-06 16:00:00,BUY,5947.45,5992.15,25.37,1.246,TP,12,2061.73
2025-06-11 02:00:00,2025-06-11 21:00:00,BUY,6034.65,6007.65,-20.73,-1.006,SL,19,2040.99
2025-06-12 10:00:00,2025-06-12 17:00:00,BUY,5993.5,6028.2,25.4,1.245,TP,7,2066.4
2025-06-13 06:00:00,2025-06-13 18:00:00,BUY,5956.42,6013.63,25.76,1.247,TP,12,2092.16
2025-06-16 07:00:00,2025-06-16 16:00:00,BUY,5983.5,6026.56,26.06,1.246,TP,9,2118.22
2025-06-17 06:00:00,2025-06-17 21:00:00,BUY,6012.3,5980.14,-21.28,-1.005,SL,15,2096.94
2025-06-18 10:00:00,2025-06-18 22:00:00,BUY,5996.7,5971.31,-21.09,-1.006,SL,12,2075.85
2025-06-19 13:00:00,2025-06-19 16:00:00,BUY,5957.6,5929.66,-20.87,-1.005,SL,3,2054.98
2025-06-20 09:00:00,2025-06-20 16:00:00,BUY,5967.0,6001.58,25.58,1.245,TP,7,2080.55
2025-06-23 08:00:00,2025-06-23 17:00:00,BUY,5958.5,5997.59,25.91,1.245,TP,9,2106.46
2025-06-24 06:00:00,2025-06-25 07:00:00,BUY,6061.2,6094.8,20.12,0.955,TIME,24,2126.58
2025-06-26 19:00:00,2025-06-27 08:00:00,BUY,6132.4,6153.37,26.39,1.241,TP,12,2152.97
2025-06-30 10:00:00,2025-06-30 20:00:00,BUY,6195.0,6174.59,-21.69,-1.007,SL,10,2131.29
2025-07-01 09:00:00,2025-07-02 07:00:00,BUY,6194.0,6215.68,26.46,1.241,TP,21,2157.74
2025-07-02 22:00:00,2025-07-03 16:00:00,BUY,6226.2,6249.99,26.8,1.242,TP,17,2184.55
2025-07-04 09:00:00,2025-07-04 11:00:00,BUY,6255.3,6239.97,-22.06,-1.01,SL,2,2162.48
2025-07-07 08:00:00,2025-07-07 19:00:00,BUY,6250.2,6232.75,-21.81,-1.009,SL,11,2140.67
2025-07-09 22:00:00,2025-07-10 23:00:00,BUY,6262.1,6275.8,12.52,0.585,TIME,24,2153.2
2025-07-11 12:00:00,2025-07-11 18:00:00,BUY,6237.5,6264.74,26.77,1.243,TP,6,2179.96
2025-07-15 10:00:00,2025-07-15 17:00:00,BUY,6288.0,6267.38,-21.96,-1.007,SL,7,2158.01
2025-07-16 07:00:00,2025-07-16 16:00:00,BUY,6234.1,6260.92,26.83,1.243,TP,9,2184.83
2025-07-18 10:00:00,2025-07-18 17:00:00,BUY,6306.4,6291.0,-22.06,-1.01,SL,7,2162.77
2025-07-21 14:00:00,2025-07-21 16:00:00,BUY,6311.3,6326.1,26.76,1.237,TP,2,2189.53
2025-07-23 08:00:00,2025-07-23 20:00:00,BUY,6326.8,6348.85,27.18,1.242,TP,12,2216.71
2025-07-24 11:00:00,2025-07-25 06:00:00,BUY,6365.6,6384.26,27.49,1.24,TP,18,2244.2
2025-07-28 03:00:00,2025-07-28 13:00:00,BUY,6417.2,6399.4,-22.63,-1.008,SL,10,2221.57
2025-07-29 09:00:00,2025-07-29 18:00:00,BUY,6396.8,6384.69,-22.49,-1.013,SL,9,2199.08
2025-07-30 09:00:00,2025-07-30 21:00:00,BUY,6381.5,6368.26,-22.24,-1.011,SL,12,2176.83
2025-07-31 12:00:00,2025-07-31 16:00:00,BUY,6425.2,6403.95,-21.92,-1.007,SL,4,2154.91
2025-08-01 05:00:00,2025-08-01 10:00:00,BUY,6338.6,6302.66,-21.64,-1.004,SL,5,2133.27
2025-08-04 10:00:00,2025-08-04 16:00:00,BUY,6269.2,6311.32,26.57,1.246,TP,6,2159.84
2025-08-05 06:00:00,2025-08-05 17:00:00,BUY,6339.2,6314.83,-21.73,-1.006,SL,11,2138.11
2025-08-06 06:00:00,2025-08-06 18:00:00,BUY,6315.1,6347.61,26.6,1.244,TP,12,2164.71
2025-08-07 07:00:00,2025-08-07 12:00:00,BUY,6357.6,6384.47,26.91,1.243,TP,5,2191.62
2025-08-08 10:00:00,2025-08-08 17:00:00,BUY,6353.3,6382.24,27.25,1.244,TP,7,2218.88
2025-08-11 08:00:00,2025-08-11 21:00:00,BUY,6398.9,6380.33,-22.37,-1.008,SL,13,2196.51
2025-08-12 19:00:00,2025-08-13 16:00:00,BUY,6434.8,6468.82,27.34,1.245,TP,20,2223.84
2025-08-14 05:00:00,2025-08-14 15:00:00,BUY,6464.8,6447.57,-22.43,-1.009,SL,10,2201.41
2025-08-15 07:00:00,2025-08-15 16:00:00,BUY,6482.2,6464.3,-22.2,-1.008,SL,9,2179.21
2025-08-18 09:00:00,2025-08-19 10:00:00,BUY,6446.8,6439.7,-9.13,-0.419,TIME,24,2170.08
2025-08-20 01:00:00,2025-08-20 06:00:00,BUY,6413.4,6393.03,-21.86,-1.007,SL,5,2148.21
2025-08-21 01:00:00,2025-08-21 16:00:00,BUY,6392.6,6362.04,-21.59,-1.005,SL,15,2126.63
2025-08-22 16:00:00,2025-08-22 17:00:00,BUY,6397.2,6426.15,26.45,1.244,TP,1,2153.07
2025-08-27 01:00:00,2025-08-27 23:00:00,BUY,6472.0,6453.14,-21.7,-1.008,SL,22,2131.37
2025-08-29 02:00:00,2025-08-29 11:00:00,BUY,6500.7,6481.72,-21.48,-1.008,SL,9,2109.89
2025-08-29 23:00:00,2025-09-02 05:00:00,BUY,6463.8,6454.4,-9.35,-0.443,TIME,24,2100.54
2025-09-02 18:00:00,2025-09-02 22:00:00,BUY,6363.5,6403.74,26.16,1.245,TP,4,2126.7
2025-09-03 16:00:00,2025-09-04 03:00:00,BUY,6431.0,6460.93,26.45,1.244,TP,10,2153.15
2025-09-04 16:00:00,2025-09-04 21:00:00,BUY,6461.7,6487.27,26.76,1.243,TP,5,2179.9
2025-09-05 13:00:00,2025-09-05 15:00:00,BUY,6513.2,6498.69,-22.03,-1.01,SL,2,2157.88
2025-09-10 03:00:00,2025-09-10 15:00:00,BUY,6524.8,6547.74,26.8,1.242,TP,12,2184.68
2025-09-11 04:00:00,2025-09-11 16:00:00,BUY,6541.0,6564.43,27.13,1.242,TP,12,2211.81
2025-09-12 06:00:00,2025-09-12 11:00:00,BUY,6586.4,6572.3,-22.36,-1.011,SL,5,2189.45
2025-09-15 04:00:00,2025-09-15 15:00:00,BUY,6586.7,6604.55,27.14,1.24,TP,11,2216.6
2025-09-16 04:00:00,2025-09-16 11:00:00,BUY,6616.7,6634.18,27.47,1.239,TP,7,2244.07
2025-09-17 02:00:00,2025-09-17 11:00:00,BUY,6612.3,6598.59,-22.69,-1.011,SL,9,2221.38
2025-09-18 09:00:00,2025-09-18 11:00:00,BUY,6629.6,6656.03,27.61,1.243,TP,2,2248.99
2025-09-18 23:00:00,2025-09-22 01:00:00,BUY,6638.7,6656.9,14.57,0.648,TIME,24,2263.56
2025-09-23 03:00:00,2025-09-23 19:00:00,BUY,6693.1,6676.24,-22.84,-1.009,SL,16,2240.72
2025-09-24 13:00:00,2025-09-24 16:00:00,BUY,6670.2,6656.45,-22.65,-1.011,SL,3,2218.07
2025-09-25 08:00:00,2025-09-25 10:00:00,BUY,6642.9,6628.18,-22.41,-1.01,SL,2,2195.66
2025-09-25 22:00:00,2025-09-26 17:00:00,BUY,6605.2,6645.76,27.34,1.245,TP,18,2223.0
2025-09-29 17:00:00,2025-09-29 20:00:00,BUY,6669.9,6648.38,-22.39,-1.007,SL,3,2200.62
2025-10-01 09:00:00,2025-10-01 14:00:00,BUY,6632.0,6659.85,27.36,1.243,TP,5,2227.98
2025-10-02 09:00:00,2025-10-02 18:00:00,BUY,6716.0,6697.39,-22.46,-1.008,SL,9,2205.52
2025-10-03 09:00:00,2025-10-03 15:00:00,BUY,6735.1,6719.59,-22.27,-1.01,SL,6,2183.25
2025-10-06 10:00:00,2025-10-07 11:00:00,BUY,6730.2,6735.1,5.65,0.259,TIME,24,2188.9
2025-10-08 19:00:00,2025-10-09 17:00:00,BUY,6752.0,6732.95,-22.06,-1.008,SL,21,2166.84
2025-10-10 16:00:00,2025-10-10 17:00:00,BUY,6753.0,6733.11,-21.83,-1.008,SL,1,2145.0
2025-10-13 10:00:00,2025-10-14 08:00:00,BUY,6656.0,6606.28,-21.51,-1.003,SL,21,2123.49
2025-10-14 22:00:00,2025-10-15 17:00:00,BUY,6645.7,6713.84,26.49,1.247,TP,18,2149.97
2025-10-16 07:00:00,2025-10-16 19:00:00,BUY,6672.4,6638.07,-21.59,-1.004,SL,12,2128.38
2025-10-17 14:00:00,2025-10-17 22:00:00,BUY,6615.5,6673.77,26.54,1.247,TP,8,2154.92
2025-10-20 19:00:00,2025-10-21 20:00:00,BUY,6734.2,6744.0,6.45,0.299,TIME,24,2161.36
2025-10-22 14:00:00,2025-10-22 17:00:00,BUY,6732.6,6712.88,-21.78,-1.008,SL,3,2139.58
2025-10-23 06:00:00,2025-10-24 04:00:00,BUY,6709.4,6749.78,26.65,1.245,TP,21,2166.23
2025-10-27 14:00:00,2025-10-27 22:00:00,BUY,6847.2,6872.15,26.92,1.243,TP,8,2193.15
2025-10-28 11:00:00,2025-10-28 16:00:00,BUY,6873.3,6890.67,27.18,1.239,TP,5,2220.32
2025-10-29 07:00:00,2025-10-29 21:00:00,BUY,6906.8,6890.34,-22.41,-1.009,SL,14,2197.92
2025-10-30 10:00:00,2025-10-30 15:00:00,BUY,6896.7,6859.65,-22.07,-1.004,SL,5,2175.85
2025-10-31 04:00:00,2025-10-31 19:00:00,BUY,6872.7,6832.95,-21.84,-1.004,SL,15,2154.01
2025-11-04 11:00:00,2025-11-04 16:00:00,BUY,6764.3,6801.05,26.82,1.245,TP,5,2180.82
2025-11-05 22:00:00,2025-11-06 17:00:00,BUY,6797.4,6759.12,-21.89,-1.004,SL,18,2158.93
2025-11-07 10:00:00,2025-11-07 13:00:00,BUY,6736.9,6701.15,-21.68,-1.004,SL,3,2137.25
2025-11-10 09:00:00,2025-11-10 20:00:00,BUY,6777.7,6820.4,26.62,1.246,TP,11,2163.87
2025-11-11 13:00:00,2025-11-11 20:00:00,BUY,6821.6,6848.11,26.9,1.243,TP,7,2190.77
2025-11-12 19:00:00,2025-11-13 01:00:00,BUY,6856.3,6829.51,-22.03,-1.006,SL,5,2168.74
2025-11-13 13:00:00,2025-11-13 16:00:00,BUY,6845.1,6818.75,-21.81,-1.006,SL,3,2146.93
2025-11-14 05:00:00,2025-11-14 10:00:00,BUY,6745.2,6710.44,-21.56,-1.004,SL,5,2125.36
2025-11-17 02:00:00,2025-11-17 18:00:00,BUY,6755.2,6701.61,-21.31,-1.003,SL,16,2104.05
2025-11-18 09:00:00,2025-11-18 17:00:00,BUY,6634.7,6586.92,-21.11,-1.003,SL,8,2082.94
2025-11-24 12:00:00,2025-11-24 17:00:00,BUY,6616.7,6681.62,25.98,1.247,TP,5,2108.92
2025-11-25 08:00:00,2025-11-25 16:00:00,BUY,6697.8,6665.57,-21.19,-1.005,SL,8,2087.73
2025-11-26 10:00:00,2025-11-26 18:00:00,BUY,6785.5,6817.45,25.97,1.244,TP,8,2113.71
2025-11-27 09:00:00,2025-11-28 17:00:00,BUY,6815.3,6839.61,26.26,1.242,TP,22,2139.97
2025-12-01 13:00:00,2025-12-01 18:00:00,BUY,6808.1,6832.4,26.59,1.242,TP,5,2166.55
2025-12-03 02:00:00,2025-12-03 16:00:00,BUY,6838.1,6809.55,-21.78,-1.005,SL,14,2144.77
2025-12-04 05:00:00,2025-12-04 21:00:00,BUY,6850.5,6828.86,-21.6,-1.007,SL,16,2123.17
2025-12-05 11:00:00,2025-12-05 15:00:00,BUY,6869.5,6851.48,-21.41,-1.008,SL,4,2101.76
2025-12-08 09:00:00,2025-12-08 16:00:00,BUY,6882.5,6864.72,-21.2,-1.009,SL,7,2080.57
2025-12-10 17:00:00,2025-12-10 21:00:00,BUY,6833.6,6860.11,25.86,1.243,TP,4,2106.43
2025-12-11 10:00:00,2025-12-11 17:00:00,BUY,6836.2,6872.2,26.22,1.245,TP,7,2132.65
2025-12-12 11:00:00,2025-12-12 17:00:00,BUY,6893.1,6867.02,-21.45,-1.006,SL,6,2111.2
2025-12-16 16:00:00,2025-12-16 17:00:00,BUY,6816.9,6783.87,-21.21,-1.005,SL,1,2089.99
2025-12-17 11:00:00,2025-12-17 16:00:00,BUY,6819.1,6787.44,-21.0,-1.005,SL,5,2068.99
2025-12-18 16:00:00,2025-12-18 19:00:00,BUY,6790.5,6758.44,-20.79,-1.005,SL,3,2048.2
2025-12-19 08:00:00,2025-12-19 16:00:00,BUY,6773.9,6812.67,25.5,1.245,TP,8,2073.71
2025-12-23 03:00:00,2025-12-23 15:00:00,BUY,6878.4,6862.26,-20.93,-1.009,SL,12,2052.78
2025-12-24 07:00:00,2025-12-24 17:00:00,BUY,6903.0,6918.24,25.41,1.238,TP,10,2078.19
2025-12-26 09:00:00,2025-12-26 16:00:00,BUY,6927.45,6940.18,25.67,1.235,TP,7,2103.86
2025-12-29 05:00:00,2025-12-29 10:00:00,BUY,6929.45,6916.24,-21.28,-1.011,SL,5,2082.58
2025-12-31 19:00:00,2025-12-31 22:00:00,BUY,6875.25,6855.51,-20.99,-1.008,SL,3,2061.6
2026-01-02 16:00:00,2026-01-02 17:00:00,BUY,6887.5,6868.67,-20.78,-1.008,SL,1,2040.81
2026-01-05 09:00:00,2026-01-05 16:00:00,BUY,6868.0,6896.79,25.38,1.244,TP,7,2066.19
2026-01-06 05:00:00,2026-01-06 10:00:00,BUY,6909.1,6889.48,-20.82,-1.008,SL,5,2045.37
2026-01-07 06:00:00,2026-01-07 19:00:00,BUY,6943.4,6963.25,25.38,1.241,TP,13,2070.75
2026-01-08 10:00:00,2026-01-09 11:00:00,BUY,6911.8,6927.3,16.27,0.786,TIME,24,2087.02
2026-01-13 03:00:00,2026-01-13 15:00:00,BUY,6968.2,6993.87,25.94,1.243,TP,12,2112.95
2026-01-14 09:00:00,2026-01-14 12:00:00,BUY,6951.5,6931.76,-21.29,-1.008,SL,3,2091.66
2026-01-15 01:00:00,2026-01-15 16:00:00,BUY,6921.9,6964.45,26.05,1.246,TP,15,2117.71
2026-01-16 05:00:00,2026-01-16 17:00:00,BUY,6962.8,6940.99,-21.32,-1.007,SL,12,2096.39
2026-01-19 11:00:00,2026-01-20 10:00:00,BUY,6857.9,6829.09,-21.07,-1.005,SL,18,2075.32
2026-01-21 10:00:00,2026-01-21 13:00:00,BUY,6820.0,6792.0,-20.86,-1.005,SL,3,2054.45
2026-01-22 16:00:00,2026-01-23 17:00:00,BUY,6902.9,6926.6,14.02,0.683,TIME,24,2068.48
2026-01-26 11:00:00,2026-01-26 16:00:00,BUY,6898.2,6934.28,25.75,1.245,TP,5,2094.22
2026-01-28 05:00:00,2026-01-28 17:00:00,BUY,6995.5,6978.78,-21.13,-1.009,SL,12,2073.09
2026-01-29 07:00:00,2026-01-29 16:00:00,BUY,6989.9,6963.94,-20.85,-1.006,SL,9,2052.24
2026-01-30 05:00:00,2026-01-30 11:00:00,BUY,6938.9,6895.78,-20.59,-1.003,SL,6,2031.65
2026-01-30 23:00:00,2026-02-02 04:00:00,BUY,6935.5,6885.22,-20.38,-1.003,SL,4,2011.27
2026-02-03 02:00:00,2026-02-03 17:00:00,BUY,6994.0,6952.8,-20.19,-1.004,SL,15,1991.08
2026-02-04 14:00:00,2026-02-04 17:00:00,BUY,6928.7,6897.23,-20.01,-1.005,SL,3,1971.08
2026-02-05 17:00:00,2026-02-06 02:00:00,BUY,6793.9,6737.54,-19.76,-1.003,SL,8,1951.31
2026-02-09 13:00:00,2026-02-09 17:00:00,BUY,6914.9,6959.59,24.31,1.246,TP,4,1975.62
2026-02-11 08:00:00,2026-02-11 15:00:00,BUY,6955.3,6983.62,24.57,1.243,TP,7,2000.19
2026-02-12 04:00:00,2026-02-12 17:00:00,BUY,6952.9,6921.06,-20.1,-1.005,SL,13,1980.09
2026-02-13 09:00:00,2026-02-13 19:00:00,BUY,6827.1,6874.5,24.67,1.246,TP,10,2004.77
2026-02-17 03:00:00,2026-02-17 17:00:00,BUY,6813.8,6780.56,-20.14,-1.005,SL,14,1984.63
2026-02-18 15:00:00,2026-02-18 17:00:00,BUY,6857.9,6899.36,24.72,1.245,TP,2,2009.35
2026-02-19 11:00:00,2026-02-19 20:00:00,BUY,6865.9,6834.42,-20.19,-1.005,SL,9,1989.16
2026-02-20 09:00:00,2026-02-20 13:00:00,BUY,6878.0,6850.81,-20.0,-1.006,SL,4,1969.15
2026-02-23 03:00:00,2026-02-23 16:00:00,BUY,6862.9,6915.14,24.54,1.246,TP,13,1993.7
2026-02-24 05:00:00,2026-02-24 16:00:00,BUY,6858.1,6826.74,-20.03,-1.005,SL,11,1973.67
2026-02-25 08:00:00,2026-02-25 16:00:00,BUY,6893.2,6927.18,24.56,1.245,TP,8,1998.23
2026-02-26 17:00:00,2026-02-27 15:00:00,BUY,6893.0,6861.33,-20.08,-1.005,SL,21,1978.15
2026-03-02 16:00:00,2026-03-03 10:00:00,BUY,6844.5,6795.21,-19.84,-1.003,SL,17,1958.31
2026-03-04 14:00:00,2026-03-04 21:00:00,BUY,6819.7,6885.31,24.42,1.247,TP,7,1982.73
2026-03-05 10:00:00,2026-03-05 17:00:00,BUY,6850.2,6806.89,-19.9,-1.003,SL,7,1962.84
2026-03-06 06:00:00,2026-03-06 11:00:00,BUY,6841.2,6795.64,-19.69,-1.003,SL,5,1943.14
2026-03-09 07:00:00,2026-03-09 12:00:00,BUY,6607.0,6682.75,24.24,1.248,TP,5,1967.38
2026-03-10 14:00:00,2026-03-11 15:00:00,BUY,6784.1,6766.1,-6.8,-0.346,TIME,24,1960.58
2026-03-13 04:00:00,2026-03-13 10:00:00,BUY,6698.1,6651.6,-19.67,-1.003,SL,6,1940.91
2026-03-13 22:00:00,2026-03-16 15:00:00,BUY,6632.8,6697.44,24.21,1.247,TP,16,1965.12
2026-03-17 06:00:00,2026-03-17 16:00:00,BUY,6679.7,6723.32,24.48,1.246,TP,10,1989.6
2026-03-18 08:00:00,2026-03-18 15:00:00,BUY,6750.0,6723.59,-20.01,-1.006,SL,7,1969.59
2026-03-19 04:00:00,2026-03-19 15:00:00,BUY,6621.1,6582.7,-19.77,-1.004,SL,11,1949.82
2026-03-20 08:00:00,2026-03-20 12:00:00,BUY,6615.8,6578.59,-19.58,-1.004,SL,4,1930.24
2026-03-23 04:00:00,2026-03-23 10:00:00,BUY,6498.3,6440.21,-19.35,-1.003,SL,6,1910.89
2026-03-25 09:00:00,2026-03-26 10:00:00,BUY,6598.7,6565.7,-12.49,-0.654,TIME,24,1898.4
2026-03-26 22:00:00,2026-03-26 23:00:00,BUY,6475.5,6534.78,23.67,1.247,TP,1,1922.07
2026-03-27 12:00:00,2026-03-27 16:00:00,BUY,6469.2,6426.86,-19.29,-1.004,SL,4,1902.78
2026-03-30 05:00:00,2026-03-30 14:00:00,BUY,6355.6,6416.47,23.73,1.247,TP,9,1926.51
2026-03-31 03:00:00,2026-03-31 16:00:00,BUY,6369.3,6435.94,24.03,1.247,TP,13,1950.53
2026-04-01 09:00:00,2026-04-02 04:00:00,BUY,6577.8,6531.27,-19.57,-1.003,SL,18,1930.96
2026-04-02 16:00:00,2026-04-02 17:00:00,BUY,6519.8,6577.46,24.07,1.247,TP,1,1955.04
2026-04-03 09:00:00,2026-04-06 01:00:00,BUY,6565.9,6531.82,-19.64,-1.004,SL,8,1935.4
2026-04-06 16:00:00,2026-04-07 04:00:00,BUY,6610.2,6575.65,-19.44,-1.004,SL,11,1915.96
2026-04-07 18:00:00,2026-04-07 23:00:00,BUY,6562.3,6619.71,23.89,1.247,TP,5,1939.85
2026-04-08 16:00:00,2026-04-09 17:00:00,BUY,6773.8,6775.9,0.88,0.045,TIME,24,1940.73
2026-04-10 09:00:00,2026-04-13 01:00:00,BUY,6818.9,6745.75,-58.36,-3.007,SL,15,1882.37
2026-04-20 01:00:00,2026-04-20 16:00:00,BUY,7074.0,7121.13,23.45,1.246,TP,15,1905.83
2026-04-21 17:00:00,2026-04-21 20:00:00,BUY,7100.4,7072.88,-19.16,-1.005,SL,3,1886.66
2026-04-22 15:00:00,2026-04-23 03:00:00,BUY,7104.8,7076.5,-18.97,-1.005,SL,11,1867.7
2026-04-23 21:00:00,2026-04-24 14:00:00,BUY,7094.7,7152.16,23.29,1.247,TP,16,1890.98
2026-04-28 06:00:00,2026-04-28 13:00:00,BUY,7177.4,7156.45,-19.05,-1.007,SL,7,1871.94
2026-04-29 14:00:00,2026-04-29 16:00:00,BUY,7143.0,7120.69,-18.85,-1.007,SL,2,1853.09
2026-04-30 06:00:00,2026-04-30 09:00:00,BUY,7142.4,7104.6,-18.6,-1.004,SL,3,1834.48
2026-05-04 15:00:00,2026-05-04 19:00:00,BUY,7223.0,7192.46,-18.44,-1.005,SL,4,1816.05
2026-05-06 08:00:00,2026-05-06 11:00:00,BUY,7286.6,7314.03,22.58,1.243,TP,3,1838.63
2026-05-07 20:00:00,2026-05-08 15:00:00,BUY,7340.2,7377.25,22.89,1.245,TP,18,1861.52
2026-05-11 10:00:00,2026-05-11 17:00:00,BUY,7391.1,7417.58,23.14,1.243,TP,7,1884.65
2026-05-12 07:00:00,2026-05-12 16:00:00,BUY,7396.7,7372.14,-18.96,-1.006,SL,9,1865.69
2026-05-13 15:00:00,2026-05-13 19:00:00,BUY,7397.5,7430.54,23.22,1.244,TP,4,1888.91
2026-05-15 06:00:00,2026-05-15 08:00:00,BUY,7482.6,7452.91,-18.98,-1.005,SL,2,1869.92
2026-05-19 08:00:00,2026-05-19 17:00:00,BUY,7380.7,7335.93,-18.76,-1.003,SL,9,1851.16
2026-05-21 02:00:00,2026-05-21 20:00:00,BUY,7401.5,7454.17,23.07,1.246,TP,18,1874.23
2026-05-26 02:00:00,2026-05-26 18:00:00,BUY,7531.3,7507.63,-18.86,-1.006,SL,16,1855.37
2026-05-27 07:00:00,2026-05-27 15:00:00,BUY,7526.0,7552.92,23.06,1.243,TP,8,1878.44
2026-05-28 07:00:00,2026-05-28 17:00:00,BUY,7494.3,7531.36,23.39,1.245,TP,10,1901.82
2026-05-29 13:00:00,2026-06-01 03:00:00,BUY,7574.9,7599.74,23.63,1.242,TP,13,1925.45
2026-06-02 11:00:00,2026-06-02 18:00:00,BUY,7594.2,7621.13,23.93,1.243,TP,7,1949.39
2026-06-03 16:00:00,2026-06-03 19:00:00,BUY,7576.0,7553.42,-19.62,-1.007,SL,3,1929.76
2026-06-05 01:00:00,2026-06-05 03:00:00,BUY,7573.5,7544.92,-19.4,-1.005,SL,2,1910.36
2026-06-05 15:00:00,2026-06-05 16:00:00,BUY,7538.1,7511.02,-19.21,-1.006,SL,1,1891.15
2026-06-08 05:00:00,2026-06-09 06:00:00,BUY,7403.1,7419.0,5.5,0.291,TIME,24,1896.66
2026-06-09 18:00:00,2026-06-09 19:00:00,BUY,7303.6,7240.86,-19.01,-1.002,SL,1,1877.64
2026-06-10 21:00:00,2026-06-11 20:00:00,BUY,7288.1,7376.24,23.43,1.248,TP,22,1901.07
2026-06-12 16:00:00,2026-06-12 18:00:00,BUY,7377.7,7454.29,23.72,1.248,TP,2,1924.79
2026-06-16 08:00:00,2026-06-16 22:00:00,BUY,7548.7,7521.19,-19.35,-1.005,SL,14,1905.44
2026-06-17 11:00:00,2026-06-17 17:00:00,BUY,7527.2,7504.86,-19.18,-1.007,SL,6,1886.25
2026-06-19 05:00:00,2026-06-22 10:00:00,BUY,7477.5,7494.0,8.61,0.456,TIME,24,1894.86
2026-06-23 08:00:00,2026-06-23 10:00:00,BUY,7401.7,7362.95,-19.02,-1.004,SL,2,1875.84
2026-06-26 05:00:00,2026-06-26 18:00:00,BUY,7304.0,7379.41,23.4,1.248,TP,13,1899.24
2026-06-30 09:00:00,2026-06-30 19:00:00,BUY,7448.8,7491.74,23.66,1.246,TP,10,1922.9
2026-07-02 01:00:00,2026-07-02 16:00:00,BUY,7483.9,7522.79,23.94,1.245,TP,15,1946.84
2026-07-03 05:00:00,2026-07-06 10:00:00,BUY,7499.1,7511.1,5.88,0.302,TIME,24,1952.72
2026-07-07 05:00:00,2026-07-07 17:00:00,BUY,7529.0,7504.78,-19.65,-1.006,SL,12,1933.07
2026-07-09 07:00:00,2026-07-09 20:00:00,BUY,7498.4,7542.44,24.08,1.246,TP,13,1957.15
2026-07-10 10:00:00,2026-07-10 16:00:00,BUY,7526.4,7555.71,24.34,1.244,TP,6,1981.49
2026-07-14 03:00:00,2026-07-14 15:00:00,BUY,7513.8,7552.91,24.67,1.245,TP,12,2006.17
2026-07-15 14:00:00,2026-07-15 19:00:00,BUY,7556.6,7532.26,-20.19,-1.006,SL,5,1985.98
2026-07-16 10:00:00,2026-07-16 21:00:00,BUY,7558.8,7531.19,-19.97,-1.005,SL,11,1966.01
2026-07-21 03:00:00,2026-07-21 18:00:00,BUY,7455.2,7502.67,24.5,1.246,TP,15,1990.51
2026-07-22 11:00:00,2026-07-22 17:00:00,BUY,7488.2,7516.73,24.75,1.243,TP,6,2015.26
2026-07-23 06:00:00,2026-07-23 10:00:00,BUY,7490.9,7460.96,-20.25,-1.005,SL,4,1995.01
2026-07-24 09:00:00,2026-07-24 18:00:00,BUY,7406.1,7445.58,24.84,1.245,TP,9,2019.85
2026-07-27 19:00:00,2026-07-28 19:00:00,BUY,7394.4,7449.15,25.18,1.247,TP,23,2045.03
2026-07-29 08:00:00,2026-07-29 17:00:00,BUY,7425.1,7383.64,-20.52,-1.004,SL,9,2024.51
2026-07-31 15:00:00,2026-07-31 17:00:00,BUY,7454.4,7419.98,-20.33,-1.004,SL,2,2004.17
2026-08-03 12:00:00,2026-08-03 17:00:00,BUY,7529.5,7567.84,24.95,1.245,TP,5,2029.13
2026-08-04 09:00:00,2026-08-04 16:00:00,BUY,7618.3,7647.02,25.23,1.244,TP,7,2054.36
2026-08-05 10:00:00,2026-08-05 18:00:00,BUY,7766.2,7741.43,-20.67,-1.006,SL,8,2033.69
2026-08-06 07:00:00,2026-08-06 18:00:00,BUY,7736.4,7709.44,-20.45,-1.006,SL,11,2013.24
2026-08-07 09:00:00,2026-08-07 15:00:00,BUY,7713.2,7742.86,25.04,1.244,TP,6,2038.28
2026-08-10 08:00:00,2026-08-10 19:00:00,BUY,7767.8,7744.65,-20.52,-1.007,SL,11,2017.76
2026-08-11 08:00:00,2026-08-11 19:00:00,BUY,7757.4,7738.67,-20.34,-1.008,SL,11,1997.42
2026-08-12 17:00:00,2026-08-13 16:00:00,BUY,7745.5,7773.94,24.84,1.243,TP,22,2022.26
2026-08-14 07:00:00,2026-08-14 18:00:00,BUY,7802.3,7785.49,-20.4,-1.009,SL,11,2001.86
2026-08-17 07:00:00,2026-08-17 16:00:00,BUY,7792.2,7778.32,-20.24,-1.011,SL,9,1981.62
2026-08-19 02:00:00,2026-08-19 15:00:00,BUY,7690.6,7715.68,24.62,1.243,TP,13,2006.24
2026-08-20 05:00:00,2026-08-20 14:00:00,BUY,7717.5,7690.94,-20.18,-1.006,SL,9,1986.06
2026-08-21 03:00:00,2026-08-21 15:00:00,BUY,7646.4,7681.39,24.72,1.245,TP,12,2010.78
2026-08-25 12:00:00,2026-08-25 17:00:00,BUY,7694.3,7670.15,-20.23,-1.006,SL,5,1990.55
2026-08-26 09:00:00,2026-08-27 01:00:00,BUY,7674.6,7712.75,35.5,1.783,TP,15,2026.05
2026-08-28 02:00:00,2026-08-28 17:00:00,BUY,7718.2,7752.26,25.21,1.245,TP,15,2051.26
