entry_time,exit_time,type,entry_price,exit_price,pnl,return_pct,reason,bars_held,equity_after
2019-03-22 08:00:00,2019-03-22 11:00:00,BUY,2853.75,2842.69,-10.14,-1.014,SL,3,989.86
2019-03-25 19:00:00,2019-03-26 16:00:00,BUY,2799.45,2823.92,12.3,1.242,TP,20,1002.16
2019-03-27 09:00:00,2019-03-27 13:00:00,BUY,2825.85,2813.99,-10.15,-1.013,SL,4,992.01
2019-03-28 03:00:00,2019-03-28 16:00:00,BUY,2794.25,2814.63,12.31,1.241,TP,13,1004.32
2019-03-29 05:00:00,2019-04-01 01:00:00,BUY,2823.55,2842.85,15.15,1.508,TP,19,1019.47
2019-04-01 13:00:00,2019-04-01 21:00:00,BUY,2851.35,2863.07,12.58,1.234,TP,8,1032.05
2019-04-03 21:00:00,2019-04-04 22:00:00,BUY,2871.15,2878.45,7.82,0.758,TIME,24,1039.87
2019-04-05 11:00:00,2019-04-05 17:00:00,BUY,2883.35,2891.83,12.77,1.228,TP,6,1052.65
2019-04-09 16:00:00,2019-04-09 22:00:00,BUY,2880.55,2873.65,-10.76,-1.022,SL,6,1041.89
2019-04-11 01:00:00,2019-04-11 18:00:00,BUY,2891.65,2884.28,-10.64,-1.021,SL,17,1031.25
2019-04-12 07:00:00,2019-04-12 11:00:00,BUY,2891.75,2900.11,12.66,1.228,TP,4,1043.91
2019-04-12 23:00:00,2019-04-15 17:00:00,BUY,2907.85,2899.62,-10.63,-1.019,SL,17,1033.28
2019-04-16 10:00:00,2019-04-16 17:00:00,BUY,2915.35,2909.08,-10.59,-1.024,SL,7,1022.7
2019-04-17 06:00:00,2019-04-17 17:00:00,BUY,2909.55,2901.84,-10.43,-1.02,SL,11,1012.27
2019-04-18 06:00:00,2019-04-18 15:00:00,BUY,2889.15,2899.08,12.47,1.231,TP,9,1024.73
2019-04-23 17:00:00,2019-04-23 18:00:00,BUY,2921.05,2929.3,12.58,1.228,TP,1,1037.31
2019-04-24 13:00:00,2019-04-24 16:00:00,BUY,2935.05,2929.12,-10.64,-1.026,SL,3,1026.67
2019-04-25 05:00:00,2019-04-25 13:00:00,BUY,2931.25,2924.14,-10.49,-1.022,SL,8,1016.18
2019-04-26 02:00:00,2019-04-26 22:00:00,BUY,2921.65,2933.36,12.54,1.234,TP,20,1028.72
2019-04-29 12:00:00,2019-04-29 21:00:00,BUY,2939.45,2948.28,12.64,1.229,TP,9,1041.37
2019-04-30 16:00:00,2019-04-30 18:00:00,BUY,2935.15,2928.55,-10.66,-1.023,SL,2,1030.71
2019-05-01 21:00:00,2019-05-01 22:00:00,BUY,2943.55,2933.49,-10.46,-1.015,SL,1,1020.25
2019-05-02 20:00:00,2019-05-03 16:00:00,BUY,2914.95,2933.14,12.65,1.24,TP,19,1032.9
2019-05-06 05:00:00,2019-05-06 16:00:00,BUY,2890.35,2912.77,12.83,1.242,TP,11,1045.72
2019-05-07 05:00:00,2019-05-07 16:00:00,BUY,2918.15,2901.05,-10.55,-1.009,SL,11,1035.17
2019-05-08 17:00:00,2019-05-09 03:00:00,BUY,2891.45,2872.41,-10.43,-1.008,SL,9,1024.74
2019-05-09 15:00:00,2019-05-09 16:00:00,BUY,2857.85,2842.38,-10.35,-1.01,SL,1,1014.39
2019-05-10 15:00:00,2019-05-10 17:00:00,BUY,2854.55,2832.15,-10.21,-1.007,SL,2,1004.18
2019-05-13 16:00:00,2019-05-13 20:00:00,BUY,2823.85,2803.01,-10.11,-1.007,SL,4,994.06
2019-05-14 13:00:00,2019-05-14 18:00:00,BUY,2824.65,2844.43,12.33,1.241,TP,5,1006.4
2019-05-15 07:00:00,2019-05-15 13:00:00,BUY,2842.95,2828.02,-10.17,-1.01,SL,6,996.23
2019-05-16 04:00:00,2019-05-16 13:00:00,BUY,2843.05,2862.12,12.36,1.24,TP,9,1008.59
2019-05-17 02:00:00,2019-05-17 08:00:00,BUY,2880.35,2865.81,-10.19,-1.01,SL,6,998.39
2019-05-17 20:00:00,2019-05-17 22:00:00,BUY,2876.75,2858.52,-10.07,-1.008,SL,2,988.33
2019-05-20 14:00:00,2019-05-21 15:00:00,BUY,2845.05,2860.45,9.55,0.966,TIME,24,997.88
2019-05-23 04:00:00,2019-05-23 11:00:00,BUY,2844.75,2832.5,-10.1,-1.012,SL,7,987.77
2019-05-24 09:00:00,2019-05-27 10:00:00,BUY,2831.15,2834.95,3.12,0.315,TIME,24,990.89
2019-05-28 03:00:00,2019-05-28 10:00:00,BUY,2836.95,2828.63,-10.09,-1.018,SL,7,980.8
2019-05-28 22:00:00,2019-05-29 09:00:00,BUY,2801.85,2787.55,-9.91,-1.011,SL,10,970.89
2019-05-30 18:00:00,2019-05-31 02:00:00,BUY,2785.85,2772.09,-9.82,-1.011,SL,7,961.07
2019-05-31 14:00:00,2019-06-03 01:00:00,BUY,2759.25,2742.75,-11.3,-1.176,SL,10,949.77
2019-06-03 13:00:00,2019-06-03 16:00:00,BUY,2742.05,2758.26,11.76,1.239,TP,3,961.54
2019-06-04 05:00:00,2019-06-04 16:00:00,BUY,2750.35,2773.28,11.94,1.242,TP,11,973.48
2019-06-05 11:00:00,2019-06-05 17:00:00,BUY,2813.35,2800.79,-9.85,-1.012,SL,6,963.62
2019-06-06 06:00:00,2019-06-06 22:00:00,BUY,2825.95,2843.5,11.94,1.239,TP,16,975.57
2019-06-07 11:00:00,2019-06-07 16:00:00,BUY,2853.05,2865.99,12.05,1.236,TP,5,987.62
2019-06-11 22:00:00,2019-06-12 23:00:00,BUY,2885.95,2880.35,-4.16,-0.421,TIME,24,983.46
2019-06-13 12:00:00,2019-06-14 13:00:00,BUY,2887.75,2883.15,-3.77,-0.383,TIME,24,979.69
2019-06-17 02:00:00,2019-06-18 03:00:00,BUY,2895.75,2892.15,-3.34,-0.341,TIME,24,976.36
2019-06-18 15:00:00,2019-06-18 16:00:00,BUY,2908.55,2920.64,12.05,1.235,TP,1,988.41
2019-06-21 01:00:00,2019-06-24 02:00:00,BUY,2951.55,2950.35,-1.01,-0.102,TIME,24,987.41
2019-06-24 22:00:00,2019-06-25 07:00:00,BUY,2946.05,2937.72,-10.06,-1.018,SL,8,977.35
2019-06-25 21:00:00,2019-06-26 22:00:00,BUY,2922.15,2913.25,-7.12,-0.729,TIME,24,970.23
2019-06-27 13:00:00,2019-06-28 01:00:00,BUY,2918.75,2931.7,11.99,1.236,TP,11,982.22
2019-06-28 13:00:00,2019-06-28 22:00:00,BUY,2933.05,2943.28,12.1,1.232,TP,9,994.32
2019-07-01 11:00:00,2019-07-01 18:00:00,BUY,2972.55,2961.82,-10.08,-1.014,SL,7,984.23
2019-07-02 07:00:00,2019-07-02 11:00:00,BUY,2967.35,2957.28,-9.99,-1.015,SL,4,974.24
2019-07-02 23:00:00,2019-07-03 18:00:00,BUY,2975.75,2990.14,12.05,1.237,TP,18,986.3
2019-07-05 10:00:00,2019-07-05 11:00:00,BUY,2995.75,2991.27,-10.2,-1.035,SL,1,976.09
2019-07-05 23:00:00,2019-07-08 08:00:00,BUY,2988.25,2977.38,-9.9,-1.014,SL,8,966.19
2019-07-08 20:00:00,2019-07-09 06:00:00,BUY,2974.65,2965.67,-9.83,-1.017,SL,9,956.37
2019-07-09 18:00:00,2019-07-10 15:00:00,BUY,2973.75,2984.3,11.79,1.232,TP,20,968.16
2019-07-11 04:00:00,2019-07-11 21:00:00,BUY,2999.35,2988.63,-9.82,-1.014,SL,17,958.34
2019-07-12 10:00:00,2019-07-15 05:00:00,BUY,3005.65,3015.2,11.79,1.231,TP,18,970.13
2019-07-16 18:00:00,2019-07-17 01:00:00,BUY,3007.25,3000.39,-9.92,-1.022,SL,6,960.21
2019-07-17 17:00:00,2019-07-17 22:00:00,BUY,2993.15,2985.12,-9.78,-1.019,SL,5,950.43
2019-07-18 11:00:00,2019-07-18 17:00:00,BUY,2974.95,2985.27,11.71,1.232,TP,6,962.14
2019-07-19 06:00:00,2019-07-19 18:00:00,BUY,3003.55,2991.74,-9.75,-1.013,SL,12,952.39
2019-07-22 07:00:00,2019-07-22 22:00:00,BUY,2975.65,2989.18,11.77,1.236,TP,15,964.17
2019-07-24 02:00:00,2019-07-24 11:00:00,BUY,3003.45,2994.12,-9.8,-1.016,SL,9,954.37
2019-07-24 23:00:00,2019-07-25 16:00:00,BUY,3015.95,3006.61,-9.7,-1.016,SL,16,944.67
2019-07-26 05:00:00,2019-07-26 21:00:00,BUY,3012.25,3024.8,11.67,1.235,TP,16,956.34
2019-07-30 12:00:00,2019-07-30 14:00:00,BUY,3014.25,3008.04,-9.8,-1.025,SL,2,946.54
2019-07-31 04:00:00,2019-07-31 21:00:00,BUY,3013.45,3005.32,-9.64,-1.019,SL,17,936.89
2019-08-01 12:00:00,2019-08-01 17:00:00,BUY,2987.75,3005.78,11.61,1.24,TP,5,948.51
2019-08-02 18:00:00,2019-08-05 05:00:00,BUY,2925.05,2901.12,-9.54,-1.006,SL,10,938.96
2019-08-05 17:00:00,2019-08-05 19:00:00,BUY,2869.25,2846.66,-9.45,-1.007,SL,2,929.51
2019-08-06 08:00:00,2019-08-06 21:00:00,BUY,2837.65,2881.25,11.58,1.246,TP,13,941.09
2019-08-07 10:00:00,2019-08-07 15:00:00,BUY,2880.55,2857.07,-9.47,-1.006,SL,5,931.62
2019-08-08 04:00:00,2019-08-08 19:00:00,BUY,2892.85,2928.58,11.6,1.245,TP,15,943.21
2019-08-09 09:00:00,2019-08-09 17:00:00,BUY,2930.35,2912.83,-9.51,-1.009,SL,8,933.7
2019-08-12 12:00:00,2019-08-12 20:00:00,BUY,2905.05,2887.64,-9.42,-1.009,SL,8,924.28
2019-08-13 10:00:00,2019-08-13 16:00:00,BUY,2873.75,2894.19,11.47,1.241,TP,6,935.75
2019-08-14 06:00:00,2019-08-14 13:00:00,BUY,2926.55,2906.83,-9.43,-1.008,SL,7,926.32
2019-08-15 03:00:00,2019-08-15 13:00:00,BUY,2846.05,2822.92,-9.32,-1.007,SL,10,917.0
2019-08-19 01:00:00,2019-08-19 20:00:00,BUY,2903.75,2927.52,11.39,1.242,TP,19,928.39
2019-08-20 09:00:00,2019-08-20 16:00:00,BUY,2924.85,2913.59,-9.41,-1.013,SL,7,918.98
2019-08-21 11:00:00,2019-08-22 01:00:00,BUY,2918.15,2932.72,11.37,1.237,TP,13,930.35
2019-08-22 13:00:00,2019-08-22 16:00:00,BUY,2923.15,2938.11,11.51,1.238,TP,3,941.86
2019-08-23 05:00:00,2019-08-23 15:00:00,BUY,2932.05,2917.34,-9.52,-1.01,SL,10,932.35
2019-08-26 04:00:00,2019-08-26 10:00:00,BUY,2832.95,2868.84,11.61,1.245,TP,6,943.95
2019-08-26 22:00:00,2019-08-27 23:00:00,BUY,2879.95,2866.35,-4.87,-0.516,TIME,24,939.08
2019-08-29 01:00:00,2019-08-29 10:00:00,BUY,2885.95,2907.07,11.66,1.241,TP,9,950.74
2019-08-29 22:00:00,2019-08-30 12:00:00,BUY,2924.45,2943.63,11.79,1.24,TP,13,962.53
2019-09-02 04:00:00,2019-09-02 18:00:00,BUY,2913.95,2897.41,-9.71,-1.009,SL,14,952.81
2019-09-03 16:00:00,2019-09-03 17:00:00,BUY,2911.85,2893.25,-9.61,-1.008,SL,1,943.21
2019-09-04 08:00:00,2019-09-05 04:00:00,BUY,2926.05,2945.04,11.7,1.24,TP,19,954.91
2019-09-06 02:00:00,2019-09-09 03:00:00,BUY,2977.05,2985.95,6.7,0.702,TIME,24,961.61
2019-09-09 20:00:00,2019-09-10 11:00:00,BUY,2975.15,2964.65,-9.76,-1.014,SL,14,951.85
2019-09-10 23:00:00,2019-09-11 22:00:00,BUY,2978.65,2995.79,11.79,1.239,TP,22,963.65
2019-09-12 16:00:00,2019-09-12 20:00:00,BUY,3005.15,3019.93,11.92,1.237,TP,4,975.57
2019-09-13 09:00:00,2019-09-13 20:00:00,BUY,3015.25,3005.66,-9.91,-1.016,SL,11,965.66
2019-09-16 16:00:00,2019-09-17 17:00:00,BUY,3000.95,2995.75,-4.47,-0.463,TIME,24,961.19
2019-09-18 09:00:00,2019-09-18 20:00:00,BUY,3001.65,2994.5,-9.82,-1.021,SL,11,951.37
2019-09-19 09:00:00,2019-09-19 15:00:00,BUY,2996.15,3008.45,11.75,1.235,TP,6,963.12
2019-09-20 04:00:00,2019-09-20 20:00:00,BUY,3007.95,2996.92,-9.76,-1.014,SL,16,953.35
2019-09-24 06:00:00,2019-09-24 18:00:00,BUY,3003.45,2992.43,-9.67,-1.014,SL,12,943.69
2019-09-25 08:00:00,2019-09-25 11:00:00,BUY,2974.55,2961.1,-9.54,-1.011,SL,3,934.14
2019-09-26 04:00:00,2019-09-26 18:00:00,BUY,2982.95,2970.41,-9.45,-1.012,SL,14,924.69
2019-09-27 16:00:00,2019-09-27 18:00:00,BUY,2977.55,2965.61,-9.36,-1.013,SL,2,915.33
2019-09-30 09:00:00,2019-10-01 04:00:00,BUY,2973.35,2990.78,11.34,1.239,TP,18,926.67
2019-10-01 17:00:00,2019-10-01 19:00:00,BUY,2962.05,2948.25,-9.37,-1.011,SL,2,917.3
2019-10-02 08:00:00,2019-10-02 10:00:00,BUY,2943.05,2930.86,-9.29,-1.012,SL,2,908.01
2019-10-03 13:00:00,2019-10-03 17:00:00,BUY,2885.75,2870.68,-9.17,-1.01,SL,4,898.84
2019-10-04 06:00:00,2019-10-04 16:00:00,BUY,2908.65,2927.32,11.15,1.24,TP,10,909.99
2019-10-07 18:00:00,2019-10-07 21:00:00,BUY,2956.25,2942.78,-9.2,-1.011,SL,3,900.79
2019-10-08 12:00:00,2019-10-08 14:00:00,BUY,2930.05,2916.82,-9.11,-1.011,SL,2,891.67
2019-10-09 06:00:00,2019-10-09 12:00:00,BUY,2901.75,2923.77,11.07,1.242,TP,6,902.75
2019-10-10 04:00:00,2019-10-10 18:00:00,BUY,2912.85,2947.76,11.24,1.245,TP,14,913.98
2019-10-11 07:00:00,2019-10-11 16:00:00,BUY,2953.75,2975.56,11.35,1.241,TP,9,925.33
2019-10-14 05:00:00,2019-10-14 12:00:00,BUY,2977.15,2959.31,-9.33,-1.008,SL,7,916.0
2019-10-15 05:00:00,2019-10-15 17:00:00,BUY,2973.05,2987.17,11.33,1.237,TP,12,927.33
2019-10-16 06:00:00,2019-10-17 07:00:00,BUY,2988.45,2989.75,1.14,0.123,TIME,24,928.46
2019-10-17 19:00:00,2019-10-18 18:00:00,BUY,2999.15,2986.45,-9.4,-1.012,SL,22,919.07
2019-10-21 09:00:00,2019-10-21 19:00:00,BUY,2993.15,3004.45,11.34,1.234,TP,10,930.41
2019-10-22 10:00:00,2019-10-22 17:00:00,BUY,3005.25,3014.16,11.44,1.229,TP,7,941.84
2019-10-23 06:00:00,2019-10-23 17:00:00,BUY,2987.95,3000.58,11.63,1.235,TP,11,953.48
2019-10-24 06:00:00,2019-10-25 07:00:00,BUY,3006.95,3005.25,-1.91,-0.2,TIME,24,951.57
2019-10-25 19:00:00,2019-10-28 16:00:00,BUY,3023.75,3036.19,11.75,1.235,TP,20,963.32
2019-10-29 17:00:00,2019-10-29 18:00:00,BUY,3046.35,3038.19,-9.81,-1.019,SL,1,953.51
2019-10-30 18:00:00,2019-10-30 22:00:00,BUY,3033.45,3043.09,11.74,1.231,TP,4,965.24
2019-10-31 12:00:00,2019-10-31 17:00:00,BUY,3038.75,3029.28,-9.81,-1.016,SL,5,955.44
2019-11-01 06:00:00,2019-11-01 16:00:00,BUY,3044.65,3057.38,11.8,1.235,TP,10,967.24
2019-11-04 11:00:00,2019-11-05 12:00:00,BUY,3079.55,3085.75,8.04,0.832,TIME,24,975.28
2019-11-06 17:00:00,2019-11-06 18:00:00,BUY,3073.15,3065.42,-9.95,-1.02,SL,1,965.34
2019-11-07 07:00:00,2019-11-07 09:00:00,BUY,3074.85,3083.76,11.87,1.229,TP,2,977.2
2019-11-07 21:00:00,2019-11-08 16:00:00,BUY,3087.35,3077.0,-9.92,-1.015,SL,18,967.29
2019-11-11 07:00:00,2019-11-11 16:00:00,BUY,3083.15,3076.0,-9.88,-1.021,SL,9,957.41
2019-11-12 08:00:00,2019-11-12 11:00:00,BUY,3092.85,3085.82,-9.78,-1.022,SL,3,947.63
2019-11-13 02:00:00,2019-11-13 11:00:00,BUY,3086.65,3077.15,-9.63,-1.016,SL,9,938.0
2019-11-13 23:00:00,2019-11-14 18:00:00,BUY,3097.95,3087.73,-9.52,-1.015,SL,18,928.48
2019-11-15 07:00:00,2019-11-18 08:00:00,BUY,3108.55,3119.87,11.45,1.234,TP,24,939.93
2019-11-19 03:00:00,2019-11-19 17:00:00,BUY,3122.45,3113.97,-9.57,-1.018,SL,14,930.36
2019-11-20 06:00:00,2019-11-20 11:00:00,BUY,3114.45,3105.31,-9.46,-1.017,SL,5,920.9
2019-11-21 02:00:00,2019-11-21 15:00:00,BUY,3094.75,3112.67,11.42,1.24,TP,13,932.32
2019-11-22 05:00:00,2019-11-25 06:00:00,BUY,3108.85,3118.55,8.1,0.869,TIME,24,940.42
2019-11-25 18:00:00,2019-11-26 03:00:00,BUY,3129.75,3138.05,11.55,1.228,TP,8,951.97
2019-11-27 03:00:00,2019-11-27 20:00:00,BUY,3144.05,3153.34,11.71,1.23,TP,17,963.68
2019-11-29 20:00:00,2019-12-02 02:00:00,BUY,3143.85,3151.25,11.81,1.225,TP,2,975.49
2019-12-02 15:00:00,2019-12-02 16:00:00,BUY,3147.15,3140.3,-9.97,-1.022,SL,1,965.51
2019-12-03 05:00:00,2019-12-03 12:00:00,BUY,3120.45,3108.61,-9.78,-1.013,SL,7,955.74
2019-12-04 01:00:00,2019-12-04 16:00:00,BUY,3094.55,3112.44,11.85,1.24,TP,15,967.58
2019-12-05 06:00:00,2019-12-05 12:00:00,BUY,3110.15,3122.83,11.95,1.235,TP,6,979.54
2019-12-06 08:00:00,2019-12-06 15:00:00,BUY,3124.25,3135.08,12.08,1.233,TP,7,991.61
2019-12-09 05:00:00,2019-12-09 23:00:00,BUY,3141.95,3133.83,-10.1,-1.019,SL,18,981.51
2019-12-10 12:00:00,2019-12-10 13:00:00,BUY,3125.15,3116.85,-10.0,-1.018,SL,1,971.52
2019-12-11 07:00:00,2019-12-12 08:00:00,BUY,3135.65,3145.45,9.91,1.021,TIME,24,981.43
2019-12-12 20:00:00,2019-12-13 01:00:00,BUY,3158.65,3175.81,12.16,1.239,TP,4,993.59
2019-12-13 13:00:00,2019-12-13 14:00:00,BUY,3179.85,3168.95,-10.07,-1.014,SL,1,983.52
2019-12-16 03:00:00,2019-12-16 17:00:00,BUY,3178.85,3194.59,12.18,1.238,TP,14,995.69
2019-12-20 16:00:00,2019-12-20 21:00:00,BUY,3217.55,3224.89,12.2,1.225,TP,5,1007.89
2019-12-24 01:00:00,2019-12-24 16:00:00,BUY,3225.95,3220.89,-10.39,-1.031,SL,15,997.5
2019-12-26 15:00:00,2019-12-26 17:00:00,BUY,3228.75,3233.1,12.05,1.208,TP,2,1009.56
2019-12-27 06:00:00,2019-12-27 16:00:00,BUY,3246.95,3241.83,-10.4,-1.03,SL,10,999.16
2019-12-30 17:00:00,2019-12-31 16:00:00,BUY,3222.35,3213.18,-10.16,-1.017,SL,22,989.0
2020-01-02 15:00:00,2020-01-02 17:00:00,BUY,3249.85,3240.69,-10.05,-1.017,SL,2,978.94
2020-01-03 06:00:00,2020-01-03 10:00:00,BUY,3236.15,3222.53,-9.9,-1.011,SL,4,969.05
2020-01-03 22:00:00,2020-01-06 10:00:00,BUY,3234.35,3216.19,-9.77,-1.008,SL,11,959.28
2020-01-06 22:00:00,2020-01-07 16:00:00,BUY,3246.65,3232.44,-9.7,-1.011,SL,17,949.58
2020-01-08 05:00:00,2020-01-08 18:00:00,BUY,3228.35,3257.1,11.81,1.244,TP,13,961.39
2020-01-09 07:00:00,2020-01-10 02:00:00,BUY,3264.35,3282.1,11.92,1.24,TP,18,973.3
2020-01-10 14:00:00,2020-01-10 16:00:00,BUY,3283.15,3275.26,-9.92,-1.019,SL,2,963.38
2020-01-13 17:00:00,2020-01-13 22:00:00,BUY,3277.35,3288.02,11.88,1.233,TP,5,975.26
2020-01-14 12:00:00,2020-01-15 13:00:00,BUY,3286.05,3285.65,-0.39,-0.04,TIME,24,974.86
2020-01-16 02:00:00,2020-01-16 22:00:00,BUY,3295.25,3309.58,12.06,1.237,TP,20,986.92
2020-01-17 11:00:00,2020-01-20 12:00:00,BUY,3324.75,3319.95,-7.19,-0.728,TIME,24,979.74
2020-01-21 10:00:00,2020-01-21 16:00:00,BUY,3312.75,3321.9,12.05,1.23,TP,6,991.79
2020-01-22 18:00:00,2020-01-22 22:00:00,BUY,3328.65,3319.93,-10.09,-1.017,SL,4,981.7
2020-01-23 11:00:00,2020-01-23 16:00:00,BUY,3318.15,3309.07,-9.98,-1.017,SL,5,971.71
2020-01-24 05:00:00,2020-01-24 17:00:00,BUY,3329.05,3319.18,-9.87,-1.015,SL,12,961.85
2020-01-27 06:00:00,2020-01-27 12:00:00,BUY,3263.35,3245.3,-9.7,-1.008,SL,6,952.15
2020-01-28 01:00:00,2020-01-28 17:00:00,BUY,3248.15,3271.9,11.83,1.242,TP,16,963.98
2020-01-30 02:00:00,2020-01-30 05:00:00,BUY,3268.15,3252.89,-9.74,-1.01,SL,3,954.24
2020-01-30 17:00:00,2020-01-30 21:00:00,BUY,3244.55,3268.51,11.85,1.242,TP,4,966.09
2020-02-03 01:00:00,2020-02-03 17:00:00,BUY,3233.05,3261.83,12.01,1.244,TP,16,978.11
2020-02-04 11:00:00,2020-02-05 10:00:00,BUY,3285.05,3307.67,12.15,1.242,TP,22,990.25
2020-02-05 22:00:00,2020-02-06 08:00:00,BUY,3335.55,3357.34,12.29,1.241,TP,9,1002.55
2020-02-06 20:00:00,2020-02-07 13:00:00,BUY,3345.05,3329.7,-10.12,-1.01,SL,16,992.42
2020-02-10 03:00:00,2020-02-10 22:00:00,BUY,3325.85,3348.2,12.32,1.242,TP,19,1004.74
2020-02-11 15:00:00,2020-02-11 22:00:00,BUY,3365.55,3354.78,-10.19,-1.014,SL,7,994.56
2020-02-13 01:00:00,2020-02-13 11:00:00,BUY,3367.65,3355.73,-10.07,-1.013,SL,10,984.48
2020-02-13 23:00:00,2020-02-17 01:00:00,BUY,3379.15,3387.95,6.15,0.624,TIME,24,990.63
2020-02-18 03:00:00,2020-02-18 09:00:00,BUY,3373.05,3364.47,-10.08,-1.018,SL,6,980.55
2020-02-19 02:00:00,2020-02-19 19:00:00,BUY,3376.25,3391.51,12.14,1.238,TP,17,992.68
2020-02-20 08:00:00,2020-02-20 15:00:00,BUY,3386.15,3375.66,-10.07,-1.015,SL,7,982.61
2020-02-24 01:00:00,2020-02-24 10:00:00,BUY,3298.75,3273.73,-9.89,-1.006,SL,9,972.73
2020-02-24 22:00:00,2020-02-25 17:00:00,BUY,3225.75,3192.04,-9.77,-1.004,SL,18,962.96
2020-02-26 08:00:00,2020-02-26 11:00:00,BUY,3136.25,3099.47,-9.67,-1.004,SL,3,953.29
2020-02-27 04:00:00,2020-02-27 17:00:00,BUY,3072.65,3026.55,-9.56,-1.003,SL,13,943.72
2020-02-28 06:00:00,2020-02-28 16:00:00,BUY,2934.75,2877.44,-9.46,-1.003,SL,10,934.26
2020-03-02 05:00:00,2020-03-02 22:00:00,BUY,2971.85,3081.5,11.66,1.248,TP,17,945.92
2020-03-03 16:00:00,2020-03-03 17:00:00,BUY,3059.25,3136.62,11.8,1.248,TP,1,957.73
2020-03-04 06:00:00,2020-03-04 22:00:00,BUY,3033.95,3111.21,11.95,1.248,TP,16,969.67
2020-03-05 11:00:00,2020-03-05 16:00:00,BUY,3069.25,3033.45,-9.74,-1.004,SL,5,959.94
2020-03-06 05:00:00,2020-03-06 12:00:00,BUY,2981.25,2939.42,-9.63,-1.004,SL,7,950.3
2020-03-09 01:00:00,2020-03-09 16:00:00,BUY,2842.85,2726.25,-14.69,-1.545,SL,6,935.62
2020-03-10 05:00:00,2020-03-10 18:00:00,BUY,2816.95,2737.19,-9.37,-1.002,SL,13,926.24
2020-03-11 07:00:00,2020-03-11 21:00:00,BUY,2805.15,2731.89,-9.28,-1.002,SL,14,916.96
2020-03-12 10:00:00,2020-03-12 16:00:00,BUY,2633.35,2557.35,-9.19,-1.002,SL,6,907.77
2020-03-13 05:00:00,2020-03-13 08:00:00,BUY,2416.55,2543.34,11.33,1.249,TP,3,919.11
2020-03-13 21:00:00,2020-03-16 16:00:00,BUY,2566.45,2385.65,-14.35,-1.561,SL,4,904.76
2020-03-17 05:00:00,2020-03-17 17:00:00,BUY,2502.05,2366.98,-9.06,-1.001,SL,12,895.7
2020-03-18 06:00:00,2020-03-18 20:00:00,BUY,2417.55,2305.2,-8.97,-1.001,SL,7,886.73
2020-03-19 09:00:00,2020-03-20 10:00:00,BUY,2373.15,2469.15,7.55,0.852,TIME,24,894.28
2020-03-20 22:00:00,2020-03-23 01:00:00,BUY,2297.45,2198.2,-8.96,-1.002,SL,2,885.33
2020-03-23 13:00:00,2020-03-23 15:00:00,BUY,2244.95,2339.66,11.05,1.248,TP,2,896.38
2020-03-24 17:00:00,2020-03-25 01:00:00,BUY,2382.85,2478.74,11.19,1.248,TP,7,907.56
2020-03-25 13:00:00,2020-03-25 19:00:00,BUY,2414.75,2512.81,11.33,1.248,TP,6,918.89
2020-03-26 08:00:00,2020-03-26 17:00:00,BUY,2458.65,2552.59,11.47,1.248,TP,9,930.36
2020-03-27 06:00:00,2020-03-27 16:00:00,BUY,2589.15,2521.41,-9.32,-1.002,SL,10,921.04
2020-03-30 05:00:00,2020-03-30 17:00:00,BUY,2509.65,2589.04,11.49,1.248,TP,12,932.53
2020-03-31 06:00:00,2020-03-31 22:00:00,BUY,2628.05,2582.44,-9.36,-1.003,SL,16,923.17
2020-04-01 11:00:00,2020-04-01 22:00:00,BUY,2504.25,2458.59,-9.26,-1.003,SL,11,913.91
2020-04-02 17:00:00,2020-04-02 21:00:00,BUY,2516.65,2468.29,-9.17,-1.003,SL,4,904.74
2020-04-06 01:00:00,2020-04-06 08:00:00,BUY,2525.05,2586.72,11.28,1.247,TP,7,916.02
2020-04-06 20:00:00,2020-04-07 09:00:00,BUY,2636.75,2685.17,11.41,1.246,TP,12,927.44
2020-04-08 01:00:00,2020-04-08 18:00:00,BUY,2641.95,2710.97,11.57,1.247,TP,17,939.01
2020-04-13 01:00:00,2020-04-14 02:00:00,BUY,2759.55,2776.25,2.59,0.276,TIME,24,941.59
2020-04-15 13:00:00,2020-04-15 15:00:00,BUY,2800.15,2770.74,-9.46,-1.005,SL,2,932.13
2020-04-16 11:00:00,2020-04-16 17:00:00,BUY,2799.65,2765.99,-9.36,-1.004,SL,6,922.77
2020-04-17 20:00:00,2020-04-20 21:00:00,BUY,2847.65,2823.25,-6.15,-0.666,TIME,24,916.62
2020-04-21 16:00:00,2020-04-21 18:00:00,BUY,2782.25,2743.47,-9.2,-1.004,SL,2,907.42
2020-04-22 10:00:00,2020-04-22 22:00:00,BUY,2765.05,2810.49,11.31,1.246,TP,12,918.73
2020-04-23 11:00:00,2020-04-23 17:00:00,BUY,2792.85,2829.6,11.44,1.245,TP,6,930.16
2020-04-24 12:00:00,2020-04-24 22:00:00,BUY,2801.15,2839.2,11.58,1.245,TP,10,941.74
2020-04-27 11:00:00,2020-04-28 12:00:00,BUY,2862.45,2897.66,11.72,1.245,TP,24,953.47
2020-04-29 01:00:00,2020-04-29 07:00:00,BUY,2872.95,2910.24,11.87,1.245,TP,6,965.34
2020-04-30 14:00:00,2020-04-30 16:00:00,BUY,2929.55,2901.96,-9.71,-1.005,SL,2,955.63
2020-05-04 01:00:00,2020-05-04 22:00:00,BUY,2790.25,2831.18,11.9,1.245,TP,21,967.53
2020-05-05 16:00:00,2020-05-05 23:00:00,BUY,2887.05,2861.67,-9.73,-1.006,SL,7,957.8
2020-05-06 12:00:00,2020-05-06 16:00:00,BUY,2892.05,2867.59,-9.64,-1.006,SL,4,948.16
2020-05-07 05:00:00,2020-05-07 12:00:00,BUY,2851.95,2883.52,11.8,1.244,TP,7,959.96
2020-05-08 04:00:00,2020-05-11 02:00:00,BUY,2911.25,2939.62,11.94,1.243,TP,21,971.89
2020-05-11 14:00:00,2020-05-11 19:00:00,BUY,2904.95,2931.75,12.08,1.243,TP,5,983.98
2020-05-12 09:00:00,2020-05-12 14:00:00,BUY,2910.95,2937.18,12.23,1.243,TP,5,996.21
2020-05-13 03:00:00,2020-05-13 18:00:00,BUY,2846.15,2815.07,-10.01,-1.005,SL,15,986.2
2020-05-14 07:00:00,2020-05-14 16:00:00,BUY,2812.15,2780.71,-9.91,-1.005,SL,9,976.29
2020-05-15 07:00:00,2020-05-15 14:00:00,BUY,2856.05,2824.61,-9.81,-1.005,SL,7,966.48
2020-05-18 05:00:00,2020-05-18 15:00:00,BUY,2886.55,2922.34,12.03,1.245,TP,10,978.51
2020-05-19 14:00:00,2020-05-19 23:00:00,BUY,2945.85,2919.96,-9.84,-1.006,SL,9,968.66
2020-05-20 12:00:00,2020-05-21 13:00:00,BUY,2957.65,2953.95,-1.54,-0.159,TIME,24,967.12
2020-05-22 02:00:00,2020-05-22 05:00:00,BUY,2954.35,2931.97,-9.74,-1.007,SL,3,957.38
2020-05-22 17:00:00,2020-05-25 01:00:00,BUY,2935.05,2963.23,11.9,1.243,TP,7,969.29
2020-05-25 13:00:00,2020-05-26 07:00:00,BUY,2988.55,3010.87,12.04,1.242,TP,13,981.32
2020-05-26 22:00:00,2020-05-27 06:00:00,BUY,2992.15,3016.11,12.19,1.242,TP,7,993.51
2020-05-27 18:00:00,2020-05-27 22:00:00,BUY,2995.75,3029.5,12.36,1.244,TP,4,1005.88
2020-05-28 11:00:00,2020-05-29 03:00:00,BUY,3041.95,3016.03,-10.12,-1.006,SL,15,995.76
2020-05-29 15:00:00,2020-05-29 19:00:00,BUY,3026.95,3002.57,-10.02,-1.006,SL,4,985.74
2020-06-01 08:00:00,2020-06-02 09:00:00,BUY,3044.05,3049.85,1.88,0.19,TIME,24,987.62
2020-06-02 21:00:00,2020-06-03 03:00:00,BUY,3068.55,3092.89,12.27,1.242,TP,5,999.89
2020-06-04 19:00:00,2020-06-05 07:00:00,BUY,3104.45,3129.08,12.42,1.242,TP,11,1012.31
2020-06-10 16:00:00,2020-06-11 01:00:00,BUY,3202.35,3179.77,-10.19,-1.007,SL,8,1002.12
2020-06-11 14:00:00,2020-06-11 17:00:00,BUY,3122.65,3092.97,-10.07,-1.005,SL,3,992.05
2020-06-12 07:00:00,2020-06-12 18:00:00,BUY,3047.45,3010.26,-9.96,-1.004,SL,11,982.09
2020-06-15 08:00:00,2020-06-15 17:00:00,BUY,2948.45,3009.25,12.25,1.247,TP,9,994.33
2020-06-17 03:00:00,2020-06-18 04:00:00,BUY,3130.95,3085.5,-9.98,-1.003,SL,24,984.36
2020-06-18 16:00:00,2020-06-19 15:00:00,BUY,3104.55,3147.8,12.26,1.246,TP,22,996.62
2020-06-22 04:00:00,2020-06-22 21:00:00,BUY,3077.15,3119.55,12.41,1.246,TP,17,1009.03
2020-06-23 11:00:00,2020-06-24 11:00:00,BUY,3139.15,3108.67,-10.14,-1.005,SL,23,998.89
2020-06-25 01:00:00,2020-06-25 10:00:00,BUY,3054.15,3020.06,-10.03,-1.004,SL,9,988.86
2020-06-26 02:00:00,2020-06-26 17:00:00,BUY,3084.75,3051.1,-9.93,-1.004,SL,15,978.93
2020-06-29 06:00:00,2020-06-29 23:00:00,BUY,3015.55,3053.79,12.19,1.245,TP,17,991.11
2020-06-30 12:00:00,2020-06-30 18:00:00,BUY,3052.55,3082.25,12.33,1.244,TP,6,1003.44
2020-07-01 07:00:00,2020-07-01 17:00:00,BUY,3093.05,3119.22,12.47,1.243,TP,10,1015.91
2020-07-02 06:00:00,2020-07-02 15:00:00,BUY,3116.95,3142.54,12.62,1.243,TP,9,1028.54
2020-07-03 04:00:00,2020-07-06 04:00:00,BUY,3134.45,3161.29,12.79,1.243,TP,19,1041.32
2020-07-06 16:00:00,2020-07-07 10:00:00,BUY,3176.55,3159.23,-10.5,-1.009,SL,17,1030.82
2020-07-08 05:00:00,2020-07-08 09:00:00,BUY,3155.35,3136.1,-10.39,-1.008,SL,4,1020.43
2020-07-08 21:00:00,2020-07-09 17:00:00,BUY,3155.25,3130.83,-10.27,-1.006,SL,19,1010.16
2020-07-10 16:00:00,2020-07-10 22:00:00,BUY,3148.55,3179.59,12.57,1.244,TP,6,1022.73
2020-07-13 11:00:00,2020-07-13 17:00:00,BUY,3197.05,3221.25,12.71,1.242,TP,6,1035.43
2020-07-14 06:00:00,2020-07-14 16:00:00,BUY,3159.75,3134.59,-10.42,-1.006,SL,10,1025.02
2020-07-15 05:00:00,2020-07-16 06:00:00,BUY,3216.75,3213.45,-1.1,-0.108,TIME,24,1023.91
2020-07-16 18:00:00,2020-07-17 19:00:00,BUY,3205.95,3219.55,6.37,0.622,TIME,24,1030.28
2020-07-20 08:00:00,2020-07-20 17:00:00,BUY,3212.15,3232.48,12.78,1.241,TP,9,1043.07
2020-07-21 16:00:00,2020-07-21 22:00:00,BUY,3275.55,3260.75,-10.54,-1.01,SL,6,1032.53
2020-07-22 12:00:00,2020-07-22 22:00:00,BUY,3249.25,3271.71,12.82,1.242,TP,10,1045.35
2020-07-23 11:00:00,2020-07-23 17:00:00,BUY,3283.75,3265.34,-10.54,-1.008,SL,6,1034.81
2020-07-27 01:00:00,2020-07-27 22:00:00,BUY,3207.05,3237.6,12.87,1.244,TP,21,1047.68
2020-07-28 11:00:00,2020-07-28 12:00:00,BUY,3242.75,3228.13,-10.59,-1.01,SL,1,1037.1
2020-07-29 04:00:00,2020-07-29 18:00:00,BUY,3222.45,3244.68,12.88,1.242,TP,14,1049.98
2020-07-30 07:00:00,2020-07-30 10:00:00,BUY,3254.55,3240.15,-10.61,-1.011,SL,3,1039.36
2020-07-30 22:00:00,2020-07-31 01:00:00,BUY,3247.05,3278.45,13.5,1.299,TP,2,1052.86
2020-07-31 13:00:00,2020-07-31 17:00:00,BUY,3260.35,3238.19,-10.6,-1.007,SL,4,1042.26
2020-08-03 06:00:00,2020-08-03 17:00:00,BUY,3269.75,3298.97,12.96,1.244,TP,11,1055.22
2020-08-04 06:00:00,2020-08-04 15:00:00,BUY,3293.95,3278.62,-10.66,-1.01,SL,9,1044.57
2020-08-05 04:00:00,2020-08-05 10:00:00,BUY,3302.55,3320.67,12.95,1.24,TP,6,1057.52
2020-08-06 13:00:00,2020-08-06 17:00:00,BUY,3314.95,3332.07,13.1,1.239,TP,4,1070.62
2020-08-07 11:00:00,2020-08-10 08:00:00,BUY,3338.55,3358.31,13.28,1.241,TP,20,1083.9
2020-08-10 20:00:00,2020-08-11 11:00:00,BUY,3357.25,3378.89,13.46,1.241,TP,14,1097.36
2020-08-11 23:00:00,2020-08-12 17:00:00,BUY,3343.85,3371.94,13.64,1.243,TP,17,1111.0
2020-08-13 06:00:00,2020-08-14 07:00:00,BUY,3374.25,3377.65,2.38,0.214,TIME,24,1113.38
2020-08-14 19:00:00,2020-08-17 20:00:00,BUY,3374.45,3384.35,7.15,0.642,TIME,24,1120.54
2020-08-18 09:00:00,2020-08-18 16:00:00,BUY,3380.95,3393.01,13.83,1.235,TP,7,1134.37
2020-08-19 05:00:00,2020-08-19 21:00:00,BUY,3394.55,3384.09,-11.51,-1.015,SL,16,1122.86
2020-08-20 11:00:00,2020-08-20 18:00:00,BUY,3362.15,3380.81,13.92,1.24,TP,7,1136.79
2020-08-21 07:00:00,2020-08-21 10:00:00,BUY,3393.95,3381.35,-11.5,-1.012,SL,3,1125.28
2020-08-21 22:00:00,2020-08-24 11:00:00,BUY,3398.45,3418.72,13.96,1.241,TP,12,1139.24
2020-08-25 01:00:00,2020-08-25 04:00:00,BUY,3432.05,3448.32,14.11,1.239,TP,3,1153.35
2020-08-27 10:00:00,2020-08-27 16:00:00,BUY,3478.95,3494.08,14.28,1.238,TP,6,1167.63
2020-08-28 05:00:00,2020-08-28 10:00:00,BUY,3510.15,3490.58,-11.77,-1.008,SL,5,1155.86
2020-08-31 22:00:00,2020-09-01 10:00:00,BUY,3495.35,3514.76,14.34,1.24,TP,11,1170.2
2020-09-02 19:00:00,2020-09-02 22:00:00,BUY,3557.25,3578.56,14.53,1.241,TP,3,1184.73
2020-09-03 21:00:00,2020-09-04 17:00:00,BUY,3440.75,3403.68,-11.9,-1.004,SL,19,1172.83
2020-09-07 06:00:00,2020-09-08 11:00:00,BUY,3416.25,3405.15,-2.73,-0.233,TIME,24,1170.1
2020-09-08 23:00:00,2020-09-09 01:00:00,BUY,3337.85,3297.56,-11.74,-1.004,SL,1,1158.35
2020-09-09 15:00:00,2020-09-09 19:00:00,BUY,3364.05,3405.97,14.43,1.246,TP,4,1172.78
2020-09-10 09:00:00,2020-09-10 11:00:00,BUY,3403.85,3377.09,-11.79,-1.006,SL,2,1160.99
2020-09-10 23:00:00,2020-09-14 01:00:00,BUY,3342.85,3356.15,3.77,0.325,TIME,24,1164.76
2020-09-14 13:00:00,2020-09-15 12:00:00,BUY,3373.95,3405.15,14.49,1.244,TP,22,1179.25
2020-09-16 06:00:00,2020-09-16 22:00:00,BUY,3412.55,3395.59,-11.9,-1.009,SL,16,1167.35
2020-09-17 11:00:00,2020-09-18 12:00:00,BUY,3351.15,3359.75,3.68,0.316,TIME,24,1171.03
2020-09-21 01:00:00,2020-09-21 10:00:00,BUY,3319.85,3288.01,-11.77,-1.005,SL,9,1159.27
2020-09-21 22:00:00,2020-09-22 23:00:00,BUY,3282.05,3312.05,8.62,0.744,TIME,24,1167.89
2020-09-23 12:00:00,2020-09-23 17:00:00,BUY,3330.35,3307.27,-11.76,-1.007,SL,5,1156.13
2020-09-24 16:00:00,2020-09-24 20:00:00,BUY,3233.05,3273.08,14.4,1.245,TP,4,1170.53
2020-09-25 09:00:00,2020-09-25 13:00:00,BUY,3260.55,3233.65,-11.77,-1.006,SL,4,1158.76
2020-09-28 03:00:00,2020-09-28 13:00:00,BUY,3304.55,3338.16,14.42,1.244,TP,10,1173.18
2020-09-29 02:00:00,2020-09-29 11:00:00,BUY,3365.95,3344.91,-11.82,-1.007,SL,9,1161.36
2020-09-29 23:00:00,2020-09-30 07:00:00,BUY,3340.15,3317.59,-11.69,-1.007,SL,7,1149.67
2020-09-30 19:00:00,2020-09-30 21:00:00,BUY,3381.95,3353.16,-11.56,-1.005,SL,2,1138.12
2020-10-01 10:00:00,2020-10-01 21:00:00,BUY,3387.25,3361.34,-11.45,-1.006,SL,11,1126.67
2020-10-02 11:00:00,2020-10-05 12:00:00,BUY,3339.85,3370.05,10.89,0.967,TIME,24,1137.56
2020-10-06 01:00:00,2020-10-06 21:00:00,BUY,3406.35,3385.3,-11.46,-1.007,SL,20,1126.1
2020-10-07 10:00:00,2020-10-07 20:00:00,BUY,3384.85,3415.72,14.01,1.244,TP,10,1140.11
2020-10-08 10:00:00,2020-10-09 01:00:00,BUY,3434.05,3456.16,14.16,1.242,TP,14,1154.27
2020-10-09 13:00:00,2020-10-09 18:00:00,BUY,3456.45,3473.26,14.3,1.239,TP,5,1168.57
2020-10-14 13:00:00,2020-10-14 19:00:00,BUY,3506.55,3486.08,-11.77,-1.007,SL,6,1156.8
2020-10-15 08:00:00,2020-10-15 11:00:00,BUY,3479.45,3458.06,-11.65,-1.007,SL,3,1145.15
2020-10-15 23:00:00,2020-10-16 17:00:00,BUY,3484.35,3513.53,14.24,1.244,TP,17,1159.39
2020-10-19 06:00:00,2020-10-19 17:00:00,BUY,3492.65,3473.1,-11.68,-1.008,SL,11,1147.7
2020-10-20 06:00:00,2020-10-20 20:00:00,BUY,3446.15,3472.46,14.26,1.243,TP,14,1161.97
2020-10-21 09:00:00,2020-10-21 11:00:00,BUY,3461.95,3439.38,-11.7,-1.007,SL,2,1150.27
2020-10-22 10:00:00,2020-10-22 21:00:00,BUY,3427.65,3458.51,14.31,1.244,TP,11,1164.58
2020-10-23 15:00:00,2020-10-23 18:00:00,BUY,3469.25,3450.77,-11.74,-1.008,SL,3,1152.84
2020-10-26 07:00:00,2020-10-26 10:00:00,BUY,3439.15,3420.06,-11.62,-1.008,SL,3,1141.22
2020-10-26 22:00:00,2020-10-27 23:00:00,BUY,3403.05,3376.89,-11.48,-1.006,SL,24,1129.74
2020-10-29 14:00:00,2020-10-29 17:00:00,BUY,3264.95,3299.6,14.06,1.245,TP,3,1143.8
2020-10-30 22:00:00,2020-11-02 17:00:00,BUY,3273.95,3330.45,14.26,1.247,TP,18,1158.06
2020-11-03 10:00:00,2020-11-03 17:00:00,BUY,3344.15,3379.91,14.42,1.245,TP,7,1172.48
2020-11-04 06:00:00,2020-11-04 09:00:00,BUY,3397.65,3342.11,-11.76,-1.003,SL,3,1160.72
2020-11-05 05:00:00,2020-11-06 06:00:00,BUY,3469.05,3483.55,3.47,0.299,TIME,24,1164.19
2020-11-06 18:00:00,2020-11-09 03:00:00,BUY,3510.95,3560.97,14.51,1.246,TP,8,1178.7
2020-11-09 18:00:00,2020-11-09 22:00:00,BUY,3601.95,3551.36,-11.82,-1.003,SL,4,1166.88
2020-11-10 11:00:00,2020-11-10 17:00:00,BUY,3557.15,3514.51,-11.71,-1.004,SL,6,1155.17
2020-11-11 06:00:00,2020-11-12 07:00:00,BUY,3551.65,3553.65,0.67,0.058,TIME,24,1155.84
2020-11-12 19:00:00,2020-11-13 20:00:00,BUY,3537.65,3572.77,14.39,1.245,TP,24,1170.22
2020-11-16 13:00:00,2020-11-16 16:00:00,BUY,3624.15,3602.9,-11.79,-1.007,SL,3,1158.44
2020-11-17 16:00:00,2020-11-17 18:00:00,BUY,3588.25,3611.37,14.39,1.242,TP,2,1172.83
2020-11-18 07:00:00,2020-11-18 13:00:00,BUY,3597.65,3621.85,14.57,1.242,TP,6,1187.4
2020-11-19 02:00:00,2020-11-20 03:00:00,BUY,3561.45,3558.85,-1.3,-0.109,TIME,24,1186.1
2020-11-20 15:00:00,2020-11-20 23:00:00,BUY,3573.95,3554.52,-11.95,-1.008,SL,8,1174.14
2020-11-23 12:00:00,2020-11-23 17:00:00,BUY,3579.95,3564.33,-11.86,-1.01,SL,5,1162.29
2020-11-24 06:00:00,2020-11-24 18:00:00,BUY,3608.65,3632.9,14.44,1.242,TP,12,1176.73
2020-11-25 07:00:00,2020-11-26 08:00:00,BUY,3635.55,3638.45,1.88,0.16,TIME,24,1178.61
2020-11-27 01:00:00,2020-11-27 10:00:00,BUY,3622.35,3638.15,14.59,1.238,TP,9,1193.2
2020-11-30 02:00:00,2020-11-30 06:00:00,BUY,3634.55,3620.26,-12.06,-1.011,SL,4,1181.15
2020-11-30 18:00:00,2020-11-30 23:00:00,BUY,3606.15,3633.07,14.68,1.243,TP,5,1195.83
2020-12-01 12:00:00,2020-12-02 03:00:00,BUY,3664.55,3647.2,-12.06,-1.009,SL,14,1183.77
2020-12-02 15:00:00,2020-12-02 21:00:00,BUY,3651.25,3669.41,14.68,1.24,TP,6,1198.44
2020-12-03 10:00:00,2020-12-03 17:00:00,BUY,3663.85,3680.08,14.84,1.239,TP,7,1213.28
2020-12-04 06:00:00,2020-12-04 17:00:00,BUY,3673.55,3691.33,15.04,1.24,TP,11,1228.32
2020-12-07 06:00:00,2020-12-07 10:00:00,BUY,3690.75,3676.48,-12.41,-1.011,SL,4,1215.91
2020-12-07 22:00:00,2020-12-08 05:00:00,BUY,3692.45,3677.25,-12.28,-1.01,SL,6,1203.63
2020-12-08 17:00:00,2020-12-09 01:00:00,BUY,3692.15,3711.01,14.93,1.24,TP,7,1218.56
2020-12-09 18:00:00,2020-12-09 19:00:00,BUY,3698.05,3685.54,-12.33,-1.012,SL,1,1206.22
2020-12-10 08:00:00,2020-12-10 15:00:00,BUY,3668.35,3652.53,-12.18,-1.01,SL,7,1194.05
2020-12-11 20:00:00,2020-12-14 01:00:00,BUY,3657.65,3684.38,14.84,1.243,TP,4,1208.89
2020-12-14 13:00:00,2020-12-14 18:00:00,BUY,3690.35,3675.25,-12.21,-1.01,SL,5,1196.68
2020-12-15 07:00:00,2020-12-15 14:00:00,BUY,3652.45,3674.2,14.86,1.241,TP,7,1211.53
2020-12-16 03:00:00,2020-12-16 22:00:00,BUY,3690.45,3709.34,15.02,1.24,TP,19,1226.56
2020-12-17 13:00:00,2020-12-17 18:00:00,BUY,3720.95,3709.83,-12.43,-1.014,SL,5,1214.12
2020-12-18 07:00:00,2020-12-18 11:00:00,BUY,3712.95,3725.6,15.0,1.235,TP,4,1229.12
2020-12-18 23:00:00,2020-12-21 09:00:00,BUY,3725.55,3703.78,-12.38,-1.007,SL,9,1216.75
2020-12-21 21:00:00,2020-12-22 22:00:00,BUY,3694.95,3687.35,-2.44,-0.201,TIME,24,1214.31
2020-12-23 11:00:00,2020-12-24 12:00:00,BUY,3697.85,3699.75,1.18,0.097,TIME,24,1215.49
2020-12-28 05:00:00,2020-12-29 02:00:00,BUY,3727.45,3745.62,15.07,1.24,TP,20,1230.56
2020-12-29 17:00:00,2020-12-29 19:00:00,BUY,3742.15,3731.05,-12.47,-1.014,SL,2,1218.08
2020-12-30 08:00:00,2020-12-31 09:00:00,BUY,3739.35,3729.75,-8.95,-0.735,TIME,24,1209.13
2021-01-04 01:00:00,2021-01-04 11:00:00,BUY,3757.75,3776.02,14.99,1.24,TP,10,1224.12
2021-01-04 23:00:00,2021-01-06 01:00:00,BUY,3703.7,3721.95,7.49,0.612,TIME,24,1231.61
2021-01-06 17:00:00,2021-01-07 18:00:00,BUY,3765.35,3800.15,11.65,0.946,TIME,24,1243.27
2021-01-08 07:00:00,2021-01-08 17:00:00,BUY,3820.45,3801.3,-12.53,-1.008,SL,10,1230.74
2021-01-11 06:00:00,2021-01-12 07:00:00,BUY,3801.85,3803.45,0.91,0.074,TIME,24,1231.64
2021-01-12 19:00:00,2021-01-13 20:00:00,BUY,3792.85,3815.25,12.29,0.998,TIME,24,1243.93
2021-01-14 09:00:00,2021-01-14 22:00:00,BUY,3819.05,3804.7,-12.57,-1.011,SL,13,1231.36
2021-01-15 11:00:00,2021-01-15 17:00:00,BUY,3786.55,3770.31,-12.43,-1.009,SL,6,1218.93
2021-01-18 06:00:00,2021-01-19 02:00:00,BUY,3761.35,3787.92,15.15,1.243,TP,15,1234.08
2021-01-19 14:00:00,2021-01-19 16:00:00,BUY,3797.25,3784.04,-12.48,-1.011,SL,2,1221.6
2021-01-20 05:00:00,2021-01-20 16:00:00,BUY,3802.75,3820.81,15.14,1.24,TP,11,1236.75
2021-01-21 10:00:00,2021-01-21 16:00:00,BUY,3858.45,3845.09,-12.51,-1.011,SL,6,1224.24
2021-01-22 05:00:00,2021-01-22 11:00:00,BUY,3841.55,3826.74,-12.37,-1.01,SL,6,1211.87
2021-01-22 23:00:00,2021-01-25 09:00:00,BUY,3838.05,3858.88,15.04,1.241,TP,9,1226.91
2021-01-25 21:00:00,2021-01-26 22:00:00,BUY,3845.95,3849.55,1.77,0.144,TIME,24,1228.68
2021-01-27 11:00:00,2021-01-27 13:00:00,BUY,3845.75,3829.89,-12.4,-1.01,SL,2,1216.28
2021-01-28 02:00:00,2021-01-28 16:00:00,BUY,3734.05,3790.27,15.16,1.247,TP,14,1231.44
2021-01-29 09:00:00,2021-01-29 19:00:00,BUY,3741.25,3703.17,-12.36,-1.004,SL,10,1219.08
2021-02-01 08:00:00,2021-02-01 21:00:00,BUY,3728.95,3778.47,15.19,1.246,TP,13,1234.27
2021-02-02 10:00:00,2021-02-02 17:00:00,BUY,3800.55,3832.83,15.36,1.244,TP,7,1249.63
2021-02-03 06:00:00,2021-02-03 17:00:00,BUY,3839.35,3818.22,-12.59,-1.007,SL,11,1237.04
2021-02-04 06:00:00,2021-02-04 16:00:00,BUY,3823.55,3846.48,15.36,1.242,TP,10,1252.4
2021-02-05 05:00:00,2021-02-08 01:00:00,BUY,3876.25,3894.63,15.53,1.24,TP,19,1267.93
2021-02-10 19:00:00,2021-02-11 20:00:00,BUY,3904.85,3903.55,-0.95,-0.075,TIME,24,1266.98
2021-02-12 09:00:00,2021-02-12 22:00:00,BUY,3908.45,3925.67,15.7,1.239,TP,13,1282.68
2021-02-15 11:00:00,2021-02-16 16:00:00,BUY,3953.45,3941.88,-13.0,-1.013,SL,24,1269.68
2021-02-17 05:00:00,2021-02-17 15:00:00,BUY,3933.45,3918.65,-12.83,-1.01,SL,10,1256.86
2021-02-18 04:00:00,2021-02-18 06:00:00,BUY,3937.05,3919.22,-12.68,-1.008,SL,2,1244.18
2021-02-18 18:00:00,2021-02-19 11:00:00,BUY,3896.65,3922.35,15.46,1.243,TP,16,1259.64
2021-02-22 01:00:00,2021-02-22 09:00:00,BUY,3907.55,3886.14,-12.69,-1.007,SL,8,1246.96
2021-02-22 21:00:00,2021-02-23 02:00:00,BUY,3896.15,3873.44,-12.55,-1.007,SL,4,1234.41
2021-02-23 14:00:00,2021-02-23 16:00:00,BUY,3862.15,3838.88,-12.42,-1.006,SL,2,1221.98
2021-02-24 10:00:00,2021-02-24 19:00:00,BUY,3879.85,3916.28,15.21,1.245,TP,9,1237.19
2021-02-25 08:00:00,2021-02-25 13:00:00,BUY,3936.45,3913.81,-12.45,-1.007,SL,5,1224.74
2021-02-26 02:00:00,2021-03-01 03:00:00,BUY,3827.25,3847.05,6.01,0.491,TIME,24,1230.75
2021-03-01 15:00:00,2021-03-01 17:00:00,BUY,3855.25,3889.8,15.32,1.245,TP,2,1246.07
2021-03-02 10:00:00,2021-03-02 16:00:00,BUY,3874.35,3905.38,15.5,1.244,TP,6,1261.57
2021-03-03 12:00:00,2021-03-03 15:00:00,BUY,3894.75,3874.59,-12.71,-1.007,SL,3,1248.86
2021-03-04 04:00:00,2021-03-04 19:00:00,BUY,3803.65,3773.32,-12.55,-1.005,SL,15,1236.31
2021-03-05 08:00:00,2021-03-05 20:00:00,BUY,3766.25,3818.18,15.41,1.246,TP,12,1251.72
2021-03-08 09:00:00,2021-03-08 17:00:00,BUY,3819.55,3870.16,15.6,1.246,TP,8,1267.32
2021-03-09 06:00:00,2021-03-09 19:00:00,BUY,3853.45,3900.93,15.79,1.246,TP,13,1283.11
2021-03-10 08:00:00,2021-03-10 15:00:00,BUY,3863.15,3892.15,15.96,1.244,TP,7,1299.07
2021-03-11 04:00:00,2021-03-11 18:00:00,BUY,3914.65,3947.5,16.16,1.244,TP,14,1315.23
2021-03-12 07:00:00,2021-03-12 10:00:00,BUY,3939.65,3921.34,-13.26,-1.008,SL,3,1301.97
2021-03-12 22:00:00,2021-03-15 23:00:00,BUY,3944.25,3966.6,13.39,1.029,TIME,24,1315.37
2021-03-16 22:00:00,2021-03-17 15:00:00,BUY,3963.0,3945.5,-13.27,-1.009,SL,16,1302.1
2021-03-18 04:00:00,2021-03-18 10:00:00,BUY,3987.5,3968.85,-13.13,-1.008,SL,6,1288.97
2021-03-18 23:00:00,2021-03-19 16:00:00,BUY,3921.7,3893.32,-12.96,-1.005,SL,16,1276.01
2021-03-22 05:00:00,2021-03-22 17:00:00,BUY,3908.9,3938.92,15.87,1.244,TP,12,1291.88
2021-03-23 07:00:00,2021-03-23 22:00:00,BUY,3933.0,3916.93,-13.04,-1.009,SL,15,1278.84
2021-03-24 16:00:00,2021-03-24 22:00:00,BUY,3922.0,3903.67,-12.89,-1.008,SL,6,1265.95
2021-03-25 11:00:00,2021-03-25 14:00:00,BUY,3900.1,3880.76,-12.76,-1.008,SL,3,1253.19
2021-03-26 19:00:00,2021-03-26 21:00:00,BUY,3939.3,3919.14,-12.63,-1.007,SL,2,1240.57
2021-03-29 10:00:00,2021-03-29 22:00:00,BUY,3954.9,3981.65,15.42,1.243,TP,12,1255.99
2021-03-30 11:00:00,2021-03-30 16:00:00,BUY,3967.8,3950.77,-12.67,-1.009,SL,5,1243.31
2021-03-31 05:00:00,2021-03-31 17:00:00,BUY,3958.7,3981.26,15.44,1.242,TP,12,1258.75
2021-04-01 06:00:00,2021-04-01 16:00:00,BUY,3978.3,3995.29,15.6,1.239,TP,10,1274.35
2021-04-08 04:00:00,2021-04-09 02:00:00,BUY,4091.7,4107.92,15.78,1.239,TP,21,1290.13
2021-04-09 22:00:00,2021-04-12 08:00:00,BUY,4128.2,4113.14,-13.03,-1.01,SL,9,1277.1
2021-04-15 03:00:00,2021-04-15 15:00:00,BUY,4133.6,4150.03,15.82,1.239,TP,12,1292.92
2021-04-16 04:00:00,2021-04-16 15:00:00,BUY,4165.0,4179.75,16.0,1.237,TP,11,1308.92
2021-04-19 20:00:00,2021-04-20 13:00:00,BUY,4159.7,4143.64,-13.21,-1.009,SL,16,1295.71
2021-04-21 02:00:00,2021-04-21 18:00:00,BUY,4130.7,4153.88,16.09,1.242,TP,16,1311.8
2021-04-22 08:00:00,2021-04-22 17:00:00,BUY,4171.4,4157.47,-13.26,-1.011,SL,9,1298.54
2021-04-23 06:00:00,2021-04-23 17:00:00,BUY,4144.2,4166.29,16.12,1.242,TP,11,1314.66
2021-04-26 06:00:00,2021-04-27 07:00:00,BUY,4182.4,4190.6,7.31,0.556,TIME,24,1321.97
2021-04-28 14:00:00,2021-04-28 21:00:00,BUY,4187.2,4199.27,16.32,1.235,TP,7,1338.29
2021-04-29 17:00:00,2021-04-29 19:00:00,BUY,4194.5,4181.06,-13.53,-1.011,SL,2,1324.76
2021-04-30 08:00:00,2021-04-30 15:00:00,BUY,4195.2,4181.6,-13.4,-1.011,SL,7,1311.36
2021-05-03 04:00:00,2021-05-04 04:00:00,BUY,4196.2,4180.31,-13.24,-1.01,SL,23,1298.12
2021-05-04 17:00:00,2021-05-04 22:00:00,BUY,4143.95,4167.3,16.12,1.242,TP,5,1314.25
2021-05-06 08:00:00,2021-05-06 17:00:00,BUY,4170.7,4154.83,-13.27,-1.01,SL,9,1300.98
2021-05-07 06:00:00,2021-05-07 17:00:00,BUY,4205.3,4227.94,16.16,1.242,TP,11,1317.13
2021-05-10 07:00:00,2021-05-10 17:00:00,BUY,4239.5,4225.66,-13.32,-1.011,SL,10,1303.82
2021-05-11 06:00:00,2021-05-11 15:00:00,BUY,4168.2,4147.04,-13.13,-1.007,SL,9,1290.69
2021-05-12 22:00:00,2021-05-13 17:00:00,BUY,4064.05,4109.61,16.08,1.246,TP,18,1306.77
2021-05-14 06:00:00,2021-05-14 19:00:00,BUY,4130.7,4166.63,16.27,1.245,TP,13,1323.04
2021-05-17 08:00:00,2021-05-17 20:00:00,BUY,4166.8,4146.56,-13.33,-1.007,SL,12,1309.71
2021-05-18 09:00:00,2021-05-18 15:00:00,BUY,4181.9,4165.64,-13.22,-1.009,SL,6,1296.49
2021-05-19 04:00:00,2021-05-19 11:00:00,BUY,4119.4,4098.19,-13.06,-1.007,SL,7,1283.43
2021-05-20 07:00:00,2021-05-20 12:00:00,BUY,4118.2,4093.55,-12.91,-1.006,SL,5,1270.52
2021-05-21 01:00:00,2021-05-24 02:00:00,BUY,4160.6,4152.5,-4.48,-0.353,TIME,24,1266.03
2021-05-24 14:00:00,2021-05-24 17:00:00,BUY,4174.8,4194.32,15.7,1.24,TP,3,1281.74
2021-05-25 18:00:00,2021-05-26 19:00:00,BUY,4195.25,4199.95,4.34,0.339,TIME,24,1286.08
2021-05-27 08:00:00,2021-05-27 16:00:00,BUY,4192.1,4206.34,15.91,1.237,TP,8,1301.99
2021-05-28 05:00:00,2021-05-31 06:00:00,BUY,4214.5,4209.2,-5.19,-0.398,TIME,24,1296.8
2021-05-31 18:00:00,2021-06-01 03:00:00,BUY,4195.95,4205.97,15.97,1.232,TP,4,1312.77
2021-06-01 18:00:00,2021-06-02 01:00:00,BUY,4208.45,4194.43,-13.27,-1.011,SL,6,1299.5
2021-06-02 13:00:00,2021-06-03 13:00:00,BUY,4202.9,4190.8,-13.16,-1.013,SL,23,1286.34
2021-06-04 05:00:00,2021-06-04 15:00:00,BUY,4190.4,4209.84,15.96,1.24,TP,10,1302.3
2021-06-07 04:00:00,2021-06-08 05:00:00,BUY,4222.3,4227.0,4.92,0.378,TIME,24,1307.22
2021-06-08 17:00:00,2021-06-08 18:00:00,BUY,4223.45,4209.9,-13.22,-1.011,SL,1,1294.0
2021-06-09 07:00:00,2021-06-10 08:00:00,BUY,4227.1,4222.6,-5.23,-0.404,TIME,24,1288.77
2021-06-10 20:00:00,2021-06-11 21:00:00,BUY,4244.65,4241.05,-2.61,-0.203,TIME,24,1286.16
2021-06-14 16:00:00,2021-06-14 22:00:00,BUY,4242.05,4253.98,15.88,1.234,TP,6,1302.03
2021-06-15 16:00:00,2021-06-15 18:00:00,BUY,4249.95,4239.49,-13.21,-1.015,SL,2,1288.82
2021-06-16 07:00:00,2021-06-16 19:00:00,BUY,4247.1,4237.97,-13.1,-1.017,SL,12,1275.72
2021-06-17 14:00:00,2021-06-17 16:00:00,BUY,4208.7,4227.85,15.82,1.24,TP,2,1291.54
2021-06-18 06:00:00,2021-06-18 14:00:00,BUY,4227.5,4211.29,-13.04,-1.009,SL,8,1278.51
2021-06-21 03:00:00,2021-06-21 06:00:00,BUY,4158.4,4136.98,-12.88,-1.007,SL,3,1265.63
2021-06-21 18:00:00,2021-06-22 19:00:00,BUY,4218.25,4238.65,11.34,0.896,TIME,24,1276.97
2021-06-23 14:00:00,2021-06-24 11:00:00,BUY,4247.3,4261.59,15.8,1.237,TP,20,1292.77
2021-06-25 10:00:00,2021-06-25 17:00:00,BUY,4268.8,4279.78,15.94,1.233,TP,7,1308.71
2021-06-30 15:00:00,2021-06-30 22:00:00,BUY,4287.9,4300.07,16.16,1.235,TP,7,1324.87
2021-07-01 11:00:00,2021-07-01 13:00:00,BUY,4308.8,4299.25,-13.46,-1.016,SL,2,1311.41
2021-07-02 04:00:00,2021-07-02 15:00:00,BUY,4320.6,4333.05,16.2,1.235,TP,11,1327.61
2021-07-06 08:00:00,2021-07-06 17:00:00,BUY,4349.2,4342.18,-13.57,-1.022,SL,9,1314.04
2021-07-07 07:00:00,2021-07-07 15:00:00,BUY,4340.3,4353.87,16.25,1.236,TP,8,1330.29
2021-07-08 04:00:00,2021-07-08 09:00:00,BUY,4351.3,4338.0,-13.45,-1.011,SL,5,1316.84
2021-07-08 21:00:00,2021-07-09 16:00:00,BUY,4316.65,4346.87,16.38,1.244,TP,18,1333.21
2021-07-12 06:00:00,2021-07-12 17:00:00,BUY,4360.6,4377.81,16.52,1.239,TP,11,1349.74
2021-07-13 17:00:00,2021-07-13 22:00:00,BUY,4383.25,4369.43,-13.65,-1.011,SL,5,1336.09
2021-07-14 11:00:00,2021-07-14 15:00:00,BUY,4365.5,4382.97,16.56,1.239,TP,4,1352.65
2021-07-15 04:00:00,2021-07-15 14:00:00,BUY,4370.5,4354.7,-13.66,-1.01,SL,10,1338.99
2021-07-16 03:00:00,2021-07-16 15:00:00,BUY,4348.8,4370.72,16.62,1.242,TP,12,1355.62
2021-07-19 04:00:00,2021-07-19 14:00:00,BUY,4306.5,4287.94,-13.67,-1.008,SL,10,1341.95
2021-07-20 03:00:00,2021-07-20 17:00:00,BUY,4275.9,4307.54,16.7,1.244,TP,14,1358.65
2021-07-21 10:00:00,2021-07-22 10:00:00,BUY,4340.9,4366.45,16.88,1.243,TP,23,1375.53
2021-07-22 22:00:00,2021-07-23 11:00:00,BUY,4368.55,4386.21,17.05,1.239,TP,12,1392.58
2021-07-26 12:00:00,2021-07-26 18:00:00,BUY,4401.0,4417.63,17.25,1.239,TP,6,1409.83
2021-07-27 16:00:00,2021-07-27 18:00:00,BUY,4405.75,4391.34,-14.25,-1.011,SL,2,1395.58
2021-07-28 07:00:00,2021-07-29 08:00:00,BUY,4393.5,4399.4,4.34,0.311,TIME,24,1399.93
2021-07-29 22:00:00,2021-07-29 23:00:00,BUY,4419.25,4404.92,-14.15,-1.011,SL,1,1385.78
2021-07-30 12:00:00,2021-07-30 16:00:00,BUY,4386.7,4406.58,17.19,1.241,TP,4,1402.97
2021-08-02 05:00:00,2021-08-02 18:00:00,BUY,4420.5,4402.97,-14.15,-1.009,SL,13,1388.82
2021-08-03 07:00:00,2021-08-03 16:00:00,BUY,4396.3,4381.95,-14.03,-1.011,SL,9,1374.79
2021-08-04 06:00:00,2021-08-04 17:00:00,BUY,4418.4,4404.69,-13.9,-1.011,SL,11,1360.89
2021-08-05 06:00:00,2021-08-05 22:00:00,BUY,4410.0,4423.82,16.83,1.237,TP,16,1377.72
2021-08-06 11:00:00,2021-08-09 02:00:00,BUY,4430.1,4421.73,-14.03,-1.018,SL,14,1363.69
2021-08-09 14:00:00,2021-08-10 15:00:00,BUY,4430.6,4432.8,3.16,0.231,TIME,24,1366.84
2021-08-11 04:00:00,2021-08-11 16:00:00,BUY,4434.3,4446.3,16.87,1.235,TP,12,1383.72
2021-08-12 05:00:00,2021-08-12 16:00:00,BUY,4446.3,4438.57,-14.11,-1.02,SL,11,1369.61
2021-08-13 05:00:00,2021-08-13 22:00:00,BUY,4458.1,4467.69,16.86,1.231,TP,17,1386.46
2021-08-16 13:00:00,2021-08-16 16:00:00,BUY,4457.5,4448.03,-14.09,-1.016,SL,3,1372.37
2021-08-17 09:00:00,2021-08-17 10:00:00,BUY,4462.5,4451.67,-13.92,-1.014,SL,1,1358.46
2021-08-17 22:00:00,2021-08-18 21:00:00,BUY,4450.15,4430.16,-13.69,-1.008,SL,22,1344.77
2021-08-19 10:00:00,2021-08-19 16:00:00,BUY,4367.4,4391.77,16.71,1.242,TP,6,1361.48
2021-08-20 05:00:00,2021-08-20 17:00:00,BUY,4397.8,4429.83,16.94,1.244,TP,12,1378.42
2021-08-23 06:00:00,2021-08-23 17:00:00,BUY,4456.4,4478.49,17.11,1.242,TP,11,1395.53
2021-08-25 02:00:00,2021-08-25 18:00:00,BUY,4486.0,4497.73,17.22,1.234,TP,16,1412.75
2021-08-26 07:00:00,2021-08-26 17:00:00,BUY,4490.7,4482.82,-14.4,-1.019,SL,10,1398.35
2021-08-27 06:00:00,2021-08-27 17:00:00,BUY,4479.1,4493.51,17.3,1.237,TP,11,1415.65
2021-08-30 16:00:00,2021-08-30 17:00:00,BUY,4521.05,4531.8,17.45,1.233,TP,1,1433.1
2021-09-01 08:00:00,2021-09-01 16:00:00,BUY,4537.2,4526.85,-14.54,-1.015,SL,8,1418.56
2021-09-02 05:00:00,2021-09-02 11:00:00,BUY,4519.7,4532.25,17.52,1.235,TP,6,1436.09
2021-09-03 02:00:00,2021-09-03 15:00:00,BUY,4536.7,4550.05,17.75,1.236,TP,13,1453.84
2021-09-06 04:00:00,2021-09-06 10:00:00,BUY,4531.2,4545.03,17.98,1.237,TP,6,1471.81
2021-09-07 16:00:00,2021-09-07 17:00:00,BUY,4522.75,4512.57,-14.94,-1.015,SL,1,1456.88
2021-09-08 06:00:00,2021-09-08 10:00:00,BUY,4520.2,4509.26,-14.77,-1.014,SL,4,1442.11
2021-09-08 22:00:00,2021-09-09 07:00:00,BUY,4515.15,4497.36,-14.54,-1.009,SL,8,1427.56
2021-09-09 19:00:00,2021-09-09 21:00:00,BUY,4510.85,4493.59,-14.4,-1.009,SL,2,1413.16
2021-09-10 14:00:00,2021-09-10 16:00:00,BUY,4512.7,4499.7,-14.3,-1.012,SL,2,1398.86
2021-09-13 05:00:00,2021-09-13 16:00:00,BUY,4467.9,4490.52,17.37,1.242,TP,11,1416.23
2021-09-14 10:00:00,2021-09-14 17:00:00,BUY,4470.2,4453.49,-14.29,-1.009,SL,7,1401.94
2021-09-15 15:00:00,2021-09-15 19:00:00,BUY,4450.4,4470.44,17.39,1.241,TP,4,1419.34
2021-09-16 08:00:00,2021-09-16 16:00:00,BUY,4478.0,4463.3,-14.34,-1.01,SL,8,1405.0
2021-09-17 05:00:00,2021-09-17 16:00:00,BUY,4471.6,4454.92,-14.18,-1.009,SL,11,1390.82
2021-09-20 05:00:00,2021-09-20 12:00:00,BUY,4395.2,4373.43,-14.0,-1.007,SL,7,1376.82
2021-09-21 04:00:00,2021-09-21 23:00:00,BUY,4373.6,4341.13,-13.83,-1.005,SL,19,1362.98
2021-09-22 12:00:00,2021-09-22 21:00:00,BUY,4376.1,4412.18,16.97,1.245,TP,9,1379.95
2021-09-23 13:00:00,2021-09-23 16:00:00,BUY,4418.5,4444.64,17.15,1.243,TP,3,1397.1
2021-09-24 05:00:00,2021-09-24 10:00:00,BUY,4451.5,4430.34,-14.07,-1.007,SL,5,1383.03
2021-09-24 22:00:00,2021-09-27 23:00:00,BUY,4456.75,4439.6,-10.58,-0.765,TIME,24,1372.45
2021-09-28 12:00:00,2021-09-28 17:00:00,BUY,4403.7,4381.61,-13.82,-1.007,SL,5,1358.63
2021-09-29 06:00:00,2021-09-30 07:00:00,BUY,4375.6,4383.8,3.78,0.278,TIME,24,1362.41
2021-09-30 21:00:00,2021-09-30 22:00:00,BUY,4339.05,4307.98,-13.69,-1.005,SL,1,1348.72
2021-10-01 14:00:00,2021-10-01 17:00:00,BUY,4320.6,4288.81,-13.55,-1.005,SL,3,1335.17
2021-10-04 06:00:00,2021-10-04 17:00:00,BUY,4340.5,4306.86,-13.41,-1.004,SL,11,1321.75
2021-10-05 06:00:00,2021-10-05 17:00:00,BUY,4308.1,4347.96,16.46,1.245,TP,11,1338.21
2021-10-06 14:00:00,2021-10-06 20:00:00,BUY,4299.4,4332.12,16.65,1.244,TP,6,1354.87
2021-10-07 09:00:00,2021-10-07 17:00:00,BUY,4388.5,4422.07,16.86,1.244,TP,8,1371.73
2021-10-08 06:00:00,2021-10-11 01:00:00,BUY,4401.7,4380.89,-13.82,-1.007,SL,18,1357.91
2021-10-11 13:00:00,2021-10-11 16:00:00,BUY,4370.5,4398.97,16.88,1.243,TP,3,1374.79
2021-10-12 05:00:00,2021-10-13 06:00:00,BUY,4344.4,4343.9,-0.27,-0.02,TIME,24,1374.52
2021-10-13 18:00:00,2021-10-14 08:00:00,BUY,4350.15,4382.57,17.1,1.244,TP,13,1391.62
2021-10-15 10:00:00,2021-10-15 17:00:00,BUY,4450.6,4469.58,17.26,1.24,TP,7,1408.88
2021-10-18 09:00:00,2021-10-18 15:00:00,BUY,4459.4,4444.96,-14.24,-1.01,SL,6,1394.65
2021-10-20 10:00:00,2021-10-20 16:00:00,BUY,4517.5,4532.74,17.26,1.238,TP,6,1411.91
2021-10-21 05:00:00,2021-10-21 08:00:00,BUY,4535.0,4522.0,-14.28,-1.012,SL,3,1397.62
2021-10-21 20:00:00,2021-10-21 22:00:00,BUY,4532.65,4549.96,17.32,1.239,TP,2,1414.94
2021-10-22 11:00:00,2021-10-22 18:00:00,BUY,4548.1,4534.78,-14.31,-1.011,SL,7,1400.63
2021-10-25 16:00:00,2021-10-25 19:00:00,BUY,4550.15,4568.26,17.36,1.24,TP,3,1418.0
2021-10-27 01:00:00,2021-10-27 22:00:00,BUY,4578.4,4562.32,-14.31,-1.009,SL,21,1403.68
2021-10-28 11:00:00,2021-10-28 16:00:00,BUY,4562.7,4579.9,17.39,1.239,TP,5,1421.08
2021-10-29 05:00:00,2021-10-29 19:00:00,BUY,4580.0,4599.72,17.63,1.241,TP,14,1438.71
2021-11-01 08:00:00,2021-11-01 17:00:00,BUY,4612.4,4597.07,-14.53,-1.01,SL,9,1424.18
2021-11-02 06:00:00,2021-11-02 16:00:00,BUY,4604.5,4621.49,17.65,1.239,TP,10,1441.83
2021-11-04 01:00:00,2021-11-04 17:00:00,BUY,4663.2,4679.64,17.86,1.239,TP,16,1459.69
2021-11-05 06:00:00,2021-11-05 15:00:00,BUY,4680.2,4695.47,18.07,1.238,TP,9,1477.75
2021-11-09 16:00:00,2021-11-10 05:00:00,BUY,4681.15,4665.73,-14.92,-1.01,SL,12,1462.83
2021-11-10 17:00:00,2021-11-10 20:00:00,BUY,4678.35,4660.69,-14.75,-1.009,SL,3,1448.08
2021-11-11 09:00:00,2021-11-12 10:00:00,BUY,4654.5,4654.6,0.08,0.006,TIME,24,1448.16
2021-11-15 01:00:00,2021-11-15 18:00:00,BUY,4690.2,4674.14,-14.62,-1.009,SL,17,1433.54
2021-11-16 07:00:00,2021-11-16 16:00:00,BUY,4682.0,4697.12,17.74,1.238,TP,9,1451.29
2021-11-17 06:00:00,2021-11-17 16:00:00,BUY,4698.7,4686.1,-14.69,-1.012,SL,10,1436.6
2021-11-18 05:00:00,2021-11-18 17:00:00,BUY,4693.0,4680.89,-14.55,-1.013,SL,12,1422.05
2021-11-19 10:00:00,2021-11-19 11:00:00,BUY,4721.0,4708.72,-14.4,-1.012,SL,1,1407.66
2021-11-19 23:00:00,2021-11-22 16:00:00,BUY,4701.7,4724.96,17.48,1.242,TP,16,1425.14
2021-11-23 05:00:00,2021-11-23 10:00:00,BUY,4682.0,4660.0,-14.35,-1.007,SL,5,1410.79
2021-11-23 22:00:00,2021-11-24 16:00:00,BUY,4691.45,4660.07,-14.18,-1.005,SL,17,1396.61
2021-11-25 05:00:00,2021-11-26 01:00:00,BUY,4714.9,4696.06,-14.08,-1.008,SL,15,1382.54
2021-11-26 13:00:00,2021-11-26 18:00:00,BUY,4618.1,4592.45,-13.91,-1.006,SL,5,1368.63
2021-11-29 10:00:00,2021-11-29 19:00:00,BUY,4630.4,4670.08,17.04,1.245,TP,9,1385.67
2021-11-30 08:00:00,2021-11-30 18:00:00,BUY,4614.9,4582.16,-13.92,-1.005,SL,10,1371.75
2021-12-01 11:00:00,2021-12-01 20:00:00,BUY,4624.4,4591.09,-13.78,-1.005,SL,9,1357.97
2021-12-02 09:00:00,2021-12-02 19:00:00,BUY,4538.4,4585.02,16.92,1.246,TP,5,1374.89
2021-12-03 10:00:00,2021-12-03 17:00:00,BUY,4574.8,4540.39,-13.81,-1.004,SL,7,1361.08
2021-12-06 06:00:00,2021-12-06 20:00:00,BUY,4561.2,4608.28,16.96,1.246,TP,14,1378.04
2021-12-07 09:00:00,2021-12-07 16:00:00,BUY,4629.0,4662.29,17.15,1.244,TP,7,1395.19
2021-12-08 11:00:00,2021-12-08 17:00:00,BUY,4697.2,4676.21,-14.05,-1.007,SL,6,1381.14
2021-12-09 06:00:00,2021-12-09 22:00:00,BUY,4692.7,4672.68,-13.92,-1.008,SL,16,1367.22
2021-12-10 14:00:00,2021-12-10 15:00:00,BUY,4682.8,4701.33,16.95,1.24,TP,1,1384.18
2021-12-13 05:00:00,2021-12-13 16:00:00,BUY,4728.6,4709.34,-13.95,-1.008,SL,11,1370.23
2021-12-14 05:00:00,2021-12-14 11:00:00,BUY,4676.9,4658.05,-13.81,-1.008,SL,6,1356.41
2021-12-14 23:00:00,2021-12-15 22:00:00,BUY,4638.1,4671.8,16.88,1.244,TP,22,1373.29
2021-12-16 22:00:00,2021-12-17 16:00:00,BUY,4666.95,4631.75,-13.79,-1.004,SL,17,1359.5
2021-12-20 05:00:00,2021-12-20 18:00:00,BUY,4572.7,4531.06,-13.64,-1.004,SL,13,1345.86
2021-12-21 07:00:00,2021-12-21 20:00:00,BUY,4605.3,4642.99,16.76,1.245,TP,13,1362.61
2021-12-22 12:00:00,2021-12-22 17:00:00,BUY,4650.3,4676.95,16.94,1.243,TP,5,1379.55
2021-12-23 06:00:00,2021-12-23 16:00:00,BUY,4698.8,4720.38,17.13,1.241,TP,10,1396.68
2021-12-27 10:00:00,2021-12-27 16:00:00,BUY,4730.4,4746.83,17.3,1.239,TP,6,1413.98
2021-12-29 01:00:00,2021-12-30 02:00:00,BUY,4795.1,4788.3,-5.7,-0.403,TIME,24,1408.28
2021-12-30 14:00:00,2021-12-30 22:00:00,BUY,4799.4,4787.46,-14.26,-1.013,SL,8,1394.01
2021-12-31 11:00:00,2022-01-03 12:00:00,BUY,4777.5,4794.86,17.28,1.239,TP,21,1411.29
2022-01-04 20:00:00,2022-01-04 22:00:00,BUY,4775.35,4798.98,17.53,1.242,TP,2,1428.82
2022-01-05 12:00:00,2022-01-05 20:00:00,BUY,4791.2,4775.19,-14.42,-1.009,SL,8,1414.4
2022-01-06 09:00:00,2022-01-07 10:00:00,BUY,4696.2,4690.0,-3.26,-0.23,TIME,24,1411.14
2022-01-07 22:00:00,2022-01-10 14:00:00,BUY,4678.15,4644.85,-14.18,-1.005,SL,15,1396.96
2022-01-11 04:00:00,2022-01-11 16:00:00,BUY,4677.3,4642.42,-14.03,-1.004,SL,12,1382.93
2022-01-12 05:00:00,2022-01-13 06:00:00,BUY,4717.7,4717.0,-0.38,-0.028,TIME,24,1382.55
2022-01-13 18:00:00,2022-01-13 19:00:00,BUY,4725.25,4701.02,-13.91,-1.006,SL,1,1368.64
2022-01-14 14:00:00,2022-01-14 17:00:00,BUY,4626.4,4662.57,17.04,1.245,TP,3,1385.68
2022-01-17 06:00:00,2022-01-18 10:00:00,BUY,4652.7,4620.75,-13.92,-1.005,SL,23,1371.76
2022-01-18 23:00:00,2022-01-19 06:00:00,BUY,4585.2,4551.75,-13.78,-1.005,SL,6,1357.98
2022-01-19 18:00:00,2022-01-19 22:00:00,BUY,4583.55,4550.25,-13.64,-1.005,SL,4,1344.33
2022-01-20 11:00:00,2022-01-20 17:00:00,BUY,4549.2,4587.29,16.74,1.245,TP,6,1361.07
2022-01-21 06:00:00,2022-01-21 22:00:00,BUY,4450.5,4408.65,-13.66,-1.004,SL,16,1347.41
2022-01-24 13:00:00,2022-01-24 15:00:00,BUY,4393.1,4354.82,-13.53,-1.004,SL,2,1333.89
2022-01-25 09:00:00,2022-01-25 16:00:00,BUY,4363.0,4300.53,-13.37,-1.002,SL,7,1320.52
2022-01-26 05:00:00,2022-01-27 04:00:00,BUY,4372.4,4300.42,-13.23,-1.002,SL,22,1307.28
2022-01-27 16:00:00,2022-01-27 19:00:00,BUY,4416.25,4353.85,-13.1,-1.002,SL,3,1294.18
2022-01-28 08:00:00,2022-01-28 14:00:00,BUY,4352.0,4296.44,-12.98,-1.003,SL,6,1281.2
2022-01-31 03:00:00,2022-01-31 22:00:00,BUY,4424.5,4501.2,15.98,1.248,TP,19,1297.19
2022-02-01 11:00:00,2022-02-01 22:00:00,BUY,4501.1,4541.41,16.15,1.245,TP,11,1313.34
2022-02-02 23:00:00,2022-02-03 15:00:00,BUY,4557.7,4522.89,-13.19,-1.004,SL,15,1300.15
2022-02-04 04:00:00,2022-02-04 12:00:00,BUY,4520.6,4484.07,-13.06,-1.004,SL,8,1287.09
2022-02-07 01:00:00,2022-02-08 02:00:00,BUY,4506.9,4492.7,-3.95,-0.307,TIME,24,1283.15
2022-02-08 14:00:00,2022-02-08 18:00:00,BUY,4477.8,4511.62,15.97,1.244,TP,4,1299.11
2022-02-09 07:00:00,2022-02-09 16:00:00,BUY,4539.8,4571.46,16.16,1.244,TP,9,1315.28
2022-02-10 05:00:00,2022-02-10 15:00:00,BUY,4575.3,4555.0,-13.25,-1.007,SL,10,1302.03
2022-02-11 05:00:00,2022-02-11 20:00:00,BUY,4486.7,4451.01,-13.08,-1.004,SL,15,1288.95
2022-02-14 09:00:00,2022-02-14 10:00:00,BUY,4427.1,4388.54,-12.94,-1.004,SL,1,1276.01
2022-02-14 22:00:00,2022-02-15 14:00:00,BUY,4401.95,4470.61,15.92,1.247,TP,15,1291.93
2022-02-16 05:00:00,2022-02-17 06:00:00,BUY,4458.4,4447.7,-4.64,-0.359,TIME,24,1287.29
2022-02-17 20:00:00,2022-02-17 22:00:00,BUY,4412.45,4380.02,-12.93,-1.005,SL,2,1274.36
2022-02-18 11:00:00,2022-02-18 15:00:00,BUY,4404.3,4377.58,-12.82,-1.006,SL,4,1261.54
2022-02-21 04:00:00,2022-02-21 14:00:00,BUY,4374.2,4329.2,-12.66,-1.003,SL,10,1248.88
2022-02-22 10:00:00,2022-02-22 12:00:00,BUY,4299.7,4349.73,15.56,1.246,TP,2,1264.45
2022-02-23 01:00:00,2022-02-23 20:00:00,BUY,4329.3,4274.28,-12.68,-1.003,SL,19,1251.77
2022-02-24 21:00:00,2022-02-25 17:00:00,BUY,4241.45,4327.11,15.62,1.248,TP,19,1267.39
2022-02-28 06:00:00,2022-02-28 17:00:00,BUY,4279.9,4355.52,15.81,1.248,TP,11,1283.2
2022-03-01 06:00:00,2022-03-01 13:00:00,BUY,4374.2,4327.76,-12.87,-1.003,SL,7,1270.32
2022-03-02 02:00:00,2022-03-02 18:00:00,BUY,4323.2,4388.04,15.84,1.247,TP,16,1286.17
2022-03-03 07:00:00,2022-03-03 17:00:00,BUY,4389.6,4355.82,-12.92,-1.004,SL,10,1273.25
2022-03-04 06:00:00,2022-03-07 01:00:00,BUY,4328.5,4276.99,-12.77,-1.003,SL,18,1260.48
2022-03-07 13:00:00,2022-03-07 19:00:00,BUY,4277.5,4229.98,-12.64,-1.003,SL,6,1247.83
2022-03-08 09:00:00,2022-03-08 10:00:00,BUY,4160.6,4218.31,15.56,1.247,TP,1,1263.39
2022-03-09 02:00:00,2022-03-09 16:00:00,BUY,4179.3,4263.04,15.76,1.248,TP,14,1279.16
2022-03-10 10:00:00,2022-03-10 18:00:00,BUY,4248.3,4212.27,-12.85,-1.004,SL,8,1266.31
2022-03-11 07:00:00,2022-03-11 13:00:00,BUY,4255.7,4299.51,15.77,1.246,TP,6,1282.08
2022-03-14 02:00:00,2022-03-14 19:00:00,BUY,4233.0,4191.07,-12.87,-1.004,SL,17,1269.22
2022-03-15 08:00:00,2022-03-15 11:00:00,BUY,4176.3,4142.67,-12.75,-1.004,SL,3,1256.47
2022-03-15 23:00:00,2022-03-16 13:00:00,BUY,4257.4,4313.32,15.66,1.247,TP,13,1272.13
2022-03-17 15:00:00,2022-03-17 20:00:00,BUY,4339.6,4384.18,15.85,1.246,TP,5,1287.98
2022-03-18 09:00:00,2022-03-18 19:00:00,BUY,4394.5,4432.09,16.04,1.245,TP,10,1304.02
2022-03-23 11:00:00,2022-03-23 14:00:00,BUY,4507.6,4488.51,-13.14,-1.008,SL,3,1290.87
2022-03-24 14:00:00,2022-03-24 18:00:00,BUY,4476.2,4502.43,16.04,1.243,TP,4,1306.92
2022-03-25 07:00:00,2022-03-25 11:00:00,BUY,4532.3,4508.54,-13.15,-1.006,SL,4,1293.77
2022-03-28 09:00:00,2022-03-28 14:00:00,BUY,4524.8,4551.55,16.08,1.243,TP,5,1309.85
2022-03-30 05:00:00,2022-03-30 21:00:00,BUY,4623.7,4600.4,-13.18,-1.006,SL,16,1296.66
2022-03-31 10:00:00,2022-03-31 16:00:00,BUY,4612.6,4595.02,-13.08,-1.009,SL,6,1283.59
2022-04-01 22:00:00,2022-04-04 22:00:00,BUY,4544.35,4579.08,15.98,1.245,TP,23,1299.56
2022-04-05 15:00:00,2022-04-05 17:00:00,BUY,4569.6,4553.7,-13.12,-1.01,SL,2,1286.44
2022-04-06 06:00:00,2022-04-06 12:00:00,BUY,4520.2,4498.83,-12.96,-1.007,SL,6,1273.49
2022-04-07 02:00:00,2022-04-07 21:00:00,BUY,4466.7,4505.7,15.86,1.245,TP,19,1289.34
2022-04-08 12:00:00,2022-04-08 16:00:00,BUY,4512.1,4488.1,-12.97,-1.006,SL,4,1276.37
2022-04-11 05:00:00,2022-04-11 18:00:00,BUY,4461.7,4433.12,-12.83,-1.005,SL,13,1263.54
2022-04-12 09:00:00,2022-04-12 15:00:00,BUY,4401.2,4431.52,15.72,1.244,TP,6,1279.26
2022-04-13 04:00:00,2022-04-14 05:00:00,BUY,4415.2,4449.9,14.18,1.108,TIME,24,1293.43
2022-04-14 19:00:00,2022-04-18 01:00:00,BUY,4413.95,4387.25,-13.22,-1.022,SL,5,1280.21
2022-04-18 16:00:00,2022-04-19 16:00:00,BUY,4391.95,4420.9,15.92,1.244,TP,23,1296.13
2022-04-20 06:00:00,2022-04-20 15:00:00,BUY,4449.9,4483.37,16.13,1.244,TP,9,1312.26
2022-04-21 04:00:00,2022-04-21 19:00:00,BUY,4481.2,4452.58,-13.19,-1.005,SL,15,1299.07
2022-04-22 08:00:00,2022-04-22 16:00:00,BUY,4385.2,4358.5,-13.06,-1.006,SL,8,1286.0
2022-04-25 05:00:00,2022-04-25 18:00:00,BUY,4243.8,4204.82,-12.91,-1.004,SL,13,1273.09
2022-04-26 07:00:00,2022-04-26 16:00:00,BUY,4306.2,4269.67,-12.78,-1.004,SL,9,1260.31
2022-04-27 16:00:00,2022-04-27 17:00:00,BUY,4219.55,4174.79,-12.65,-1.003,SL,1,1247.66
2022-04-28 06:00:00,2022-04-28 19:00:00,BUY,4215.1,4268.85,15.55,1.247,TP,13,1263.22
2022-04-29 17:00:00,2022-04-29 21:00:00,BUY,4219.25,4176.88,-12.68,-1.004,SL,4,1250.54
2022-05-02 11:00:00,2022-05-02 19:00:00,BUY,4141.5,4098.88,-12.55,-1.004,SL,8,1237.99
2022-05-03 08:00:00,2022-05-04 09:00:00,BUY,4171.9,4183.0,3.33,0.269,TIME,24,1241.32
2022-05-05 05:00:00,2022-05-05 16:00:00,BUY,4292.7,4255.43,-12.46,-1.004,SL,11,1228.86
2022-05-06 12:00:00,2022-05-06 16:00:00,BUY,4141.0,4102.43,-12.34,-1.004,SL,4,1216.52
2022-05-09 05:00:00,2022-05-09 17:00:00,BUY,4076.3,4022.62,-12.2,-1.003,SL,12,1204.32
2022-05-10 09:00:00,2022-05-10 18:00:00,BUY,4034.8,3990.19,-12.08,-1.003,SL,9,1192.24
2022-05-11 07:00:00,2022-05-11 15:00:00,BUY,4018.1,3973.5,-11.96,-1.003,SL,8,1180.28
2022-05-12 04:00:00,2022-05-12 12:00:00,BUY,3953.3,3895.44,-11.83,-1.003,SL,8,1168.44
2022-05-13 01:00:00,2022-05-13 17:00:00,BUY,3925.9,4011.06,14.58,1.248,TP,16,1183.02
2022-05-16 06:00:00,2022-05-17 07:00:00,BUY,3995.4,4022.7,7.51,0.635,TIME,24,1190.53
2022-05-17 19:00:00,2022-05-18 16:00:00,BUY,4069.95,4031.88,-11.95,-1.004,SL,20,1178.58
2022-05-19 09:00:00,2022-05-19 10:00:00,BUY,3918.3,3883.94,-11.84,-1.004,SL,1,1166.74
2022-05-19 22:00:00,2022-05-20 19:00:00,BUY,3899.95,3841.33,-11.7,-1.003,SL,20,1155.05
2022-05-23 08:00:00,2022-05-24 09:00:00,BUY,3944.3,3921.2,-6.39,-0.553,TIME,24,1148.66
2022-05-24 21:00:00,2022-05-25 06:00:00,BUY,3912.75,3969.71,14.32,1.247,TP,8,1162.98
2022-05-25 21:00:00,2022-05-26 17:00:00,BUY,3981.85,4038.74,14.5,1.247,TP,19,1177.48
2022-05-27 06:00:00,2022-05-27 15:00:00,BUY,4049.8,4087.3,14.66,1.245,TP,9,1192.14
2022-05-31 03:00:00,2022-05-31 12:00:00,BUY,4159.8,4133.16,-11.99,-1.006,SL,9,1180.15
2022-06-01 01:00:00,2022-06-01 17:00:00,BUY,4144.2,4101.52,-11.84,-1.004,SL,16,1168.31
2022-06-02 06:00:00,2022-06-02 19:00:00,BUY,4100.5,4141.87,14.55,1.245,TP,13,1182.86
2022-06-03 08:00:00,2022-06-03 13:00:00,BUY,4181.6,4155.74,-11.9,-1.006,SL,5,1170.96
2022-06-06 02:00:00,2022-06-06 11:00:00,BUY,4110.2,4149.99,14.58,1.245,TP,9,1185.54
2022-06-06 23:00:00,2022-06-07 08:00:00,BUY,4122.3,4089.84,-11.91,-1.005,SL,8,1173.63
2022-06-07 20:00:00,2022-06-08 21:00:00,BUY,4134.35,4114.55,-6.64,-0.566,TIME,24,1166.99
2022-06-09 10:00:00,2022-06-09 16:00:00,BUY,4116.0,4091.7,-11.74,-1.006,SL,6,1155.25
2022-06-10 07:00:00,2022-06-10 15:00:00,BUY,4019.3,3988.63,-11.61,-1.005,SL,8,1143.64
2022-06-13 04:00:00,2022-06-13 16:00:00,BUY,3840.7,3796.83,-11.48,-1.003,SL,12,1132.17
2022-06-14 14:00:00,2022-06-14 22:00:00,BUY,3754.9,3717.46,-11.37,-1.004,SL,8,1120.8
2022-06-15 22:00:00,2022-06-16 10:00:00,BUY,3793.15,3736.62,-11.24,-1.003,SL,11,1109.56
2022-06-17 16:00:00,2022-06-17 17:00:00,BUY,3698.85,3658.19,-11.14,-1.004,SL,1,1098.42
2022-06-20 10:00:00,2022-06-21 10:00:00,BUY,3691.4,3739.98,13.69,1.246,TP,19,1112.11
2022-06-21 22:00:00,2022-06-22 05:00:00,BUY,3764.85,3734.21,-11.18,-1.005,SL,6,1100.94
2022-06-22 17:00:00,2022-06-23 02:00:00,BUY,3782.45,3744.99,-11.05,-1.004,SL,8,1089.88
2022-06-24 01:00:00,2022-06-24 16:00:00,BUY,3787.4,3837.7,13.58,1.246,TP,15,1103.47
2022-06-27 18:00:00,2022-06-28 05:00:00,BUY,3920.65,3887.08,-11.08,-1.004,SL,10,1092.38
2022-06-28 17:00:00,2022-06-28 18:00:00,BUY,3902.35,3867.52,-10.97,-1.004,SL,1,1081.41
2022-06-29 07:00:00,2022-06-29 16:00:00,BUY,3828.4,3799.03,-10.87,-1.005,SL,9,1070.54
2022-06-30 05:00:00,2022-06-30 09:00:00,BUY,3810.1,3780.58,-10.76,-1.005,SL,4,1059.78
2022-06-30 21:00:00,2022-07-01 22:00:00,BUY,3785.75,3825.15,9.49,0.896,TIME,24,1069.27
2022-07-04 11:00:00,2022-07-05 02:00:00,BUY,3797.8,3837.54,13.32,1.245,TP,10,1082.59
2022-07-05 14:00:00,2022-07-05 16:00:00,BUY,3791.5,3765.57,-10.89,-1.006,SL,2,1071.7
2022-07-06 08:00:00,2022-07-06 21:00:00,BUY,3815.9,3857.05,13.35,1.245,TP,13,1085.05
2022-07-07 16:00:00,2022-07-08 17:00:00,BUY,3886.15,3906.45,7.6,0.7,TIME,24,1092.64
2022-07-11 06:00:00,2022-07-12 03:00:00,BUY,3874.6,3845.71,-10.98,-1.005,SL,20,1081.66
2022-07-12 15:00:00,2022-07-12 16:00:00,BUY,3841.7,3872.38,13.45,1.244,TP,1,1095.12
2022-07-13 05:00:00,2022-07-13 15:00:00,BUY,3826.4,3799.09,-11.01,-1.006,SL,10,1084.1
2022-07-14 04:00:00,2022-07-14 13:00:00,BUY,3789.5,3749.55,-10.88,-1.004,SL,9,1073.22
2022-07-15 15:00:00,2022-07-18 01:00:00,BUY,3824.8,3875.65,16.57,1.544,TP,9,1089.8
2022-07-18 20:00:00,2022-07-18 22:00:00,BUY,3856.85,3830.04,-10.96,-1.006,SL,2,1078.84
2022-07-19 11:00:00,2022-07-19 16:00:00,BUY,3847.2,3876.38,13.42,1.244,TP,5,1092.25
2022-07-21 19:00:00,2022-07-22 20:00:00,BUY,3984.65,3949.93,-10.97,-1.004,SL,24,1081.28
2022-07-25 09:00:00,2022-07-25 14:00:00,BUY,3959.2,3985.58,13.44,1.243,TP,5,1094.72
2022-07-26 03:00:00,2022-07-26 18:00:00,BUY,3950.0,3924.26,-11.01,-1.006,SL,15,1083.71
2022-07-27 13:00:00,2022-07-27 19:00:00,BUY,3955.7,3980.26,13.46,1.242,TP,6,1097.18
2022-07-29 01:00:00,2022-07-29 22:00:00,BUY,4091.9,4133.18,13.67,1.245,TP,21,1110.84
2022-08-01 11:00:00,2022-08-01 16:00:00,BUY,4116.1,4096.13,-11.19,-1.008,SL,5,1099.65
2022-08-02 08:00:00,2022-08-02 19:00:00,BUY,4098.6,4127.22,13.67,1.243,TP,11,1113.32
2022-08-03 18:00:00,2022-08-04 19:00:00,BUY,4145.25,4141.65,-1.56,-0.14,TIME,24,1111.77
2022-08-05 08:00:00,2022-08-05 14:00:00,BUY,4161.8,4144.81,-11.22,-1.009,SL,6,1100.55
2022-08-08 03:00:00,2022-08-08 14:00:00,BUY,4135.7,4169.13,13.7,1.244,TP,11,1114.25
2022-08-09 03:00:00,2022-08-09 16:00:00,BUY,4145.9,4119.82,-11.21,-1.006,SL,13,1103.04
2022-08-10 05:00:00,2022-08-10 15:00:00,BUY,4121.6,4145.47,13.7,1.242,TP,10,1116.74
2022-08-11 17:00:00,2022-08-11 18:00:00,BUY,4245.15,4223.87,-11.25,-1.007,SL,1,1105.49
2022-08-12 07:00:00,2022-08-12 16:00:00,BUY,4213.1,4236.5,13.73,1.242,TP,9,1119.23
2022-08-15 09:00:00,2022-08-15 14:00:00,BUY,4268.1,4252.43,-11.3,-1.01,SL,5,1107.92
2022-08-16 11:00:00,2022-08-16 17:00:00,BUY,4293.3,4277.12,-11.18,-1.009,SL,6,1096.74
2022-08-17 10:00:00,2022-08-17 13:00:00,BUY,4294.7,4276.43,-11.06,-1.008,SL,3,1085.68
2022-08-18 03:00:00,2022-08-19 04:00:00,BUY,4266.0,4277.8,5.33,0.491,TIME,24,1091.01
2022-08-19 16:00:00,2022-08-22 01:00:00,BUY,4237.55,4213.45,-12.03,-1.103,SL,8,1078.98
2022-08-22 15:00:00,2022-08-22 17:00:00,BUY,4176.7,4156.63,-10.87,-1.008,SL,2,1068.11
2022-08-23 06:00:00,2022-08-23 09:00:00,BUY,4144.9,4125.48,-10.76,-1.008,SL,3,1057.35
2022-08-23 21:00:00,2022-08-24 22:00:00,BUY,4134.15,4142.15,3.24,0.307,TIME,24,1060.59
2022-08-25 22:00:00,2022-08-26 17:00:00,BUY,4201.25,4172.66,-10.66,-1.005,SL,18,1049.92
2022-08-29 07:00:00,2022-08-30 08:00:00,BUY,4025.8,4043.0,5.84,0.556,TIME,24,1055.77
2022-08-30 22:00:00,2022-08-31 23:00:00,BUY,3986.25,3959.8,-7.55,-0.715,TIME,24,1048.21
2022-09-02 17:00:00,2022-09-02 19:00:00,BUY,4007.15,3971.46,-10.53,-1.004,SL,2,1037.69
2022-09-05 09:00:00,2022-09-06 14:00:00,BUY,3936.7,3948.3,3.63,0.35,TIME,24,1041.32
2022-09-07 03:00:00,2022-09-07 17:00:00,BUY,3889.9,3932.16,12.97,1.246,TP,14,1054.29
2022-09-08 11:00:00,2022-09-08 16:00:00,BUY,3979.5,3955.97,-10.61,-1.006,SL,5,1043.68
2022-09-09 05:00:00,2022-09-09 17:00:00,BUY,4016.4,4053.39,12.99,1.245,TP,12,1056.67
2022-09-12 18:00:00,2022-09-13 09:00:00,BUY,4094.05,4127.04,13.15,1.244,TP,14,1069.82
2022-09-14 17:00:00,2022-09-14 22:00:00,BUY,3955.25,3919.2,-10.74,-1.004,SL,5,1059.08
2022-09-15 11:00:00,2022-09-15 16:00:00,BUY,3950.1,3923.94,-10.65,-1.006,SL,5,1048.43
2022-09-19 01:00:00,2022-09-19 10:00:00,BUY,3877.4,3844.09,-10.53,-1.005,SL,9,1037.89
2022-09-19 22:00:00,2022-09-20 16:00:00,BUY,3902.15,3867.24,-10.42,-1.004,SL,17,1027.47
2022-09-21 08:00:00,2022-09-21 17:00:00,BUY,3854.7,3885.71,12.78,1.244,TP,9,1040.25
2022-09-22 06:00:00,2022-09-22 11:00:00,BUY,3767.1,3815.87,12.96,1.246,TP,5,1053.22
2022-09-22 23:00:00,2022-09-23 12:00:00,BUY,3759.5,3717.77,-10.57,-1.004,SL,12,1042.65
2022-09-26 01:00:00,2022-09-26 20:00:00,BUY,3691.6,3650.76,-10.46,-1.004,SL,19,1032.18
2022-09-27 09:00:00,2022-09-27 18:00:00,BUY,3690.3,3657.34,-10.37,-1.005,SL,9,1021.81
2022-09-28 07:00:00,2022-09-28 17:00:00,BUY,3626.2,3673.36,12.73,1.246,TP,10,1034.54
2022-09-29 16:00:00,2022-09-30 17:00:00,BUY,3643.25,3654.05,2.71,0.262,TIME,24,1037.25
2022-10-03 06:00:00,2022-10-03 17:00:00,BUY,3587.6,3641.55,12.93,1.247,TP,11,1050.18
2022-10-04 06:00:00,2022-10-04 16:00:00,BUY,3709.0,3753.17,13.08,1.246,TP,10,1063.26
2022-10-05 10:00:00,2022-10-05 17:00:00,BUY,3764.5,3740.01,-10.7,-1.006,SL,7,1052.57
2022-10-06 14:00:00,2022-10-06 16:00:00,BUY,3762.2,3796.79,13.1,1.245,TP,2,1065.67
2022-10-07 06:00:00,2022-10-07 15:00:00,BUY,3739.6,3710.01,-10.71,-1.005,SL,9,1054.96
2022-10-10 04:00:00,2022-10-10 20:00:00,BUY,3630.2,3593.12,-10.59,-1.004,SL,16,1044.36
2022-10-11 09:00:00,2022-10-11 18:00:00,BUY,3584.0,3623.43,13.01,1.245,TP,9,1057.37
2022-10-12 07:00:00,2022-10-13 08:00:00,BUY,3605.2,3576.3,-8.43,-0.797,TIME,24,1048.94
2022-10-13 20:00:00,2022-10-14 18:00:00,BUY,3666.45,3603.83,-10.51,-1.002,SL,21,1038.42
2022-10-17 08:00:00,2022-10-17 16:00:00,BUY,3613.8,3660.67,12.94,1.246,TP,8,1051.36
2022-10-18 05:00:00,2022-10-18 07:00:00,BUY,3701.3,3739.92,13.09,1.245,TP,2,1064.45
2022-10-18 19:00:00,2022-10-19 20:00:00,BUY,3714.65,3670.18,-10.68,-1.003,SL,24,1053.77
2022-10-20 09:00:00,2022-10-20 17:00:00,BUY,3688.1,3734.88,13.13,1.246,TP,8,1066.9
2022-10-21 06:00:00,2022-10-21 16:00:00,BUY,3655.4,3699.1,13.29,1.246,TP,10,1080.19
2022-10-24 05:00:00,2022-10-24 11:00:00,BUY,3764.9,3727.06,-10.84,-1.004,SL,6,1069.35
2022-10-24 23:00:00,2022-10-25 18:00:00,BUY,3794.9,3847.17,13.33,1.246,TP,18,1082.68
2022-10-26 18:00:00,2022-10-26 20:00:00,BUY,3878.75,3846.61,-10.88,-1.005,SL,2,1071.8
2022-10-27 16:00:00,2022-10-27 23:00:00,BUY,3821.25,3789.81,-10.77,-1.005,SL,7,1061.03
2022-10-28 14:00:00,2022-10-28 16:00:00,BUY,3789.6,3827.25,13.21,1.245,TP,2,1074.24
2022-10-31 16:00:00,2022-11-01 09:00:00,BUY,3863.75,3897.27,13.37,1.244,TP,16,1087.61
2022-11-01 21:00:00,2022-11-02 16:00:00,BUY,3863.65,3834.77,-10.93,-1.005,SL,18,1076.68
2022-11-03 10:00:00,2022-11-03 14:00:00,BUY,3759.7,3729.21,-10.82,-1.005,SL,4,1065.86
2022-11-04 16:00:00,2022-11-04 18:00:00,BUY,3759.35,3719.96,-10.7,-1.004,SL,2,1055.16
2022-11-07 07:00:00,2022-11-08 02:00:00,BUY,3764.7,3813.7,13.15,1.246,TP,18,1068.31
2022-11-08 15:00:00,2022-11-08 18:00:00,BUY,3819.4,3849.8,13.29,1.244,TP,3,1081.59
2022-11-09 07:00:00,2022-11-09 16:00:00,BUY,3823.0,3789.32,-10.86,-1.004,SL,9,1070.73
2022-11-11 07:00:00,2022-11-14 08:00:00,BUY,3977.5,3981.7,1.25,0.117,TIME,24,1071.98
2022-11-14 22:00:00,2022-11-15 15:00:00,BUY,3959.25,4000.4,13.35,1.245,TP,16,1085.33
2022-11-16 18:00:00,2022-11-17 12:00:00,BUY,3971.25,3940.87,-10.91,-1.005,SL,17,1074.42
2022-11-18 01:00:00,2022-11-18 15:00:00,BUY,3946.5,3985.51,13.38,1.245,TP,14,1087.8
2022-11-21 04:00:00,2022-11-22 05:00:00,BUY,3953.4,3955.3,0.81,0.075,TIME,24,1088.61
2022-11-22 17:00:00,2022-11-23 09:00:00,BUY,3981.75,4008.64,13.53,1.243,TP,15,1102.15
2022-11-24 05:00:00,2022-11-25 10:00:00,BUY,4036.0,4034.2,-1.05,-0.095,TIME,24,1101.1
2022-11-28 13:00:00,2022-11-28 19:00:00,BUY,3997.0,3981.24,-11.12,-1.01,SL,6,1089.98
2022-11-29 11:00:00,2022-11-29 16:00:00,BUY,3972.4,3956.24,-11.0,-1.009,SL,5,1078.98
2022-11-30 05:00:00,2022-11-30 17:00:00,BUY,3960.8,3942.23,-10.88,-1.008,SL,12,1068.1
2022-12-02 01:00:00,2022-12-02 15:00:00,BUY,4073.8,4045.58,-10.74,-1.005,SL,14,1057.36
2022-12-05 09:00:00,2022-12-05 16:00:00,BUY,4058.9,4036.64,-10.65,-1.007,SL,7,1046.72
2022-12-06 10:00:00,2022-12-06 16:00:00,BUY,4009.0,3989.45,-10.55,-1.008,SL,6,1036.17
2022-12-07 07:00:00,2022-12-07 13:00:00,BUY,3945.7,3925.98,-10.44,-1.008,SL,6,1025.73
2022-12-08 02:00:00,2022-12-08 15:00:00,BUY,3923.8,3957.41,12.76,1.244,TP,13,1038.49
2022-12-09 09:00:00,2022-12-09 15:00:00,BUY,3977.7,3959.35,-10.47,-1.008,SL,6,1028.02
2022-12-12 07:00:00,2022-12-12 19:00:00,BUY,3932.6,3959.31,12.78,1.243,TP,12,1040.8
2022-12-13 08:00:00,2022-12-13 13:00:00,BUY,3991.7,4011.83,12.91,1.241,TP,5,1053.72
2022-12-14 02:00:00,2022-12-14 21:00:00,BUY,4027.4,3983.85,-10.57,-1.003,SL,19,1043.14
2022-12-15 16:00:00,2022-12-16 10:00:00,BUY,3911.85,3877.49,-10.48,-1.004,SL,17,1032.66
2022-12-19 15:00:00,2022-12-19 18:00:00,BUY,3850.9,3827.63,-10.39,-1.006,SL,3,1022.27
2022-12-20 07:00:00,2022-12-20 13:00:00,BUY,3785.0,3818.02,12.72,1.244,TP,6,1034.99
2022-12-21 17:00:00,2022-12-22 15:00:00,BUY,3882.15,3856.45,-10.41,-1.006,SL,21,1024.58
2022-12-27 01:00:00,2022-12-27 16:00:00,BUY,3868.3,3835.5,-10.29,-1.005,SL,15,1014.29
2022-12-28 07:00:00,2022-12-28 17:00:00,BUY,3830.2,3809.9,-10.22,-1.007,SL,10,1004.07
2022-12-29 08:00:00,2022-12-29 15:00:00,BUY,3786.6,3810.31,12.47,1.242,TP,7,1016.54
2022-12-30 05:00:00,2022-12-30 10:00:00,BUY,3845.0,3827.98,-10.26,-1.009,SL,5,1006.29
2023-01-03 01:00:00,2023-01-03 03:00:00,BUY,3849.3,3822.45,-10.12,-1.006,SL,2,996.17
2023-01-03 15:00:00,2023-01-03 16:00:00,BUY,3861.8,3834.52,-10.02,-1.006,SL,1,986.15
2023-01-04 12:00:00,2023-01-04 18:00:00,BUY,3835.8,3864.55,12.26,1.244,TP,6,998.41
2023-01-05 20:00:00,2023-01-06 17:00:00,BUY,3820.35,3859.22,12.43,1.245,TP,20,1010.84
2023-01-09 09:00:00,2023-01-09 16:00:00,BUY,3897.9,3926.45,12.57,1.243,TP,7,1023.41
2023-01-10 05:00:00,2023-01-10 17:00:00,BUY,3880.2,3909.91,12.73,1.244,TP,12,1036.14
2023-01-12 05:00:00,2023-01-12 15:00:00,BUY,3967.7,3951.52,-10.46,-1.009,SL,10,1025.68
2023-01-13 04:00:00,2023-01-13 14:00:00,BUY,3974.1,3945.99,-10.31,-1.005,SL,10,1015.37
2023-01-16 09:00:00,2023-01-16 11:00:00,BUY,3996.6,3978.73,-10.24,-1.008,SL,2,1005.13
2023-01-17 04:00:00,2023-01-17 17:00:00,BUY,3987.3,4007.17,12.47,1.241,TP,13,1017.6
2023-01-19 01:00:00,2023-01-19 13:00:00,BUY,3928.9,3903.56,-10.24,-1.006,SL,12,1007.37
2023-01-20 20:00:00,2023-01-23 15:00:00,BUY,3947.95,3978.05,12.53,1.244,TP,18,1019.9
2023-01-25 10:00:00,2023-01-25 12:00:00,BUY,4000.3,3981.08,-10.28,-1.008,SL,2,1009.62
2023-01-26 22:00:00,2023-01-27 23:00:00,BUY,4060.45,4068.5,2.91,0.288,TIME,24,1012.53
2023-01-30 12:00:00,2023-01-30 17:00:00,BUY,4035.9,4059.4,12.58,1.242,TP,5,1025.1
2023-01-31 09:00:00,2023-01-31 10:00:00,BUY,4026.0,4006.32,-10.33,-1.008,SL,1,1014.77
2023-02-01 15:00:00,2023-02-01 21:00:00,BUY,4062.0,4045.66,-10.24,-1.009,SL,6,1004.53
2023-02-03 01:00:00,2023-02-06 02:00:00,BUY,4152.7,4124.2,-7.13,-0.709,TIME,24,997.4
2023-02-06 15:00:00,2023-02-07 16:00:00,BUY,4104.7,4101.75,-1.28,-0.128,TIME,24,996.13
2023-02-09 16:00:00,2023-02-09 18:00:00,BUY,4143.65,4123.06,-10.03,-1.007,SL,2,986.1
2023-02-10 17:00:00,2023-02-13 16:00:00,BUY,4077.05,4108.56,12.27,1.244,TP,22,998.36
2023-02-14 05:00:00,2023-02-14 15:00:00,BUY,4133.4,4155.37,12.39,1.242,TP,10,1010.76
2023-02-15 04:00:00,2023-02-16 02:00:00,BUY,4115.0,4150.77,12.58,1.245,TP,21,1023.34
2023-02-16 14:00:00,2023-02-16 15:00:00,BUY,4136.4,4119.69,-10.33,-1.009,SL,1,1013.01
2023-02-17 17:00:00,2023-02-20 18:00:00,BUY,4056.85,4065.75,3.68,0.363,TIME,24,1016.69
2023-02-21 11:00:00,2023-02-21 15:00:00,BUY,4055.8,4040.6,-10.27,-1.01,SL,4,1006.42
2023-02-22 04:00:00,2023-02-22 10:00:00,BUY,4007.9,3990.82,-10.15,-1.009,SL,6,996.27
2023-02-22 22:00:00,2023-02-23 16:00:00,BUY,3992.85,4023.72,12.39,1.244,TP,17,1008.66
2023-02-24 06:00:00,2023-02-24 13:00:00,BUY,4008.7,3987.74,-10.16,-1.007,SL,7,998.5
2023-02-27 02:00:00,2023-02-27 15:00:00,BUY,3972.4,4002.82,12.42,1.244,TP,13,1010.92
2023-02-28 10:00:00,2023-02-28 14:00:00,BUY,3974.5,3996.07,12.55,1.241,TP,4,1023.47
2023-03-01 03:00:00,2023-03-01 18:00:00,BUY,3964.2,3942.39,-10.31,-1.007,SL,15,1013.17
2023-03-02 07:00:00,2023-03-02 20:00:00,BUY,3931.5,3957.51,12.59,1.243,TP,13,1025.76
2023-03-03 12:00:00,2023-03-03 16:00:00,BUY,3990.0,4010.97,12.73,1.241,TP,4,1038.49
2023-03-06 10:00:00,2023-03-06 17:00:00,BUY,4049.9,4070.53,12.89,1.241,TP,7,1051.38
2023-03-09 02:00:00,2023-03-09 20:00:00,BUY,3989.3,3966.54,-10.58,-1.007,SL,18,1040.8
2023-03-10 15:00:00,2023-03-10 16:00:00,BUY,3927.9,3898.02,-10.46,-1.005,SL,1,1030.33
2023-03-13 05:00:00,2023-03-13 12:00:00,BUY,3929.2,3879.71,-10.33,-1.003,SL,7,1020.0
2023-03-14 01:00:00,2023-03-14 18:00:00,BUY,3868.1,3935.47,12.72,1.247,TP,17,1032.72
2023-03-15 13:00:00,2023-03-15 21:00:00,BUY,3847.0,3891.69,12.87,1.246,TP,8,1045.59
2023-03-16 18:00:00,2023-03-17 19:00:00,BUY,3939.85,3919.05,-5.23,-0.5,TIME,24,1040.36
2023-03-20 10:00:00,2023-03-20 15:00:00,BUY,3888.9,3931.78,12.96,1.246,TP,5,1053.32
2023-03-21 10:00:00,2023-03-21 16:00:00,BUY,3961.9,3991.15,13.1,1.244,TP,6,1066.42
2023-03-22 10:00:00,2023-03-22 21:00:00,BUY,3993.7,4015.23,13.24,1.241,TP,11,1079.66
2023-03-23 10:00:00,2023-03-23 17:00:00,BUY,3964.1,3992.48,13.42,1.243,TP,7,1093.08
2023-03-24 06:00:00,2023-03-24 12:00:00,BUY,3950.6,3920.8,-10.99,-1.005,SL,6,1082.1
2023-03-27 01:00:00,2023-03-28 02:00:00,BUY,3990.1,3984.0,-1.88,-0.174,TIME,24,1080.22
2023-03-28 14:00:00,2023-03-28 20:00:00,BUY,3975.9,3958.27,-10.89,-1.009,SL,6,1069.32
2023-03-29 12:00:00,2023-03-29 22:00:00,BUY,4009.5,4028.11,13.26,1.24,TP,10,1082.58
2023-03-30 11:00:00,2023-03-31 03:00:00,BUY,4042.3,4059.68,13.42,1.239,TP,15,1096.0
2023-03-31 15:00:00,2023-03-31 18:00:00,BUY,4061.7,4078.78,13.58,1.239,TP,3,1109.58
2023-04-03 07:00:00,2023-04-03 16:00:00,BUY,4097.4,4115.98,13.76,1.24,TP,9,1123.34
2023-04-04 20:00:00,2023-04-05 17:00:00,BUY,4101.15,4081.47,-11.32,-1.008,SL,20,1112.02
2023-04-06 06:00:00,2023-04-06 19:00:00,BUY,4079.1,4096.11,13.78,1.239,TP,13,1125.8
2023-04-10 08:00:00,2023-04-10 15:00:00,BUY,4101.1,4088.33,-11.39,-1.012,SL,7,1114.4
2023-04-11 14:00:00,2023-04-11 21:00:00,BUY,4107.5,4122.95,13.8,1.238,TP,7,1128.2
2023-04-12 23:00:00,2023-04-13 18:00:00,BUY,4090.6,4120.88,14.03,1.244,TP,18,1142.23
2023-04-14 07:00:00,2023-04-14 16:00:00,BUY,4144.3,4161.98,14.16,1.239,TP,9,1156.39
2023-04-17 06:00:00,2023-04-17 18:00:00,BUY,4144.7,4126.56,-11.66,-1.008,SL,12,1144.73
2023-04-19 04:00:00,2023-04-19 11:00:00,BUY,4148.9,4134.98,-11.57,-1.011,SL,7,1133.16
2023-04-20 01:00:00,2023-04-20 10:00:00,BUY,4145.0,4130.08,-11.45,-1.01,SL,9,1121.71
2023-04-20 23:00:00,2023-04-24 01:00:00,BUY,4131.3,4127.7,-2.13,-0.19,TIME,24,1119.58
2023-04-25 21:00:00,2023-04-26 21:00:00,BUY,4077.65,4060.07,-11.29,-1.009,SL,23,1108.29
2023-04-27 10:00:00,2023-04-27 17:00:00,BUY,4076.4,4095.6,13.75,1.24,TP,7,1122.04
2023-04-28 06:00:00,2023-04-28 17:00:00,BUY,4129.0,4150.01,13.93,1.241,TP,11,1135.96
2023-05-01 06:00:00,2023-05-02 07:00:00,BUY,4171.8,4164.8,-4.5,-0.396,TIME,24,1131.46
2023-05-03 16:00:00,2023-05-03 17:00:00,BUY,4132.55,4117.05,-11.43,-1.01,SL,1,1120.04
2023-05-04 08:00:00,2023-05-04 13:00:00,BUY,4099.6,4076.85,-11.27,-1.007,SL,5,1108.77
2023-05-05 02:00:00,2023-05-05 16:00:00,BUY,4072.5,4106.51,13.8,1.245,TP,14,1122.56
2023-05-08 05:00:00,2023-05-09 06:00:00,BUY,4134.6,4135.6,0.59,0.052,TIME,24,1123.15
2023-05-09 20:00:00,2023-05-10 10:00:00,BUY,4128.45,4116.01,-11.37,-1.012,SL,13,1111.78
2023-05-11 11:00:00,2023-05-11 14:00:00,BUY,4149.1,4131.57,-11.21,-1.009,SL,3,1100.57
2023-05-12 05:00:00,2023-05-12 18:00:00,BUY,4136.1,4118.13,-11.1,-1.008,SL,13,1089.47
2023-05-16 08:00:00,2023-05-16 17:00:00,BUY,4126.4,4114.09,-11.03,-1.012,SL,9,1078.44
2023-05-17 17:00:00,2023-05-17 19:00:00,BUY,4125.45,4144.18,13.37,1.24,TP,2,1091.82
2023-05-18 08:00:00,2023-05-18 17:00:00,BUY,4153.7,4170.0,13.52,1.239,TP,9,1105.34
2023-05-19 06:00:00,2023-05-19 18:00:00,BUY,4205.7,4187.19,-11.14,-1.008,SL,12,1094.19
2023-05-23 12:00:00,2023-05-23 16:00:00,BUY,4186.3,4173.09,-11.07,-1.011,SL,4,1083.13
2023-05-24 11:00:00,2023-05-24 14:00:00,BUY,4144.4,4128.28,-10.93,-1.009,SL,3,1072.19
2023-05-25 05:00:00,2023-05-25 21:00:00,BUY,4131.3,4160.35,13.33,1.244,TP,16,1085.53
2023-05-26 17:00:00,2023-05-29 01:00:00,BUY,4199.25,4229.35,13.5,1.244,TP,7,1099.03
2023-05-29 13:00:00,2023-05-30 18:00:00,BUY,4214.3,4211.35,-2.04,-0.186,TIME,24,1096.99
2023-05-31 07:00:00,2023-05-31 17:00:00,BUY,4195.9,4181.81,-11.09,-1.011,SL,10,1085.9
2023-06-01 06:00:00,2023-06-01 18:00:00,BUY,4183.8,4206.16,13.48,1.242,TP,12,1099.39
2023-06-02 07:00:00,2023-06-02 15:00:00,BUY,4228.3,4246.29,13.63,1.24,TP,8,1113.02
2023-06-05 04:00:00,2023-06-06 05:00:00,BUY,4278.8,4274.3,-2.93,-0.263,TIME,24,1110.09
2023-06-07 10:00:00,2023-06-07 16:00:00,BUY,4277.9,4293.89,13.75,1.238,TP,6,1123.83
2023-06-08 05:00:00,2023-06-08 18:00:00,BUY,4267.3,4284.18,13.92,1.239,TP,13,1137.76
2023-06-09 16:00:00,2023-06-09 18:00:00,BUY,4311.85,4297.98,-11.5,-1.011,SL,2,1126.25
2023-06-12 21:00:00,2023-06-13 01:00:00,BUY,4327.55,4344.95,13.96,1.239,TP,3,1140.21
2023-06-13 14:00:00,2023-06-13 15:00:00,BUY,4341.8,4356.1,14.1,1.237,TP,1,1154.32
2023-06-14 06:00:00,2023-06-14 18:00:00,BUY,4367.7,4386.02,14.31,1.24,TP,12,1168.63
2023-06-15 09:00:00,2023-06-15 15:00:00,BUY,4366.5,4350.22,-11.79,-1.009,SL,6,1156.83
2023-06-16 04:00:00,2023-06-16 16:00:00,BUY,4415.4,4440.51,14.37,1.243,TP,12,1171.21
2023-06-19 06:00:00,2023-06-20 11:00:00,BUY,4404.8,4388.3,-10.87,-0.928,TIME,24,1160.34
2023-06-21 02:00:00,2023-06-21 15:00:00,BUY,4391.4,4375.26,-11.71,-1.009,SL,13,1148.63
2023-06-22 04:00:00,2023-06-22 23:00:00,BUY,4362.7,4382.34,14.25,1.241,TP,19,1162.87
2023-06-23 22:00:00,2023-06-26 22:00:00,BUY,4349.05,4329.24,-11.72,-1.008,SL,23,1151.16
2023-06-27 19:00:00,2023-06-28 19:00:00,BUY,4367.45,4389.73,14.29,1.242,TP,23,1165.45
2023-06-29 09:00:00,2023-06-29 15:00:00,BUY,4377.5,4394.45,14.44,1.239,TP,6,1179.89
2023-06-30 12:00:00,2023-06-30 15:00:00,BUY,4410.8,4426.09,14.61,1.238,TP,3,1194.5
2023-07-03 04:00:00,2023-07-04 08:00:00,BUY,4449.4,4453.5,3.25,0.272,TIME,24,1197.74
2023-07-05 06:00:00,2023-07-05 09:00:00,BUY,4452.4,4446.24,-12.28,-1.025,SL,3,1185.47
2023-07-05 22:00:00,2023-07-06 06:00:00,BUY,4446.95,4434.7,-12.0,-1.012,SL,7,1173.46
2023-07-06 19:00:00,2023-07-07 19:00:00,BUY,4405.65,4425.39,14.56,1.241,TP,23,1188.02
2023-07-11 22:00:00,2023-07-12 15:00:00,BUY,4439.45,4462.73,14.76,1.242,TP,16,1202.78
2023-07-13 04:00:00,2023-07-13 16:00:00,BUY,4479.2,4497.74,14.91,1.24,TP,12,1217.69
2023-07-14 05:00:00,2023-07-14 16:00:00,BUY,4507.9,4522.39,15.07,1.237,TP,11,1232.76
2023-07-17 05:00:00,2023-07-17 18:00:00,BUY,4501.2,4516.7,15.26,1.238,TP,13,1248.02
2023-07-19 01:00:00,2023-07-19 16:00:00,BUY,4554.3,4570.79,15.46,1.239,TP,15,1263.48
2023-07-20 05:00:00,2023-07-20 17:00:00,BUY,4558.5,4544.1,-12.77,-1.011,SL,12,1250.71
2023-07-21 06:00:00,2023-07-21 15:00:00,BUY,4540.3,4556.9,15.49,1.239,TP,9,1266.2
2023-07-26 06:00:00,2023-07-26 17:00:00,BUY,4567.8,4554.95,-12.81,-1.012,SL,11,1253.39
2023-07-27 09:00:00,2023-07-27 15:00:00,BUY,4582.5,4600.03,15.53,1.239,TP,6,1268.93
2023-07-28 08:00:00,2023-07-28 17:00:00,BUY,4554.2,4580.0,15.77,1.243,TP,9,1284.7
2023-08-02 15:00:00,2023-08-02 17:00:00,BUY,4548.4,4531.02,-12.96,-1.009,SL,2,1271.74
2023-08-03 07:00:00,2023-08-03 10:00:00,BUY,4514.4,4496.92,-12.83,-1.009,SL,3,1258.91
2023-08-03 22:00:00,2023-08-04 16:00:00,BUY,4499.35,4527.51,15.65,1.243,TP,17,1274.56
2023-08-07 05:00:00,2023-08-08 06:00:00,BUY,4497.5,4507.5,5.62,0.441,TIME,24,1280.18
2023-08-09 22:00:00,2023-08-10 15:00:00,BUY,4468.35,4499.21,15.92,1.244,TP,16,1296.11
2023-08-11 04:00:00,2023-08-11 15:00:00,BUY,4475.1,4449.74,-13.04,-1.006,SL,11,1283.07
2023-08-14 05:00:00,2023-08-14 10:00:00,BUY,4455.9,4482.05,15.95,1.243,TP,5,1299.02
2023-08-15 01:00:00,2023-08-15 10:00:00,BUY,4497.8,4475.96,-13.08,-1.007,SL,9,1285.94
2023-08-16 01:00:00,2023-08-16 20:00:00,BUY,4439.2,4417.57,-12.95,-1.007,SL,19,1272.99
2023-08-17 09:00:00,2023-08-17 21:00:00,BUY,4409.8,4391.61,-12.84,-1.008,SL,12,1260.15
2023-08-18 10:00:00,2023-08-18 14:00:00,BUY,4365.3,4347.79,-12.71,-1.009,SL,4,1247.44
2023-08-22 09:00:00,2023-08-22 14:00:00,BUY,4402.8,4423.38,15.48,1.241,TP,5,1262.92
2023-08-23 16:00:00,2023-08-23 19:00:00,BUY,4410.15,4432.64,15.68,1.242,TP,3,1278.6
2023-08-24 08:00:00,2023-08-24 12:00:00,BUY,4469.8,4452.56,-12.9,-1.009,SL,4,1265.7
2023-08-25 17:00:00,2023-08-25 18:00:00,BUY,4358.15,4390.76,15.75,1.244,TP,1,1281.45
2023-08-28 08:00:00,2023-08-29 09:00:00,BUY,4414.6,4437.4,13.14,1.026,TIME,24,1294.6
2023-08-30 05:00:00,2023-08-30 12:00:00,BUY,4504.4,4487.19,-13.06,-1.009,SL,7,1281.54
2023-08-31 05:00:00,2023-09-01 06:00:00,BUY,4517.7,4512.4,-4.42,-0.345,TIME,24,1277.12
2023-09-01 18:00:00,2023-09-04 19:00:00,BUY,4503.35,4513.75,6.69,0.524,TIME,24,1283.8
2023-09-06 01:00:00,2023-09-06 10:00:00,BUY,4496.4,4481.17,-12.97,-1.01,SL,9,1270.84
2023-09-07 09:00:00,2023-09-07 15:00:00,BUY,4453.1,4440.07,-12.86,-1.012,SL,6,1257.98
2023-09-08 04:00:00,2023-09-08 17:00:00,BUY,4451.5,4471.81,15.61,1.241,TP,13,1273.59
2023-09-11 09:00:00,2023-09-11 16:00:00,BUY,4472.8,4489.73,15.78,1.239,TP,7,1289.37
2023-09-12 05:00:00,2023-09-12 16:00:00,BUY,4482.8,4469.85,-13.04,-1.012,SL,11,1276.33
2023-09-13 10:00:00,2023-09-13 15:00:00,BUY,4462.6,4449.16,-12.91,-1.011,SL,5,1263.42
2023-09-14 10:00:00,2023-09-14 16:00:00,BUY,4476.1,4493.29,15.66,1.239,TP,6,1279.08
2023-09-15 05:00:00,2023-09-15 15:00:00,BUY,4513.1,4499.16,-12.93,-1.011,SL,10,1266.15
2023-09-20 03:00:00,2023-09-20 16:00:00,BUY,4442.7,4459.88,15.69,1.239,TP,13,1281.84
2023-09-21 05:00:00,2023-09-21 14:00:00,BUY,4388.0,4371.51,-12.94,-1.009,SL,9,1268.9
2023-09-22 03:00:00,2023-09-22 17:00:00,BUY,4329.1,4352.88,15.76,1.242,TP,14,1284.66
2023-09-25 07:00:00,2023-09-25 11:00:00,BUY,4332.1,4314.67,-12.96,-1.009,SL,4,1271.7
2023-09-26 09:00:00,2023-09-26 17:00:00,BUY,4312.5,4293.99,-12.82,-1.008,SL,8,1258.88
2023-09-27 06:00:00,2023-09-27 18:00:00,BUY,4282.6,4264.54,-12.69,-1.008,SL,12,1246.19
2023-09-28 07:00:00,2023-09-28 18:00:00,BUY,4276.1,4302.0,15.49,1.243,TP,11,1261.68
2023-09-29 10:00:00,2023-09-29 19:00:00,BUY,4317.4,4296.06,-12.71,-1.007,SL,9,1248.97
2023-10-02 11:00:00,2023-10-02 13:00:00,BUY,4310.5,4288.76,-12.58,-1.007,SL,2,1236.39
2023-10-03 03:00:00,2023-10-03 15:00:00,BUY,4288.3,4262.31,-12.44,-1.006,SL,12,1223.96
2023-10-04 04:00:00,2023-10-04 18:00:00,BUY,4217.7,4250.01,15.23,1.244,TP,14,1239.19
2023-10-05 08:00:00,2023-10-05 17:00:00,BUY,4261.2,4240.81,-12.48,-1.007,SL,9,1226.7
2023-10-06 16:00:00,2023-10-06 18:00:00,BUY,4232.95,4265.92,15.26,1.244,TP,2,1241.97
2023-10-09 16:00:00,2023-10-09 20:00:00,BUY,4302.25,4333.91,15.45,1.244,TP,4,1257.42
2023-10-11 15:00:00,2023-10-11 17:00:00,BUY,4374.9,4360.0,-12.7,-1.01,SL,2,1244.72
2023-10-12 06:00:00,2023-10-12 16:00:00,BUY,4389.4,4374.46,-12.57,-1.01,SL,10,1232.14
2023-10-13 06:00:00,2023-10-13 12:00:00,BUY,4354.9,4337.0,-12.43,-1.008,SL,6,1219.72
2023-10-16 02:00:00,2023-10-16 17:00:00,BUY,4339.5,4372.61,15.18,1.244,TP,15,1234.89
2023-10-18 03:00:00,2023-10-18 17:00:00,BUY,4358.9,4335.46,-12.43,-1.006,SL,14,1222.47
2023-10-19 12:00:00,2023-10-19 19:00:00,BUY,4313.8,4291.63,-12.31,-1.007,SL,7,1210.16
2023-10-20 08:00:00,2023-10-20 17:00:00,BUY,4268.5,4244.33,-12.18,-1.006,SL,9,1197.98
2023-10-23 07:00:00,2023-10-23 12:00:00,BUY,4232.7,4210.26,-12.06,-1.007,SL,5,1185.92
2023-10-24 03:00:00,2023-10-24 17:00:00,BUY,4225.0,4258.01,14.76,1.244,TP,14,1200.68
2023-10-25 06:00:00,2023-10-25 16:00:00,BUY,4238.9,4217.34,-12.09,-1.007,SL,10,1188.59
2023-10-26 05:00:00,2023-10-26 19:00:00,BUY,4158.9,4135.04,-11.96,-1.006,SL,14,1176.63
2023-10-27 09:00:00,2023-10-27 17:00:00,BUY,4157.9,4134.34,-11.84,-1.006,SL,8,1164.78
2023-10-30 06:00:00,2023-10-30 16:00:00,BUY,4134.5,4162.43,14.48,1.243,TP,10,1179.27
2023-11-01 09:00:00,2023-11-01 12:00:00,BUY,4191.8,4174.57,-11.9,-1.009,SL,3,1167.37
2023-11-02 08:00:00,2023-11-02 15:00:00,BUY,4247.2,4268.5,14.49,1.241,TP,7,1181.86
2023-11-03 04:00:00,2023-11-03 15:00:00,BUY,4315.0,4337.09,14.67,1.242,TP,11,1196.53
2023-11-06 04:00:00,2023-11-07 05:00:00,BUY,4360.3,4357.6,-1.78,-0.149,TIME,24,1194.75
2023-11-08 03:00:00,2023-11-08 19:00:00,BUY,4377.6,4363.87,-12.08,-1.011,SL,16,1182.67
2023-11-09 10:00:00,2023-11-09 17:00:00,BUY,4384.6,4372.3,-11.97,-1.012,SL,7,1170.7
2023-11-10 06:00:00,2023-11-10 16:00:00,BUY,4351.4,4370.55,14.52,1.24,TP,10,1185.22
2023-11-13 14:00:00,2023-11-13 16:00:00,BUY,4407.5,4393.3,-11.98,-1.011,SL,2,1173.24
2023-11-17 07:00:00,2023-11-20 08:00:00,BUY,4512.5,4506.8,-4.99,-0.426,TIME,24,1168.24
2023-11-20 20:00:00,2023-11-21 17:00:00,BUY,4546.05,4531.49,-11.8,-1.01,SL,20,1156.44
2023-11-22 10:00:00,2023-11-22 15:00:00,BUY,4539.2,4552.49,14.29,1.236,TP,5,1170.73
2023-11-23 04:00:00,2023-11-24 09:00:00,BUY,4556.0,4557.8,1.57,0.134,TIME,24,1172.31
2023-11-27 03:00:00,2023-11-27 20:00:00,BUY,4549.7,4560.13,14.45,1.232,TP,17,1186.75
2023-11-29 09:00:00,2023-11-29 13:00:00,BUY,4559.8,4572.83,14.67,1.236,TP,4,1201.42
2023-11-30 03:00:00,2023-11-30 20:00:00,BUY,4552.0,4537.0,-12.14,-1.01,SL,17,1189.28
2023-12-01 14:00:00,2023-12-01 17:00:00,BUY,4558.2,4574.04,14.73,1.238,TP,3,1204.01
2023-12-04 07:00:00,2023-12-04 15:00:00,BUY,4585.1,4570.93,-12.17,-1.011,SL,8,1191.84
2023-12-06 08:00:00,2023-12-06 18:00:00,BUY,4579.8,4566.92,-12.06,-1.012,SL,10,1179.78
2023-12-07 15:00:00,2023-12-07 17:00:00,BUY,4563.7,4578.95,14.6,1.238,TP,2,1194.38
2023-12-08 08:00:00,2023-12-08 15:00:00,BUY,4581.8,4570.88,-12.11,-1.014,SL,7,1182.27
2023-12-11 07:00:00,2023-12-11 22:00:00,BUY,4602.7,4620.21,14.65,1.239,TP,15,1196.93
2023-12-13 02:00:00,2023-12-13 21:00:00,BUY,4649.6,4665.68,14.82,1.238,TP,19,1211.75
2023-12-14 10:00:00,2023-12-14 20:00:00,BUY,4722.1,4706.32,-12.23,-1.01,SL,10,1199.52
2023-12-15 15:00:00,2023-12-15 20:00:00,BUY,4720.6,4705.45,-12.12,-1.01,SL,5,1187.4
2023-12-18 23:00:00,2023-12-19 16:00:00,BUY,4738.3,4754.76,14.71,1.239,TP,16,1202.11
2023-12-20 10:00:00,2023-12-20 19:00:00,BUY,4764.1,4774.86,14.82,1.233,TP,9,1216.93
2023-12-21 10:00:00,2023-12-21 15:00:00,BUY,4724.6,4741.96,15.08,1.239,TP,5,1232.01
2023-12-22 08:00:00,2023-12-22 16:00:00,BUY,4741.4,4759.86,15.28,1.24,TP,8,1247.29
2023-12-27 02:00:00,2023-12-28 03:00:00,BUY,4775.0,4788.56,15.42,1.236,TP,24,1262.71
2023-12-28 16:00:00,2023-12-29 17:00:00,BUY,4790.75,4781.02,-12.82,-1.016,SL,24,1249.88
2024-01-03 16:00:00,2024-01-03 22:00:00,BUY,4716.75,4702.95,-12.64,-1.011,SL,6,1237.25
2024-01-04 15:00:00,2024-01-04 18:00:00,BUY,4703.6,4721.87,15.34,1.24,TP,3,1252.59
2024-01-05 17:00:00,2024-01-05 19:00:00,BUY,4719.25,4699.19,-12.62,-1.008,SL,2,1239.97
2024-01-08 19:00:00,2024-01-08 21:00:00,BUY,4732.25,4756.26,15.4,1.242,TP,2,1255.37
2024-01-09 13:00:00,2024-01-09 18:00:00,BUY,4741.4,4757.52,15.55,1.238,TP,5,1270.92
2024-01-10 16:00:00,2024-01-10 21:00:00,BUY,4763.45,4782.18,15.76,1.24,TP,5,1286.68
2024-01-11 10:00:00,2024-01-11 12:00:00,BUY,4800.7,4787.47,-13.01,-1.011,SL,2,1273.66
2024-01-12 09:00:00,2024-01-12 16:00:00,BUY,4767.9,4789.95,15.81,1.242,TP,7,1289.48
2024-01-17 01:00:00,2024-01-17 08:00:00,BUY,4768.4,4748.41,-12.99,-1.008,SL,7,1276.48
2024-01-17 22:00:00,2024-01-18 21:00:00,BUY,4739.25,4766.29,15.87,1.243,TP,22,1292.35
2024-01-19 10:00:00,2024-01-19 19:00:00,BUY,4795.1,4813.87,16.03,1.24,TP,9,1308.38
2024-01-22 16:00:00,2024-01-22 17:00:00,BUY,4866.05,4851.19,-13.22,-1.01,SL,1,1295.16
2024-01-23 10:00:00,2024-01-23 22:00:00,BUY,4848.7,4863.49,16.03,1.237,TP,12,1311.19
2024-01-24 17:00:00,2024-01-24 21:00:00,BUY,4895.55,4882.75,-13.27,-1.012,SL,4,1297.92
2024-01-26 05:00:00,2024-01-26 17:00:00,BUY,4882.4,4902.39,16.1,1.241,TP,12,1314.02
2024-01-29 09:00:00,2024-01-29 22:00:00,BUY,4891.5,4908.42,16.28,1.239,TP,13,1330.3
2024-01-30 11:00:00,2024-01-30 23:00:00,BUY,4923.6,4911.28,-13.47,-1.012,SL,12,1316.84
2024-02-01 13:00:00,2024-02-01 19:00:00,BUY,4866.7,4885.27,16.33,1.24,TP,6,1333.17
2024-02-02 08:00:00,2024-02-02 15:00:00,BUY,4935.1,4916.63,-13.44,-1.008,SL,7,1319.73
2024-02-07 14:00:00,2024-02-07 17:00:00,BUY,4963.6,4979.52,16.34,1.238,TP,3,1336.07
2024-02-08 06:00:00,2024-02-09 07:00:00,BUY,4995.7,4995.0,-0.75,-0.056,TIME,24,1335.32
2024-02-09 19:00:00,2024-02-12 18:00:00,BUY,5018.85,5035.54,16.54,1.239,TP,22,1351.86
2024-02-13 15:00:00,2024-02-13 21:00:00,BUY,4960.7,4941.88,-13.63,-1.008,SL,6,1338.23
2024-02-14 19:00:00,2024-02-14 22:00:00,BUY,4974.35,5000.12,16.63,1.243,TP,3,1354.86
2024-02-15 11:00:00,2024-02-15 21:00:00,BUY,5010.6,5029.87,16.8,1.24,TP,10,1371.67
2024-02-16 10:00:00,2024-02-16 15:00:00,BUY,5037.3,5024.41,-13.88,-1.012,SL,5,1357.79
2024-02-19 04:00:00,2024-02-20 09:00:00,BUY,5007.3,4994.8,-8.01,-0.59,TIME,24,1349.78
2024-02-21 23:00:00,2024-02-22 10:00:00,BUY,5004.9,5039.43,16.8,1.245,TP,10,1366.58
2024-02-22 22:00:00,2024-02-23 23:00:00,BUY,5085.25,5082.0,-1.89,-0.138,TIME,24,1364.69
2024-02-26 14:00:00,2024-02-26 20:00:00,BUY,5084.9,5072.55,-13.81,-1.012,SL,6,1350.87
2024-02-28 19:00:00,2024-02-29 10:00:00,BUY,5067.95,5052.35,-13.64,-1.01,SL,14,1337.23
2024-03-01 01:00:00,2024-03-01 18:00:00,BUY,5088.3,5115.92,16.63,1.243,TP,17,1353.86
2024-03-04 07:00:00,2024-03-04 22:00:00,BUY,5132.7,5149.34,16.77,1.239,TP,15,1370.63
2024-03-06 12:00:00,2024-03-06 16:00:00,BUY,5095.0,5112.9,16.99,1.24,TP,4,1387.62
2024-03-07 15:00:00,2024-03-07 17:00:00,BUY,5128.5,5151.96,17.24,1.242,TP,2,1404.85
2024-03-08 06:00:00,2024-03-08 15:00:00,BUY,5158.9,5140.65,-14.16,-1.008,SL,9,1390.69
2024-03-11 04:00:00,2024-03-11 17:00:00,BUY,5122.4,5093.51,-13.98,-1.005,SL,13,1376.71
2024-03-12 17:00:00,2024-03-13 18:00:00,BUY,5166.05,5169.85,1.92,0.139,TIME,24,1378.63
2024-03-14 15:00:00,2024-03-14 16:00:00,BUY,5175.8,5163.17,-13.95,-1.012,SL,1,1364.67
2024-03-15 05:00:00,2024-03-15 16:00:00,BUY,5148.6,5129.23,-13.75,-1.008,SL,11,1350.92
2024-03-18 10:00:00,2024-03-18 14:00:00,BUY,5133.76,5153.44,16.76,1.241,TP,4,1367.68
2024-03-19 22:00:00,2024-03-20 21:00:00,BUY,5182.77,5210.32,17.0,1.243,TP,23,1384.68
2024-03-21 11:00:00,2024-03-22 11:00:00,BUY,5249.97,5249.45,-0.54,-0.039,TIME,24,1384.14
2024-03-25 01:00:00,2024-03-25 14:00:00,BUY,5233.57,5218.58,-13.98,-1.01,SL,13,1370.16
2024-03-26 03:00:00,2024-03-26 13:00:00,BUY,5231.16,5244.09,16.93,1.236,TP,10,1387.09
2024-03-27 03:00:00,2024-03-27 16:00:00,BUY,5221.13,5235.41,17.16,1.237,TP,13,1404.25
2024-03-28 05:00:00,2024-04-01 01:00:00,BUY,5250.06,5267.26,17.4,1.239,TP,19,1421.65
2024-04-01 13:00:00,2024-04-01 15:00:00,BUY,5278.14,5267.23,-14.41,-1.014,SL,2,1407.24
2024-04-03 17:00:00,2024-04-03 22:00:00,BUY,5228.17,5210.95,-14.2,-1.009,SL,5,1393.04
2024-04-04 11:00:00,2024-04-04 15:00:00,BUY,5231.62,5248.14,17.26,1.239,TP,4,1410.3
2024-04-05 16:00:00,2024-04-05 18:00:00,BUY,5177.68,5205.15,17.53,1.243,TP,2,1427.83
2024-04-08 07:00:00,2024-04-09 07:00:00,BUY,5201.38,5210.55,5.53,0.387,TIME,24,1433.36
2024-04-09 23:00:00,2024-04-10 15:00:00,BUY,5219.46,5191.72,-14.41,-1.005,SL,16,1418.94
2024-04-11 05:00:00,2024-04-11 15:00:00,BUY,5158.67,5132.1,-14.27,-1.006,SL,10,1404.67
2024-04-12 03:00:00,2024-04-12 13:00:00,BUY,5201.66,5176.98,-14.13,-1.006,SL,10,1390.54
2024-04-15 05:00:00,2024-04-15 16:00:00,BUY,5136.37,5170.59,17.31,1.245,TP,11,1407.85
2024-04-16 05:00:00,2024-04-17 05:00:00,BUY,5051.21,5063.39,5.59,0.397,TIME,24,1413.44
2024-04-17 17:00:00,2024-04-17 19:00:00,BUY,5045.3,5017.38,-14.21,-1.005,SL,2,1399.22
2024-04-18 08:00:00,2024-04-18 16:00:00,BUY,5040.08,5017.53,-14.09,-1.007,SL,8,1385.14
2024-04-19 04:00:00,2024-04-19 10:00:00,BUY,4946.55,4987.66,17.25,1.245,TP,6,1402.39
2024-04-22 01:00:00,2024-04-22 20:00:00,BUY,4983.47,5029.62,17.47,1.246,TP,19,1419.86
2024-04-23 09:00:00,2024-04-23 16:00:00,BUY,5014.45,5042.25,17.65,1.243,TP,7,1437.52
2024-04-24 04:00:00,2024-04-24 17:00:00,BUY,5086.88,5066.86,-14.48,-1.008,SL,13,1423.03
2024-04-25 07:00:00,2024-04-25 15:00:00,BUY,5040.25,5020.0,-14.34,-1.007,SL,8,1408.7
2024-04-26 03:00:00,2024-04-29 04:00:00,BUY,5087.02,5114.41,12.78,0.908,TIME,24,1421.48
2024-04-29 16:00:00,2024-04-29 22:00:00,BUY,5111.32,5094.63,-14.34,-1.009,SL,6,1407.14
2024-05-01 15:00:00,2024-05-01 21:00:00,BUY,5023.55,5048.15,17.48,1.242,TP,6,1424.62
2024-05-02 09:00:00,2024-05-02 17:00:00,BUY,5040.06,5016.27,-14.34,-1.006,SL,8,1410.28
2024-05-03 05:00:00,2024-05-03 15:00:00,BUY,5077.78,5108.03,17.54,1.244,TP,10,1427.82
2024-05-06 13:00:00,2024-05-06 21:00:00,BUY,5147.57,5167.14,17.71,1.24,TP,8,1445.54
2024-05-07 11:00:00,2024-05-08 11:00:00,BUY,5186.89,5186.87,-0.03,-0.002,TIME,24,1445.51
2024-05-09 17:00:00,2024-05-10 09:00:00,BUY,5204.81,5222.77,17.92,1.24,TP,16,1463.43
2024-05-13 02:00:00,2024-05-13 15:00:00,BUY,5220.8,5238.06,18.14,1.239,TP,13,1481.56
2024-05-14 21:00:00,2024-05-15 15:00:00,BUY,5246.62,5267.9,18.39,1.241,TP,18,1499.95
2024-05-17 09:00:00,2024-05-17 21:00:00,BUY,5299.48,5288.87,-15.21,-1.014,SL,12,1484.74
2024-05-20 12:00:00,2024-05-20 17:00:00,BUY,5313.71,5325.07,18.32,1.234,TP,5,1503.06
2024-05-21 18:00:00,2024-05-21 22:00:00,BUY,5312.42,5325.22,18.57,1.236,TP,4,1521.63
2024-05-22 18:00:00,2024-05-22 20:00:00,BUY,5319.69,5309.35,-15.44,-1.015,SL,2,1506.19
2024-05-23 13:00:00,2024-05-23 16:00:00,BUY,5341.84,5327.14,-15.22,-1.01,SL,3,1490.97
2024-05-24 09:00:00,2024-05-24 17:00:00,BUY,5270.81,5291.21,18.5,1.241,TP,8,1509.47
2024-05-27 06:00:00,2024-05-28 01:00:00,BUY,5302.36,5320.97,19.55,1.295,TP,14,1529.02
2024-05-28 23:00:00,2024-05-29 08:00:00,BUY,5310.7,5292.55,-15.42,-1.008,SL,9,1513.6
2024-05-30 16:00:00,2024-05-30 17:00:00,BUY,5257.78,5242.2,-15.28,-1.01,SL,1,1498.32
2024-05-31 14:00:00,2024-05-31 15:00:00,BUY,5235.64,5256.34,18.59,1.241,TP,1,1516.91
2024-06-03 04:00:00,2024-06-03 18:00:00,BUY,5294.82,5266.14,-15.25,-1.005,SL,14,1501.66
2024-06-04 09:00:00,2024-06-04 12:00:00,BUY,5278.87,5258.72,-15.13,-1.007,SL,3,1486.53
2024-06-05 02:00:00,2024-06-05 18:00:00,BUY,5302.63,5330.33,18.48,1.243,TP,16,1505.01
2024-06-06 08:00:00,2024-06-06 19:00:00,BUY,5357.91,5344.3,-15.22,-1.011,SL,11,1489.8
2024-06-07 16:00:00,2024-06-07 17:00:00,BUY,5348.27,5370.63,18.5,1.242,TP,1,1508.29
2024-06-10 07:00:00,2024-06-10 12:00:00,BUY,5351.38,5333.85,-15.21,-1.009,SL,5,1493.08
2024-06-11 10:00:00,2024-06-11 13:00:00,BUY,5361.95,5349.78,-15.12,-1.012,SL,3,1477.96
2024-06-12 02:00:00,2024-06-12 15:00:00,BUY,5380.41,5401.25,18.34,1.241,TP,13,1496.31
2024-06-13 12:00:00,2024-06-13 15:00:00,BUY,5425.39,5444.66,18.56,1.24,TP,3,1514.87
2024-06-14 14:00:00,2024-06-14 20:00:00,BUY,5406.36,5428.84,18.81,1.242,TP,6,1533.68
2024-06-17 13:00:00,2024-06-17 19:00:00,BUY,5430.08,5447.91,19.01,1.24,TP,6,1552.69
2024-06-18 19:00:00,2024-06-20 01:00:00,BUY,5485.03,5492.95,7.93,0.511,TIME,24,1560.62
2024-06-21 01:00:00,2024-06-21 11:00:00,BUY,5478.51,5460.88,-15.74,-1.009,SL,10,1544.88
2024-06-21 23:00:00,2024-06-24 23:00:00,BUY,5469.76,5449.51,-15.56,-1.007,SL,23,1529.31
2024-06-25 23:00:00,2024-06-26 23:00:00,BUY,5471.66,5470.43,-1.03,-0.067,TIME,24,1528.29
2024-06-27 16:00:00,2024-06-27 21:00:00,BUY,5484.7,5469.44,-15.43,-1.01,SL,5,1512.85
2024-06-28 10:00:00,2024-06-28 17:00:00,BUY,5497.96,5513.07,18.72,1.238,TP,7,1531.58
2024-07-01 06:00:00,2024-07-01 17:00:00,BUY,5477.6,5459.39,-15.44,-1.008,SL,11,1516.13
2024-07-02 08:00:00,2024-07-02 10:00:00,BUY,5468.77,5453.15,-15.31,-1.01,SL,2,1500.83
2024-07-03 02:00:00,2024-07-03 19:00:00,BUY,5505.03,5528.1,18.64,1.242,TP,17,1519.46
2024-07-04 11:00:00,2024-07-05 16:00:00,BUY,5537.23,5543.53,9.57,0.63,TIME,24,1529.03
2024-07-09 04:00:00,2024-07-10 04:00:00,BUY,5581.49,5580.34,-1.48,-0.097,TIME,24,1527.55
2024-07-10 17:00:00,2024-07-10 19:00:00,BUY,5590.5,5601.14,18.83,1.233,TP,2,1546.38
2024-07-11 15:00:00,2024-07-11 17:00:00,BUY,5632.72,5620.89,-15.66,-1.013,SL,2,1530.72
2024-07-12 15:00:00,2024-07-12 17:00:00,BUY,5593.15,5613.82,19.0,1.241,TP,2,1549.72
2024-07-15 16:00:00,2024-07-15 18:00:00,BUY,5640.39,5660.06,19.22,1.241,TP,2,1568.94
2024-07-16 23:00:00,2024-07-17 09:00:00,BUY,5668.08,5647.62,-15.81,-1.007,SL,10,1553.14
2024-07-17 22:00:00,2024-07-18 18:00:00,BUY,5590.87,5567.51,-15.63,-1.006,SL,20,1537.5
2024-07-19 10:00:00,2024-07-19 19:00:00,BUY,5533.96,5509.73,-15.47,-1.006,SL,9,1522.03
2024-07-22 09:00:00,2024-07-22 16:00:00,BUY,5526.3,5558.55,18.94,1.244,TP,7,1540.97
2024-07-23 04:00:00,2024-07-24 01:00:00,BUY,5562.49,5536.74,-17.59,-1.141,SL,21,1523.39
2024-07-24 15:00:00,2024-07-24 16:00:00,BUY,5505.1,5482.93,-15.34,-1.007,SL,1,1508.05
2024-07-25 09:00:00,2024-07-25 11:00:00,BUY,5439.74,5416.25,-15.18,-1.006,SL,2,1492.87
2024-07-26 05:00:00,2024-07-26 18:00:00,BUY,5421.05,5463.7,18.6,1.246,TP,13,1511.47
2024-07-29 10:00:00,2024-07-29 18:00:00,BUY,5471.05,5445.5,-15.2,-1.006,SL,8,1496.26
2024-07-30 06:00:00,2024-07-30 16:00:00,BUY,5453.97,5483.41,18.61,1.244,TP,10,1514.87
2024-07-31 16:00:00,2024-07-31 21:00:00,BUY,5505.49,5540.5,18.86,1.245,TP,5,1533.73
2024-08-01 23:00:00,2024-08-02 05:00:00,BUY,5437.46,5387.35,-15.38,-1.003,SL,6,1518.34
2024-08-05 03:00:00,2024-08-05 08:00:00,BUY,5273.3,5220.77,-15.23,-1.003,SL,5,1503.12
2024-08-05 21:00:00,2024-08-06 17:00:00,BUY,5172.6,5277.24,18.76,1.248,TP,19,1521.88
2024-08-07 21:00:00,2024-08-08 17:00:00,BUY,5209.7,5278.99,18.98,1.247,TP,19,1540.86
2024-08-09 07:00:00,2024-08-12 08:00:00,BUY,5307.9,5348.0,14.18,0.92,TIME,24,1555.04
2024-08-13 06:00:00,2024-08-13 16:00:00,BUY,5350.7,5385.09,19.35,1.245,TP,10,1574.39
2024-08-14 05:00:00,2024-08-14 19:00:00,BUY,5431.8,5462.23,19.58,1.244,TP,14,1593.97
2024-08-15 16:00:00,2024-08-16 01:00:00,BUY,5514.9,5548.82,19.84,1.244,TP,8,1613.81
2024-08-16 14:00:00,2024-08-16 15:00:00,BUY,5534.4,5515.79,-16.27,-1.008,SL,1,1597.54
2024-08-19 08:00:00,2024-08-19 17:00:00,BUY,5553.0,5576.9,19.84,1.242,TP,9,1617.39
2024-08-20 17:00:00,2024-08-21 17:00:00,BUY,5596.0,5620.07,20.09,1.242,TP,23,1637.48
2024-08-22 06:00:00,2024-08-22 15:00:00,BUY,5611.6,5633.46,20.33,1.241,TP,9,1657.81
2024-08-23 04:00:00,2024-08-23 17:00:00,BUY,5585.1,5615.08,20.62,1.244,TP,13,1678.43
2024-08-26 06:00:00,2024-08-26 20:00:00,BUY,5627.9,5603.2,-16.89,-1.006,SL,14,1661.54
2024-08-27 17:00:00,2024-08-28 18:00:00,BUY,5627.4,5604.2,-16.72,-1.007,SL,24,1644.82
2024-08-29 07:00:00,2024-08-29 12:00:00,BUY,5576.0,5608.71,20.47,1.244,TP,5,1665.28
2024-08-30 01:00:00,2024-08-30 22:00:00,BUY,5599.7,5640.85,20.74,1.245,TP,21,1686.02
2024-09-02 11:00:00,2024-09-03 12:00:00,BUY,5637.0,5615.35,-16.98,-1.007,SL,20,1669.05
2024-09-04 16:00:00,2024-09-04 22:00:00,BUY,5533.3,5505.02,-16.78,-1.005,SL,6,1652.27
2024-09-06 01:00:00,2024-09-06 10:00:00,BUY,5500.2,5466.2,-16.6,-1.004,SL,9,1635.67
2024-09-09 09:00:00,2024-09-09 19:00:00,BUY,5433.8,5472.98,20.37,1.245,TP,10,1656.04
2024-09-10 08:00:00,2024-09-10 22:00:00,BUY,5462.9,5494.46,20.6,1.244,TP,14,1676.64
2024-09-11 12:00:00,2024-09-11 16:00:00,BUY,5482.4,5458.49,-16.87,-1.006,SL,4,1659.77
2024-09-12 08:00:00,2024-09-13 02:00:00,BUY,5564.1,5601.55,20.66,1.245,TP,17,1680.43
2024-09-13 18:00:00,2024-09-16 17:00:00,BUY,5633.2,5609.06,-16.91,-1.006,SL,22,1663.52
2024-09-17 10:00:00,2024-09-17 17:00:00,BUY,5644.0,5663.38,20.63,1.24,TP,7,1684.16
2024-09-18 20:00:00,2024-09-18 21:00:00,BUY,5637.8,5664.61,20.93,1.243,TP,1,1705.09
2024-09-19 10:00:00,2024-09-19 20:00:00,BUY,5689.6,5729.45,21.23,1.245,TP,10,1726.33
2024-09-20 09:00:00,2024-09-20 18:00:00,BUY,5706.5,5684.46,-17.38,-1.007,SL,9,1708.95
2024-09-23 18:00:00,2024-09-24 19:00:00,BUY,5718.7,5726.8,6.28,0.367,TIME,24,1715.22
2024-09-25 16:00:00,2024-09-25 19:00:00,BUY,5738.1,5723.1,-17.33,-1.01,SL,3,1697.9
2024-09-26 10:00:00,2024-09-26 17:00:00,BUY,5769.0,5753.3,-17.14,-1.01,SL,7,1680.76
2024-09-27 23:00:00,2024-09-30 21:00:00,BUY,5729.3,5707.54,-16.92,-1.007,SL,21,1663.83
2024-10-01 10:00:00,2024-10-01 16:00:00,BUY,5758.0,5737.12,-16.76,-1.007,SL,6,1647.07
2024-10-02 05:00:00,2024-10-02 16:00:00,BUY,5704.6,5673.49,-16.55,-1.005,SL,11,1630.52
2024-10-03 05:00:00,2024-10-04 06:00:00,BUY,5701.9,5702.8,0.55,0.034,TIME,24,1631.07
2024-10-04 19:00:00,2024-10-07 20:00:00,BUY,5730.8,5724.0,-3.3,-0.202,TIME,24,1627.77
2024-10-08 09:00:00,2024-10-08 16:00:00,BUY,5697.7,5726.97,20.24,1.244,TP,7,1648.02
2024-10-09 05:00:00,2024-10-09 17:00:00,BUY,5742.1,5765.09,20.47,1.242,TP,12,1668.48
2024-10-10 13:00:00,2024-10-10 15:00:00,BUY,5780.7,5765.89,-16.86,-1.01,SL,2,1651.63
2024-10-11 16:00:00,2024-10-11 17:00:00,BUY,5793.0,5814.71,20.5,1.241,TP,1,1672.13
2024-10-14 06:00:00,2024-10-14 16:00:00,BUY,5810.6,5831.41,20.75,1.241,TP,10,1692.89
2024-10-16 22:00:00,2024-10-17 11:00:00,BUY,5841.2,5862.85,21.02,1.241,TP,12,1713.9
2024-10-17 23:00:00,2024-10-18 19:00:00,BUY,5843.1,5870.53,21.31,1.243,TP,19,1735.21
2024-10-22 02:00:00,2024-10-22 11:00:00,BUY,5855.0,5836.42,-17.49,-1.008,SL,9,1717.71
2024-10-23 01:00:00,2024-10-23 17:00:00,BUY,5844.0,5824.2,-17.31,-1.008,SL,16,1700.41
2024-10-24 06:00:00,2024-10-24 18:00:00,BUY,5810.5,5790.47,-17.13,-1.008,SL,12,1683.27
2024-10-25 07:00:00,2024-10-25 15:00:00,BUY,5808.8,5830.81,20.9,1.242,TP,8,1704.17
2024-10-28 04:00:00,2024-10-29 05:00:00,BUY,5840.1,5822.6,-11.34,-0.665,TIME,24,1692.83
2024-10-29 18:00:00,2024-10-30 16:00:00,BUY,5832.2,5811.54,-17.05,-1.007,SL,21,1675.78
2024-10-31 16:00:00,2024-10-31 17:00:00,BUY,5754.5,5733.42,-16.88,-1.007,SL,1,1658.9
2024-11-01 07:00:00,2024-11-01 16:00:00,BUY,5716.7,5746.58,20.63,1.244,TP,9,1679.53
2024-11-04 05:00:00,2024-11-04 16:00:00,BUY,5740.7,5714.05,-16.89,-1.006,SL,11,1662.64
2024-11-05 07:00:00,2024-11-05 16:00:00,BUY,5718.4,5747.15,20.68,1.244,TP,9,1683.32
2024-11-06 05:00:00,2024-11-06 09:00:00,BUY,5854.25,5896.43,20.97,1.246,TP,4,1704.29
2024-11-11 19:00:00,2024-11-12 18:00:00,BUY,6000.1,5983.21,-17.2,-1.009,SL,22,1687.09
2024-11-13 16:00:00,2024-11-13 17:00:00,BUY,5987.5,5966.9,-16.99,-1.007,SL,1,1670.1
2024-11-14 09:00:00,2024-11-14 17:00:00,BUY,5988.1,5969.15,-16.83,-1.008,SL,8,1653.26
2024-11-15 13:00:00,2024-11-15 16:00:00,BUY,5919.8,5899.77,-16.66,-1.008,SL,3,1636.6
2024-11-18 17:00:00,2024-11-19 11:00:00,BUY,5895.1,5871.53,-16.47,-1.006,SL,17,1620.13
2024-11-19 23:00:00,2024-11-20 17:00:00,BUY,5914.5,5881.09,-16.27,-1.005,SL,17,1603.86
2024-11-21 06:00:00,2024-11-21 15:00:00,BUY,5902.0,5942.83,19.97,1.245,TP,9,1623.83
2024-11-22 05:00:00,2024-11-25 01:00:00,BUY,5945.8,5990.05,22.38,1.378,TP,19,1646.21
2024-11-25 19:00:00,2024-11-26 16:00:00,BUY,5976.3,6005.08,20.47,1.244,TP,20,1666.68
2024-11-27 06:00:00,2024-11-27 17:00:00,BUY,6018.6,6001.77,-16.82,-1.009,SL,11,1649.87
2024-11-28 06:00:00,2024-11-29 11:00:00,BUY,6005.8,6017.0,14.39,0.872,TIME,24,1664.26
2024-12-02 06:00:00,2024-12-02 16:00:00,BUY,6025.1,6040.82,20.61,1.238,TP,10,1684.86
2024-12-03 05:00:00,2024-12-03 16:00:00,BUY,6051.3,6039.42,-17.06,-1.013,SL,11,1667.8
2024-12-04 09:00:00,2024-12-04 16:00:00,BUY,6058.0,6071.34,20.62,1.236,TP,7,1688.41
2024-12-05 09:00:00,2024-12-05 19:00:00,BUY,6081.2,6093.4,20.85,1.235,TP,10,1709.26
2024-12-06 09:00:00,2024-12-06 15:00:00,BUY,6074.7,6087.43,21.12,1.235,TP,6,1730.38
2024-12-11 13:00:00,2024-12-11 15:00:00,BUY,6043.1,6054.76,21.36,1.234,TP,2,1751.74
2024-12-12 04:00:00,2024-12-12 17:00:00,BUY,6074.9,6062.56,-17.73,-1.012,SL,13,1734.0
2024-12-13 07:00:00,2024-12-13 14:00:00,BUY,6059.6,6076.68,21.49,1.239,TP,7,1755.49
2024-12-16 19:00:00,2024-12-17 01:00:00,BUY,6080.1,6065.6,-17.74,-1.01,SL,5,1737.75
2024-12-18 01:00:00,2024-12-18 14:00:00,BUY,6045.2,6067.09,21.57,1.241,TP,13,1759.32
2024-12-19 04:00:00,2024-12-19 16:00:00,BUY,5871.3,5923.31,21.93,1.246,TP,12,1781.25
2024-12-20 11:00:00,2024-12-20 17:00:00,BUY,5816.8,5862.54,22.19,1.246,TP,6,1803.45
2024-12-23 13:00:00,2024-12-23 22:00:00,BUY,5929.0,5971.54,22.46,1.246,TP,9,1825.91
2024-12-24 11:00:00,2024-12-24 17:00:00,BUY,5981.15,6010.67,22.71,1.244,TP,6,1848.62
2024-12-26 11:00:00,2024-12-26 18:00:00,BUY,6014.75,6037.62,22.96,1.242,TP,7,1871.57
2024-12-27 07:00:00,2024-12-27 16:00:00,BUY,6022.65,6005.69,-18.88,-1.009,SL,9,1852.69
2024-12-30 05:00:00,2024-12-30 14:00:00,BUY,5963.75,5938.11,-18.64,-1.006,SL,9,1834.06
2024-12-31 11:00:00,2024-12-31 18:00:00,BUY,5922.15,5894.47,-18.44,-1.005,SL,7,1815.62
2025-01-02 07:00:00,2025-01-02 18:00:00,BUY,5912.35,5880.17,-18.24,-1.005,SL,11,1797.37
2025-01-03 07:00:00,2025-01-03 18:00:00,BUY,5878.0,5921.85,22.39,1.246,TP,11,1819.77
2025-01-06 13:00:00,2025-01-06 17:00:00,BUY,5985.6,6015.55,22.63,1.244,TP,4,1842.4
2025-01-07 06:00:00,2025-01-07 16:00:00,BUY,5969.6,5998.53,22.91,1.244,TP,10,1865.31
2025-01-08 05:00:00,2025-01-08 13:00:00,BUY,5921.1,5893.11,-18.75,-1.005,SL,8,1846.56
2025-01-09 02:00:00,2025-01-10 10:00:00,BUY,5904.1,5903.5,-0.29,-0.016,TIME,24,1846.27
2025-01-13 03:00:00,2025-01-14 01:00:00,BUY,5805.7,5857.47,23.01,1.246,TP,21,1869.28
2025-01-14 23:00:00,2025-01-15 15:00:00,BUY,5852.6,5906.06,23.3,1.247,TP,15,1892.58
2025-01-16 04:00:00,2025-01-16 23:00:00,BUY,5952.3,5923.59,-19.03,-1.005,SL,19,1873.55
2025-01-17 12:00:00,2025-01-17 16:00:00,BUY,5958.9,5985.57,23.29,1.243,TP,4,1896.84
2025-01-20 12:00:00,2025-01-20 15:00:00,BUY,6001.8,5984.36,-19.13,-1.009,SL,3,1877.71
2025-01-22 03:00:00,2025-01-22 18:00:00,BUY,6064.9,6095.65,23.36,1.244,TP,15,1901.07
2025-01-24 21:00:00,2025-01-27 01:00:00,BUY,6094.1,6072.75,-21.94,-1.154,SL,3,1879.12
2025-01-27 13:00:00,2025-01-27 16:00:00,BUY,5948.9,5993.81,23.41,1.246,TP,3,1902.53
2025-01-28 05:00:00,2025-01-28 19:00:00,BUY,6012.0,6060.76,23.71,1.246,TP,14,1926.24
2025-01-29 08:00:00,2025-01-29 15:00:00,BUY,6077.2,6050.83,-19.37,-1.006,SL,7,1906.87
2025-01-30 04:00:00,2025-01-30 18:00:00,BUY,6060.2,6027.12,-19.16,-1.005,SL,14,1887.71
2025-01-31 07:00:00,2025-01-31 21:00:00,BUY,6084.9,6054.99,-18.97,-1.005,SL,14,1868.74
2025-02-03 13:00:00,2025-02-03 17:00:00,BUY,5948.8,5999.58,23.29,1.246,TP,4,1892.03
2025-02-04 06:00:00,2025-02-04 07:00:00,BUY,6003.1,5961.21,-18.99,-1.004,SL,1,1873.04
2025-02-04 19:00:00,2025-02-05 20:00:00,BUY,6029.7,6048.6,9.23,0.493,TIME,24,1882.27
2025-02-06 14:00:00,2025-02-06 21:00:00,BUY,6073.7,6055.3,-18.98,-1.008,SL,7,1863.3
2025-02-07 10:00:00,2025-02-07 17:00:00,BUY,6077.0,6057.94,-18.78,-1.008,SL,7,1844.52
2025-02-10 06:00:00,2025-02-11 07:00:00,BUY,6042.6,6053.5,7.43,0.403,TIME,24,1851.94
2025-02-11 20:00:00,2025-02-12 15:00:00,BUY,6063.9,6040.94,-18.64,-1.007,SL,18,1833.3
2025-02-13 04:00:00,2025-02-13 10:00:00,BUY,6063.9,6036.61,-18.43,-1.006,SL,6,1814.87
2025-02-13 22:00:00,2025-02-14 23:00:00,BUY,6115.0,6112.2,-1.66,-0.091,TIME,24,1813.21
2025-02-17 14:00:00,2025-02-18 17:00:00,BUY,6125.5,6113.79,-18.37,-1.013,SL,22,1794.84
2025-02-19 10:00:00,2025-02-19 12:00:00,BUY,6133.7,6121.32,-18.17,-1.012,SL,2,1776.67
2025-02-20 16:00:00,2025-02-20 22:00:00,BUY,6098.7,6120.55,22.06,1.241,TP,6,1798.73
2025-02-21 16:00:00,2025-02-21 17:00:00,BUY,6098.6,6081.28,-18.14,-1.009,SL,1,1780.58
2025-02-24 07:00:00,2025-02-24 16:00:00,BUY,6045.7,6023.28,-17.93,-1.007,SL,9,1762.66
2025-02-25 07:00:00,2025-02-25 09:00:00,BUY,5995.5,5969.52,-17.73,-1.006,SL,2,1744.93
2025-02-26 01:00:00,2025-02-27 02:00:00,BUY,5971.3,5950.3,-8.98,-0.514,TIME,24,1735.95
2025-02-27 16:00:00,2025-02-27 21:00:00,BUY,5937.9,5900.46,-17.43,-1.004,SL,5,1718.52
2025-02-28 10:00:00,2025-02-28 20:00:00,BUY,5880.3,5840.53,-17.25,-1.004,SL,10,1701.27
2025-03-03 09:00:00,2025-03-03 20:00:00,BUY,5961.2,5919.56,-17.07,-1.004,SL,11,1684.2
2025-03-04 09:00:00,2025-03-04 15:00:00,BUY,5852.2,5807.87,-16.9,-1.003,SL,6,1667.3
2025-03-05 14:00:00,2025-03-05 18:00:00,BUY,5792.2,5743.74,-16.72,-1.003,SL,4,1650.58
2025-03-06 09:00:00,2025-03-06 12:00:00,BUY,5816.3,5775.77,-16.57,-1.004,SL,3,1634.01
2025-03-07 02:00:00,2025-03-07 17:00:00,BUY,5755.7,5700.31,-16.38,-1.003,SL,15,1617.62
2025-03-10 06:00:00,2025-03-10 15:00:00,BUY,5744.0,5688.02,-16.22,-1.003,SL,9,1601.4
2025-03-11 07:00:00,2025-03-11 17:00:00,BUY,5623.8,5564.29,-16.05,-1.003,SL,10,1585.35
2025-03-12 12:00:00,2025-03-12 15:00:00,BUY,5610.2,5668.15,19.77,1.247,TP,3,1605.12
2025-03-13 07:00:00,2025-03-13 19:00:00,BUY,5575.9,5529.37,-16.1,-1.003,SL,12,1589.01
2025-03-14 08:00:00,2025-03-14 18:00:00,BUY,5557.4,5609.57,19.81,1.246,TP,10,1608.82
2025-03-17 07:00:00,2025-03-17 16:00:00,BUY,5607.2,5648.64,20.04,1.245,TP,9,1628.86
2025-03-18 05:00:00,2025-03-18 16:00:00,BUY,5663.9,5631.81,-16.37,-1.005,SL,11,1612.49
2025-03-19 06:00:00,2025-03-19 18:00:00,BUY,5627.3,5662.88,20.07,1.245,TP,12,1632.56
2025-03-20 07:00:00,2025-03-20 13:00:00,BUY,5702.3,5671.63,-16.41,-1.005,SL,6,1616.16
2025-03-21 02:00:00,2025-03-21 15:00:00,BUY,5663.1,5625.12,-16.23,-1.004,SL,13,1599.93
2025-03-24 13:00:00,2025-03-24 19:00:00,BUY,5728.8,5763.46,19.91,1.245,TP,6,1619.84
2025-03-25 15:00:00,2025-03-26 16:00:00,BUY,5774.95,5755.94,-16.33,-1.008,SL,24,1603.52
2025-03-27 06:00:00,2025-03-27 16:00:00,BUY,5716.35,5689.56,-16.13,-1.006,SL,10,1587.39
2025-03-28 05:00:00,2025-03-28 10:00:00,BUY,5694.15,5663.05,-15.95,-1.005,SL,5,1571.44
2025-03-28 22:00:00,2025-03-31 01:00:00,BUY,5576.15,5538.88,-15.78,-1.004,SL,2,1555.66
2025-03-31 13:00:00,2025-03-31 16:00:00,BUY,5525.55,5493.55,-15.63,-1.005,SL,3,1540.03
2025-04-01 17:00:00,2025-04-02 15:00:00,BUY,5617.35,5571.98,-15.45,-1.003,SL,21,1524.58
2025-04-03 04:00:00,2025-04-03 17:00:00,BUY,5508.3,5424.38,-15.27,-1.002,SL,13,1509.31
2025-04-04 13:00:00,2025-04-04 17:00:00,BUY,5232.8,5163.78,-15.13,-1.002,SL,4,1494.18
2025-04-07 06:00:00,2025-04-07 17:00:00,BUY,4898.3,5066.58,18.66,1.249,TP,11,1512.84
2025-04-08 19:00:00,2025-04-08 22:00:00,BUY,5086.45,4969.14,-15.15,-1.001,SL,3,1497.69
2025-04-09 13:00:00,2025-04-09 20:00:00,BUY,4958.88,5113.84,18.7,1.249,TP,7,1516.4
2025-04-10 17:00:00,2025-04-10 19:00:00,BUY,5276.9,5158.35,-15.18,-1.001,SL,2,1501.21
2025-04-11 09:00:00,2025-04-14 10:00:00,BUY,5321.8,5432.05,13.89,0.925,TIME,24,1515.11
2025-04-15 08:00:00,2025-04-16 01:00:00,BUY,5397.28,5342.48,-15.19,-1.003,SL,16,1499.91
2025-04-16 17:00:00,2025-04-16 20:00:00,BUY,5338.3,5285.03,-15.04,-1.003,SL,3,1484.87
2025-04-17 09:00:00,2025-04-17 17:00:00,BUY,5317.18,5271.05,-14.9,-1.003,SL,8,1469.97
2025-04-21 06:00:00,2025-04-21 17:00:00,BUY,5237.25,5188.45,-14.75,-1.003,SL,11,1455.23
2025-04-22 07:00:00,2025-04-22 16:00:00,BUY,5175.35,5227.2,18.14,1.246,TP,9,1473.37
2025-04-23 05:00:00,2025-04-23 16:00:00,BUY,5363.3,5438.66,18.38,1.248,TP,11,1491.75
2025-04-24 17:00:00,2025-04-24 23:00:00,BUY,5440.8,5508.05,18.61,1.247,TP,6,1510.35
2025-04-25 12:00:00,2025-04-25 13:00:00,BUY,5501.88,5460.78,-15.16,-1.004,SL,1,1495.19
2025-04-29 08:00:00,2025-04-29 16:00:00,BUY,5527.65,5494.95,-15.02,-1.005,SL,8,1480.17
2025-04-30 15:00:00,2025-04-30 16:00:00,BUY,5487.0,5451.5,-14.86,-1.004,SL,1,1465.31
2025-05-01 16:00:00,2025-05-01 18:00:00,BUY,5604.25,5653.55,18.26,1.246,TP,2,1483.57
2025-05-02 07:00:00,2025-05-02 21:00:00,BUY,5643.85,5699.38,18.49,1.247,TP,14,1502.06
2025-05-05 12:00:00,2025-05-05 21:00:00,BUY,5640.5,5680.32,18.71,1.245,TP,9,1520.77
2025-05-06 17:00:00,2025-05-06 23:00:00,BUY,5623.58,5590.1,-15.28,-1.005,SL,6,1505.49
2025-05-09 01:00:00,2025-05-12 01:00:00,BUY,5665.1,5741.78,25.4,1.687,TP,23,1530.9
2025-05-12 18:00:00,2025-05-12 23:00:00,BUY,5798.8,5855.38,19.09,1.247,TP,5,1549.98
2025-05-13 17:00:00,2025-05-14 18:00:00,BUY,5885.7,5894.3,4.07,0.263,TIME,24,1554.06
2025-05-15 07:00:00,2025-05-15 11:00:00,BUY,5878.7,5857.01,-15.65,-1.007,SL,4,1538.41
2025-05-16 05:00:00,2025-05-16 20:00:00,BUY,5911.85,5942.28,19.14,1.244,TP,15,1557.54
2025-05-19 18:00:00,2025-05-20 19:00:00,BUY,5943.2,5944.0,0.39,0.025,TIME,24,1557.93
2025-05-21 08:00:00,2025-05-21 13:00:00,BUY,5913.3,5888.61,-15.67,-1.006,SL,5,1542.26
2025-05-22 16:00:00,2025-05-23 14:00:00,BUY,5852.55,5818.53,-15.49,-1.004,SL,21,1526.77
2025-05-26 03:00:00,2025-05-27 08:00:00,BUY,5850.7,5861.15,3.36,0.22,TIME,24,1530.12
2025-05-27 22:00:00,2025-05-28 21:00:00,BUY,5921.25,5892.83,-15.38,-1.005,SL,22,1514.74
2025-05-29 18:00:00,2025-05-30 19:00:00,BUY,5882.7,5841.67,-15.2,-1.004,SL,24,1499.54
2025-06-02 08:00:00,2025-06-02 20:00:00,BUY,5875.5,5915.5,18.67,1.245,TP,12,1518.21
2025-06-03 09:00:00,2025-06-03 17:00:00,BUY,5917.05,5947.31,18.88,1.244,TP,8,1537.1
2025-06-04 07:00:00,2025-06-05 08:00:00,BUY,5965.8,5964.2,-1.25,-0.081,TIME,24,1535.85
2025-06-06 01:00:00,2025-06-06 16:00:00,BUY,5938.98,5989.37,19.14,1.246,TP,15,1554.99
2025-06-09 08:00:00,2025-06-10 04:00:00,BUY,5991.35,6021.55,19.34,1.244,TP,19,1574.33
2025-06-10 16:00:00,2025-06-10 22:00:00,BUY,6012.8,6040.6,19.57,1.243,TP,6,1593.9
2025-06-11 15:00:00,2025-06-11 19:00:00,BUY,6052.3,6026.31,-16.03,-1.006,SL,4,1577.87
2025-06-12 08:00:00,2025-06-12 18:00:00,BUY,6007.25,6040.92,19.64,1.244,TP,10,1597.51
2025-06-13 07:00:00,2025-06-13 16:00:00,BUY,5949.68,6005.46,19.92,1.247,TP,9,1617.42
2025-06-16 05:00:00,2025-06-16 16:00:00,BUY,5988.0,6035.96,20.15,1.246,TP,11,1637.58
2025-06-17 06:00:00,2025-06-17 21:00:00,BUY,6012.3,5980.14,-16.45,-1.005,SL,15,1621.12
2025-06-18 10:00:00,2025-06-18 22:00:00,BUY,5996.7,5971.31,-16.31,-1.006,SL,12,1604.82
2025-06-19 12:00:00,2025-06-19 16:00:00,BUY,5954.9,5926.42,-16.13,-1.005,SL,4,1588.68
2025-06-20 09:00:00,2025-06-20 16:00:00,BUY,5967.0,6001.58,19.77,1.245,TP,7,1608.46
2025-06-23 05:00:00,2025-06-23 17:00:00,BUY,5949.7,5994.8,20.04,1.246,TP,12,1628.5
2025-06-24 12:00:00,2025-06-25 13:00:00,BUY,6075.9,6094.4,9.1,0.559,TIME,24,1637.6
2025-06-26 02:00:00,2025-06-26 11:00:00,BUY,6095.4,6116.94,20.33,1.241,TP,9,1657.93
2025-06-27 21:00:00,2025-06-27 22:00:00,BUY,6136.2,6165.84,20.62,1.244,TP,1,1678.55
2025-06-30 15:00:00,2025-06-30 20:00:00,BUY,6193.7,6175.44,-16.92,-1.008,SL,5,1661.62
2025-07-01 09:00:00,2025-07-02 07:00:00,BUY,6194.0,6215.68,20.63,1.241,TP,21,1682.25
2025-07-03 05:00:00,2025-07-03 15:00:00,BUY,6225.9,6245.61,20.87,1.241,TP,10,1703.12
2025-07-04 12:00:00,2025-07-07 01:00:00,BUY,6242.0,6262.23,21.13,1.241,TP,8,1724.25
2025-07-07 13:00:00,2025-07-07 17:00:00,BUY,6258.5,6241.56,-17.4,-1.009,SL,4,1706.86
2025-07-08 06:00:00,2025-07-09 07:00:00,BUY,6231.2,6223.0,-6.06,-0.355,TIME,24,1700.79
2025-07-10 07:00:00,2025-07-10 17:00:00,BUY,6246.9,6269.9,21.12,1.242,TP,10,1721.92
2025-07-11 06:00:00,2025-07-11 11:00:00,BUY,6266.3,6243.88,-17.34,-1.007,SL,5,1704.58
2025-07-11 23:00:00,2025-07-14 01:00:00,BUY,6253.2,6229.55,-17.15,-1.006,SL,1,1687.43
2025-07-15 07:00:00,2025-07-15 17:00:00,BUY,6281.7,6259.59,-16.99,-1.007,SL,10,1670.44
2025-07-16 12:00:00,2025-07-16 18:00:00,BUY,6238.5,6217.33,-16.82,-1.007,SL,6,1653.61
2025-07-17 07:00:00,2025-07-17 16:00:00,BUY,6253.4,6278.82,20.55,1.243,TP,9,1674.16
2025-07-18 20:00:00,2025-07-21 10:00:00,BUY,6290.1,6313.01,20.79,1.242,TP,13,1694.95
2025-07-23 08:00:00,2025-07-23 20:00:00,BUY,6326.8,6348.85,21.04,1.242,TP,12,1716.0
2025-07-28 12:00:00,2025-07-28 16:00:00,BUY,6407.2,6393.54,-17.35,-1.011,SL,4,1698.65
2025-07-29 05:00:00,2025-07-29 18:00:00,BUY,6397.6,6383.92,-17.17,-1.011,SL,13,1681.47
2025-07-30 10:00:00,2025-07-30 21:00:00,BUY,6382.0,6368.59,-17.0,-1.011,SL,11,1664.47
2025-07-31 18:00:00,2025-07-31 20:00:00,BUY,6395.2,6367.61,-16.74,-1.005,SL,2,1647.73
2025-08-01 10:00:00,2025-08-01 16:00:00,BUY,6293.2,6258.49,-16.55,-1.004,SL,6,1631.18
2025-08-04 05:00:00,2025-08-04 16:00:00,BUY,6260.7,6309.09,20.33,1.246,TP,11,1651.51
2025-08-05 12:00:00,2025-08-05 17:00:00,BUY,6339.7,6318.29,-16.63,-1.007,SL,5,1634.88
2025-08-06 06:00:00,2025-08-06 18:00:00,BUY,6315.1,6347.61,20.34,1.244,TP,12,1655.22
2025-08-07 07:00:00,2025-08-07 12:00:00,BUY,6357.6,6384.47,20.58,1.243,TP,5,1675.79
2025-08-08 01:00:00,2025-08-08 21:00:00,BUY,6355.8,6394.56,20.87,1.245,TP,20,1696.66
2025-08-11 16:00:00,2025-08-11 21:00:00,BUY,6395.2,6377.3,-17.11,-1.008,SL,5,1679.55
2025-08-12 10:00:00,2025-08-12 15:00:00,BUY,6385.9,6408.57,20.86,1.242,TP,5,1700.41
2025-08-13 09:00:00,2025-08-13 16:00:00,BUY,6446.0,6467.77,21.11,1.241,TP,7,1721.52
2025-08-14 06:00:00,2025-08-14 15:00:00,BUY,6461.5,6444.85,-17.37,-1.009,SL,9,1704.15
2025-08-15 16:00:00,2025-08-18 11:00:00,BUY,6455.7,6436.91,-17.18,-1.008,SL,18,1686.97
2025-08-20 12:00:00,2025-08-20 16:00:00,BUY,6405.4,6387.44,-17.01,-1.008,SL,4,1669.96
2025-08-21 05:00:00,2025-08-21 15:00:00,BUY,6398.7,6371.41,-16.79,-1.006,SL,10,1653.16
2025-08-22 04:00:00,2025-08-22 09:00:00,BUY,6373.1,6347.86,-16.63,-1.006,SL,5,1636.53
2025-08-22 21:00:00,2025-08-25 22:00:00,BUY,6468.9,6437.56,-16.44,-1.005,SL,24,1620.09
2025-08-26 12:00:00,2025-08-26 22:00:00,BUY,6434.4,6457.18,20.12,1.242,TP,10,1640.21
2025-08-27 14:00:00,2025-08-27 16:00:00,BUY,6471.2,6458.7,-16.6,-1.012,SL,2,1623.61
2025-08-28 05:00:00,2025-08-28 20:00:00,BUY,6473.8,6497.76,20.17,1.242,TP,15,1643.78
2025-08-29 22:00:00,2025-09-02 04:00:00,BUY,6464.1,6456.8,-5.56,-0.338,TIME,24,1638.22
2025-09-02 17:00:00,2025-09-02 23:00:00,BUY,6388.0,6425.48,20.4,1.245,TP,6,1658.61
2025-09-03 12:00:00,2025-09-03 20:00:00,BUY,6444.7,6419.74,-16.69,-1.006,SL,8,1641.93
2025-09-04 09:00:00,2025-09-04 20:00:00,BUY,6449.6,6477.51,20.41,1.243,TP,11,1662.34
2025-09-05 17:00:00,2025-09-08 01:00:00,BUY,6450.9,6485.77,20.69,1.245,TP,7,1683.03
2025-09-09 04:00:00,2025-09-09 23:00:00,BUY,6501.3,6525.52,20.91,1.242,TP,19,1703.94
2025-09-10 13:00:00,2025-09-10 15:00:00,BUY,6533.3,6551.3,21.12,1.24,TP,2,1725.06
2025-09-12 15:00:00,2025-09-15 15:00:00,BUY,6586.4,6602.31,21.36,1.238,TP,23,1746.42
2025-09-16 05:00:00,2025-09-16 17:00:00,BUY,6619.7,6605.64,-17.65,-1.011,SL,12,1728.77
2025-09-17 06:00:00,2025-09-17 11:00:00,BUY,6605.3,6593.26,-17.51,-1.013,SL,5,1711.27
2025-09-17 23:00:00,2025-09-18 10:00:00,BUY,6605.5,6639.55,21.3,1.245,TP,10,1732.56
2025-09-18 22:00:00,2025-09-19 22:00:00,BUY,6632.5,6668.43,21.57,1.245,TP,23,1754.13
2025-09-23 10:00:00,2025-09-23 19:00:00,BUY,6693.1,6679.34,-17.73,-1.011,SL,9,1736.39
2025-09-25 16:00:00,2025-09-25 17:00:00,BUY,6581.4,6609.31,21.59,1.243,TP,1,1757.98
2025-09-26 06:00:00,2025-09-26 15:00:00,BUY,6604.5,6634.94,21.87,1.244,TP,9,1779.85
2025-09-29 04:00:00,2025-09-30 05:00:00,BUY,6659.1,6661.5,1.61,0.09,TIME,24,1781.46
2025-10-01 01:00:00,2025-10-01 09:00:00,BUY,6672.5,6646.44,-17.92,-1.006,SL,8,1763.54
2025-10-01 22:00:00,2025-10-02 23:00:00,BUY,6709.9,6715.6,3.87,0.219,TIME,24,1767.41
2025-10-03 20:00:00,2025-10-06 15:00:00,BUY,6716.1,6745.3,21.98,1.244,TP,18,1789.39
2025-10-08 23:00:00,2025-10-09 17:00:00,BUY,6755.9,6737.3,-18.04,-1.008,SL,17,1771.35
2025-10-10 16:00:00,2025-10-10 17:00:00,BUY,6753.0,6733.11,-17.85,-1.008,SL,1,1753.5
2025-10-13 06:00:00,2025-10-14 07:00:00,BUY,6629.7,6631.2,0.47,0.027,TIME,24,1753.97
2025-10-14 19:00:00,2025-10-15 20:00:00,BUY,6667.8,6613.48,-17.59,-1.003,SL,24,1736.38
2025-10-16 09:00:00,2025-10-16 19:00:00,BUY,6689.2,6656.34,-17.44,-1.005,SL,10,1718.94
2025-10-17 11:00:00,2025-10-17 14:00:00,BUY,6553.8,6608.35,21.43,1.247,TP,3,1740.37
2025-10-20 03:00:00,2025-10-20 17:00:00,BUY,6677.7,6736.12,21.7,1.247,TP,14,1762.06
2025-10-21 12:00:00,2025-10-22 13:00:00,BUY,6731.7,6741.0,8.44,0.479,TIME,24,1770.5
2025-10-23 05:00:00,2025-10-24 06:00:00,BUY,6711.4,6752.4,21.48,1.213,TIME,24,1791.98
2025-10-29 17:00:00,2025-10-29 21:00:00,BUY,6906.8,6887.9,-18.06,-1.008,SL,4,1773.92
2025-10-30 10:00:00,2025-10-30 15:00:00,BUY,6896.7,6859.65,-17.81,-1.004,SL,5,1756.11
2025-10-31 04:00:00,2025-10-31 19:00:00,BUY,6872.7,6832.95,-17.63,-1.004,SL,15,1738.48
2025-11-03 08:00:00,2025-11-03 17:00:00,BUY,6850.5,6822.57,-17.48,-1.005,SL,9,1721.0
2025-11-04 11:00:00,2025-11-04 16:00:00,BUY,6764.3,6801.05,21.43,1.245,TP,5,1742.43
2025-11-05 16:00:00,2025-11-06 17:00:00,BUY,6794.1,6756.58,-17.49,-1.004,SL,24,1724.93
2025-11-07 07:00:00,2025-11-07 13:00:00,BUY,6738.9,6699.33,-17.31,-1.004,SL,6,1707.62
2025-11-10 02:00:00,2025-11-10 20:00:00,BUY,6758.7,6818.4,21.29,1.247,TP,18,1728.91
2025-11-11 10:00:00,2025-11-11 20:00:00,BUY,6820.6,6849.9,21.5,1.244,TP,10,1750.41
2025-11-12 18:00:00,2025-11-13 08:00:00,BUY,6837.3,6868.59,21.78,1.244,TP,13,1772.19
2025-11-14 01:00:00,2025-11-14 13:00:00,BUY,6745.6,6704.89,-17.79,-1.004,SL,12,1754.4
2025-11-17 02:00:00,2025-11-17 18:00:00,BUY,6755.2,6701.61,-17.59,-1.003,SL,16,1736.81
2025-11-18 07:00:00,2025-11-18 17:00:00,BUY,6635.9,6588.2,-17.42,-1.003,SL,10,1719.38
2025-11-20 02:00:00,2025-11-20 18:00:00,BUY,6716.4,6658.4,-17.24,-1.003,SL,16,1702.14
2025-11-21 18:00:00,2025-11-24 19:00:00,BUY,6620.0,6705.1,19.44,1.142,TIME,24,1721.59
2025-11-25 08:00:00,2025-11-25 16:00:00,BUY,6697.8,6665.57,-17.3,-1.005,SL,8,1704.29
2025-11-26 09:00:00,2025-11-26 18:00:00,BUY,6792.2,6824.96,21.21,1.244,TP,9,1725.5
2025-11-27 08:00:00,2025-11-28 17:00:00,BUY,6811.0,6836.13,21.44,1.243,TP,23,1746.94
2025-12-01 17:00:00,2025-12-02 05:00:00,BUY,6830.7,6804.22,-17.57,-1.006,SL,11,1729.37
2025-12-02 18:00:00,2025-12-03 19:00:00,BUY,6820.0,6851.7,18.81,1.088,TIME,24,1748.18
2025-12-04 09:00:00,2025-12-04 17:00:00,BUY,6855.5,6837.19,-17.63,-1.008,SL,8,1730.55
2025-12-05 08:00:00,2025-12-05 15:00:00,BUY,6871.5,6851.79,-17.44,-1.008,SL,7,1713.12
2025-12-09 04:00:00,2025-12-10 05:00:00,BUY,6855.5,6839.8,-12.18,-0.711,TIME,24,1700.93
2025-12-10 21:00:00,2025-12-11 04:00:00,BUY,6890.3,6860.13,-17.09,-1.005,SL,6,1683.84
2025-12-11 16:00:00,2025-12-11 17:00:00,BUY,6837.0,6875.71,20.97,1.245,TP,1,1704.8
2025-12-12 06:00:00,2025-12-12 17:00:00,BUY,6900.9,6871.63,-17.14,-1.005,SL,11,1687.67
2025-12-15 06:00:00,2025-12-15 17:00:00,BUY,6846.5,6816.14,-16.96,-1.005,SL,11,1670.71
2025-12-16 10:00:00,2025-12-16 19:00:00,BUY,6795.4,6766.38,-16.79,-1.005,SL,9,1653.91
2025-12-17 08:00:00,2025-12-17 17:00:00,BUY,6802.6,6769.23,-16.61,-1.005,SL,9,1637.3
2025-12-18 15:00:00,2025-12-18 17:00:00,BUY,6775.15,6812.28,20.38,1.245,TP,2,1657.68
2025-12-19 06:00:00,2025-12-19 16:00:00,BUY,6780.4,6821.92,20.65,1.245,TP,10,1678.33
2025-12-23 17:00:00,2025-12-24 17:00:00,BUY,6892.6,6916.81,20.85,1.242,TP,23,1699.18
2025-12-26 15:00:00,2025-12-26 19:00:00,BUY,6932.95,6922.84,-17.25,-1.015,SL,4,1681.93
2025-12-29 08:00:00,2025-12-29 10:00:00,BUY,6923.75,6911.18,-17.02,-1.012,SL,2,1664.91
2025-12-31 13:00:00,2025-12-31 15:00:00,BUY,6884.65,6901.97,20.63,1.239,TP,2,1685.54
2026-01-02 06:00:00,2026-01-02 17:00:00,BUY,6876.95,6857.22,-16.98,-1.008,SL,11,1668.56
2026-01-05 06:00:00,2026-01-05 16:00:00,BUY,6870.3,6901.25,20.76,1.244,TP,10,1689.31
2026-01-06 05:00:00,2026-01-06 10:00:00,BUY,6909.1,6889.48,-17.02,-1.008,SL,5,1672.29
2026-01-07 04:00:00,2026-01-07 22:00:00,BUY,6945.6,6927.88,-16.87,-1.009,SL,18,1655.43
2026-01-08 18:00:00,2026-01-09 17:00:00,BUY,6925.1,6953.43,20.58,1.243,TP,22,1676.01
2026-01-12 16:00:00,2026-01-13 15:00:00,BUY,6961.5,6991.67,20.85,1.244,TP,22,1696.86
2026-01-14 04:00:00,2026-01-14 12:00:00,BUY,6957.0,6933.98,-17.08,-1.007,SL,8,1679.78
2026-01-15 01:00:00,2026-01-15 16:00:00,BUY,6921.9,6964.45,20.92,1.246,TP,15,1700.7
2026-01-16 05:00:00,2026-01-16 17:00:00,BUY,6962.8,6940.99,-17.12,-1.007,SL,12,1683.57
2026-01-19 11:00:00,2026-01-20 10:00:00,BUY,6857.9,6829.09,-16.92,-1.005,SL,18,1666.65
2026-01-21 17:00:00,2026-01-21 18:00:00,BUY,6872.0,6832.83,-16.73,-1.004,SL,1,1649.92
2026-01-22 08:00:00,2026-01-23 09:00:00,BUY,6889.3,6921.8,14.24,0.863,TIME,24,1664.16
2026-01-23 21:00:00,2026-01-26 01:00:00,BUY,6918.5,6858.15,-34.06,-2.046,SL,3,1630.11
2026-01-26 13:00:00,2026-01-26 16:00:00,BUY,6906.7,6940.54,20.29,1.244,TP,3,1650.39
2026-01-28 01:00:00,2026-01-28 08:00:00,BUY,6984.0,7006.28,20.49,1.242,TP,7,1670.89
2026-01-28 21:00:00,2026-01-28 23:00:00,BUY,6972.6,6950.88,-16.83,-1.007,SL,2,1654.06
2026-01-29 14:00:00,2026-01-29 16:00:00,BUY,6991.1,6967.28,-16.65,-1.006,SL,2,1637.42
2026-01-30 05:00:00,2026-01-30 11:00:00,BUY,6938.9,6895.78,-16.43,-1.003,SL,6,1620.98
2026-01-30 23:00:00,2026-02-02 04:00:00,BUY,6935.5,6885.22,-16.26,-1.003,SL,4,1604.73
2026-02-02 16:00:00,2026-02-03 17:00:00,BUY,6949.5,6953.3,1.23,0.077,TIME,24,1605.96
2026-02-04 07:00:00,2026-02-04 17:00:00,BUY,6925.2,6892.72,-16.13,-1.005,SL,10,1589.83
2026-02-05 09:00:00,2026-02-05 14:00:00,BUY,6885.3,6840.05,-15.95,-1.003,SL,5,1573.88
2026-02-06 04:00:00,2026-02-06 16:00:00,BUY,6782.8,6861.86,19.64,1.248,TP,12,1593.51
2026-02-09 05:00:00,2026-02-10 06:00:00,BUY,6937.2,6964.0,9.74,0.611,TIME,24,1603.25
2026-02-10 18:00:00,2026-02-10 22:00:00,BUY,6969.3,6940.5,-16.12,-1.005,SL,4,1587.13
2026-02-11 15:00:00,2026-02-11 16:00:00,BUY,6986.1,6959.99,-15.96,-1.006,SL,1,1571.17
2026-02-12 05:00:00,2026-02-12 17:00:00,BUY,6958.4,6927.76,-15.79,-1.005,SL,12,1555.38
2026-02-13 06:00:00,2026-02-16 07:00:00,BUY,6832.6,6844.1,4.44,0.285,TIME,24,1559.82
2026-02-17 02:00:00,2026-02-17 04:00:00,BUY,6839.9,6809.71,-15.68,-1.005,SL,2,1544.14
2026-02-17 17:00:00,2026-02-17 20:00:00,BUY,6804.0,6859.21,19.25,1.247,TP,3,1563.39
2026-02-18 09:00:00,2026-02-18 17:00:00,BUY,6861.6,6903.86,19.47,1.246,TP,8,1582.86
2026-02-19 06:00:00,2026-02-19 16:00:00,BUY,6878.2,6846.33,-15.9,-1.005,SL,10,1566.96
2026-02-20 05:00:00,2026-02-20 15:00:00,BUY,6871.5,6839.87,-15.74,-1.005,SL,10,1551.22
2026-02-23 04:00:00,2026-02-23 16:00:00,BUY,6861.9,6911.91,19.33,1.246,TP,12,1570.55
2026-02-24 05:00:00,2026-02-24 16:00:00,BUY,6858.1,6826.74,-15.78,-1.005,SL,11,1554.77
2026-02-25 07:00:00,2026-02-25 16:00:00,BUY,6892.0,6927.28,19.35,1.245,TP,9,1574.12
2026-02-26 16:00:00,2026-02-26 17:00:00,BUY,6923.8,6900.08,-15.84,-1.006,SL,1,1558.28
2026-02-27 06:00:00,2026-02-27 15:00:00,BUY,6888.7,6857.75,-15.66,-1.005,SL,9,1542.62
2026-03-02 04:00:00,2026-03-02 08:00:00,BUY,6830.7,6785.72,-15.48,-1.003,SL,4,1527.14
2026-03-02 20:00:00,2026-03-03 08:00:00,BUY,6868.4,6817.44,-15.32,-1.003,SL,11,1511.82
2026-03-03 20:00:00,2026-03-04 21:00:00,BUY,6827.4,6882.5,13.3,0.879,TIME,24,1525.12
2026-03-05 10:00:00,2026-03-05 17:00:00,BUY,6850.2,6806.89,-15.3,-1.003,SL,7,1509.82
2026-03-06 06:00:00,2026-03-06 11:00:00,BUY,6841.2,6795.64,-15.15,-1.003,SL,5,1494.67
2026-03-09 01:00:00,2026-03-09 19:00:00,BUY,6636.2,6724.88,18.65,1.248,TP,18,1513.32
2026-03-10 08:00:00,2026-03-11 09:00:00,BUY,6784.1,6800.6,4.41,0.292,TIME,24,1517.73
2026-03-11 21:00:00,2026-03-12 05:00:00,BUY,6764.2,6709.9,-15.22,-1.003,SL,7,1502.51
2026-03-13 01:00:00,2026-03-13 11:00:00,BUY,6686.3,6638.63,-15.07,-1.003,SL,10,1487.44
2026-03-13 23:00:00,2026-03-16 14:00:00,BUY,6624.8,6686.95,18.55,1.247,TP,14,1505.99
2026-03-17 04:00:00,2026-03-17 16:00:00,BUY,6689.0,6736.24,18.77,1.246,TP,12,1524.75
2026-03-18 07:00:00,2026-03-18 15:00:00,BUY,6744.7,6717.3,-15.33,-1.006,SL,8,1509.42
2026-03-19 04:00:00,2026-03-19 15:00:00,BUY,6621.1,6582.7,-15.15,-1.004,SL,11,1494.27
2026-03-20 04:00:00,2026-03-20 12:00:00,BUY,6623.5,6578.79,-14.99,-1.003,SL,8,1479.28
2026-03-23 01:00:00,2026-03-23 10:00:00,BUY,6495.7,6437.79,-14.83,-1.003,SL,9,1464.45
2026-03-23 23:00:00,2026-03-25 01:00:00,BUY,6581.7,6604.9,4.02,0.275,TIME,24,1468.47
2026-03-25 13:00:00,2026-03-26 09:00:00,BUY,6609.0,6561.72,-14.73,-1.003,SL,19,1453.74
2026-03-26 22:00:00,2026-03-26 23:00:00,BUY,6475.5,6534.78,18.13,1.247,TP,1,1471.86
2026-03-27 12:00:00,2026-03-27 16:00:00,BUY,6469.2,6426.86,-14.77,-1.004,SL,4,1457.09
2026-03-30 05:00:00,2026-03-30 14:00:00,BUY,6355.6,6416.47,18.17,1.247,TP,9,1475.26
2026-03-31 07:00:00,2026-03-31 19:00:00,BUY,6391.9,6458.3,18.4,1.247,TP,12,1493.66
2026-04-01 08:00:00,2026-04-01 20:00:00,BUY,6550.6,6607.23,18.62,1.247,TP,12,1512.28
2026-04-02 09:00:00,2026-04-02 17:00:00,BUY,6492.5,6548.61,18.85,1.247,TP,8,1531.14
2026-04-03 06:00:00,2026-04-06 01:00:00,BUY,6572.4,6534.06,-15.37,-1.004,SL,11,1515.76
2026-04-06 13:00:00,2026-04-07 14:00:00,BUY,6592.5,6579.8,-5.61,-0.37,TIME,24,1510.16
2026-04-08 03:00:00,2026-04-09 04:00:00,BUY,6765.8,6769.7,0.86,0.057,TIME,24,1511.02
2026-04-09 16:00:00,2026-04-09 19:00:00,BUY,6776.2,6813.87,18.81,1.245,TP,3,1529.83
2026-04-10 11:00:00,2026-04-10 15:00:00,BUY,6813.7,6843.23,19.03,1.244,TP,4,1548.86
2026-04-13 05:00:00,2026-04-13 16:00:00,BUY,6767.7,6810.93,19.29,1.246,TP,11,1568.15
2026-04-14 05:00:00,2026-04-14 16:00:00,BUY,6888.5,6922.79,19.52,1.245,TP,11,1587.67
2026-04-20 01:00:00,2026-04-20 16:00:00,BUY,7074.0,7121.13,19.78,1.246,TP,15,1607.45
2026-04-21 17:00:00,2026-04-21 20:00:00,BUY,7100.4,7072.88,-16.16,-1.005,SL,3,1591.29
2026-04-22 09:00:00,2026-04-23 03:00:00,BUY,7108.9,7078.08,-15.99,-1.005,SL,17,1575.3
2026-04-23 20:00:00,2026-04-24 14:00:00,BUY,7089.7,7145.34,19.64,1.247,TP,17,1594.94
2026-04-27 03:00:00,2026-04-28 04:00:00,BUY,7160.2,7177.2,8.32,0.522,TIME,24,1603.26
2026-04-28 16:00:00,2026-04-29 17:00:00,BUY,7138.9,7137.2,-1.0,-0.063,TIME,24,1602.26
2026-05-01 01:00:00,2026-05-04 02:00:00,BUY,7219.8,7234.9,5.95,0.371,TIME,24,1608.21
2026-05-04 14:00:00,2026-05-04 19:00:00,BUY,7219.0,7187.74,-16.16,-1.005,SL,5,1592.05
2026-05-05 08:00:00,2026-05-05 16:00:00,BUY,7218.8,7251.58,19.81,1.244,TP,8,1611.86
2026-05-06 07:00:00,2026-05-06 11:00:00,BUY,7283.9,7312.34,20.04,1.243,TP,4,1631.9
2026-05-06 23:00:00,2026-05-07 20:00:00,BUY,7361.6,7329.94,-16.4,-1.005,SL,20,1615.5
2026-05-08 11:00:00,2026-05-08 20:00:00,BUY,7369.2,7400.03,20.1,1.244,TP,9,1635.6
2026-05-11 10:00:00,2026-05-11 17:00:00,BUY,7391.1,7417.58,20.33,1.243,TP,7,1655.93
2026-05-12 06:00:00,2026-05-12 15:00:00,BUY,7401.2,7375.81,-16.66,-1.006,SL,9,1639.27
2026-05-13 06:00:00,2026-05-13 16:00:00,BUY,7410.5,7380.54,-16.48,-1.005,SL,10,1622.8
2026-05-14 07:00:00,2026-05-14 17:00:00,BUY,7454.2,7486.97,20.19,1.244,TP,10,1642.99
2026-05-15 06:00:00,2026-05-15 08:00:00,BUY,7482.6,7452.91,-16.51,-1.005,SL,2,1626.47
2026-05-15 20:00:00,2026-05-15 23:00:00,BUY,7449.8,7405.62,-16.32,-1.003,SL,3,1610.15
2026-05-18 12:00:00,2026-05-19 13:00:00,BUY,7389.8,7377.7,-4.74,-0.294,TIME,24,1605.42
2026-05-20 09:00:00,2026-05-20 18:00:00,BUY,7369.8,7422.52,20.01,1.246,TP,9,1625.43
2026-05-21 10:00:00,2026-05-21 20:00:00,BUY,7421.0,7466.08,20.25,1.246,TP,10,1645.68
2026-05-22 09:00:00,2026-05-25 01:00:00,BUY,7472.0,7514.01,20.5,1.246,TP,15,1666.17
2026-05-26 01:00:00,2026-05-26 16:00:00,BUY,7533.0,7508.83,-16.77,-1.006,SL,15,1649.41
2026-05-27 05:00:00,2026-05-27 18:00:00,BUY,7528.7,7505.94,-16.6,-1.007,SL,13,1632.81
2026-05-28 08:00:00,2026-05-28 17:00:00,BUY,7512.3,7550.65,20.33,1.245,TP,9,1653.14
2026-05-29 18:00:00,2026-06-01 19:00:00,BUY,7579.8,7595.8,10.45,0.632,TIME,24,1663.59
2026-06-02 08:00:00,2026-06-02 17:00:00,BUY,7582.7,7612.11,20.69,1.244,TP,9,1684.28
2026-06-03 07:00:00,2026-06-03 15:00:00,BUY,7612.0,7593.77,-16.98,-1.008,SL,8,1667.3
2026-06-04 09:00:00,2026-06-04 14:00:00,BUY,7541.6,7515.41,-16.77,-1.006,SL,5,1650.53
2026-06-05 03:00:00,2026-06-05 16:00:00,BUY,7547.5,7518.64,-16.59,-1.005,SL,13,1633.94
2026-06-08 05:00:00,2026-06-09 06:00:00,BUY,7403.1,7419.0,4.75,0.291,TIME,24,1638.69
2026-06-09 18:00:00,2026-06-09 19:00:00,BUY,7303.6,7240.86,-16.43,-1.002,SL,1,1622.26
2026-06-12 01:00:00,2026-06-15 01:00:00,BUY,7405.8,7494.56,20.24,1.248,TP,23,1642.51
2026-06-15 13:00:00,2026-06-15 18:00:00,BUY,7524.0,7572.74,20.47,1.246,TP,5,1662.98
2026-06-16 07:00:00,2026-06-16 22:00:00,BUY,7548.9,7520.7,-16.72,-1.005,SL,15,1646.26
2026-06-17 11:00:00,2026-06-17 17:00:00,BUY,7527.2,7504.86,-16.57,-1.007,SL,6,1629.68
2026-06-18 06:00:00,2026-06-19 07:00:00,BUY,7485.4,7455.9,-11.98,-0.735,TIME,24,1617.7
2026-06-19 19:00:00,2026-06-22 02:00:00,BUY,7486.8,7457.05,-16.26,-1.005,SL,2,1601.44
2026-06-22 14:00:00,2026-06-22 17:00:00,BUY,7495.8,7466.89,-16.1,-1.005,SL,3,1585.34
2026-06-23 06:00:00,2026-06-23 08:00:00,BUY,7442.0,7405.22,-15.92,-1.004,SL,2,1569.42
2026-06-25 16:00:00,2026-06-25 17:00:00,BUY,7325.45,7385.95,19.57,1.247,TP,1,1588.99
2026-06-26 10:00:00,2026-06-29 12:00:00,BUY,7343.8,7389.9,12.85,0.809,TIME,24,1601.84
2026-06-30 01:00:00,2026-06-30 18:00:00,BUY,7434.8,7486.96,19.97,1.246,TP,17,1621.81
2026-07-01 07:00:00,2026-07-01 18:00:00,BUY,7472.9,7507.93,20.19,1.245,TP,11,1641.99
2026-07-02 09:00:00,2026-07-02 15:00:00,BUY,7476.2,7512.96,20.44,1.245,TP,6,1662.43
2026-07-03 04:00:00,2026-07-06 09:00:00,BUY,7495.9,7502.6,2.65,0.159,TIME,24,1665.08
2026-07-07 03:00:00,2026-07-07 17:00:00,BUY,7534.9,7509.72,-16.75,-1.006,SL,14,1648.33
2026-07-08 06:00:00,2026-07-08 11:00:00,BUY,7505.1,7476.71,-16.57,-1.005,SL,5,1631.76
2026-07-09 01:00:00,2026-07-09 18:00:00,BUY,7471.5,7522.46,20.34,1.246,TP,17,1652.1
2026-07-10 07:00:00,2026-07-10 19:00:00,BUY,7529.9,7561.69,20.55,1.244,TP,12,1672.65
2026-07-13 08:00:00,2026-07-13 23:00:00,BUY,7532.8,7504.84,-16.82,-1.005,SL,15,1655.84
2026-07-14 12:00:00,2026-07-14 15:00:00,BUY,7512.5,7550.52,20.62,1.245,TP,3,1676.45
2026-07-15 11:00:00,2026-07-15 19:00:00,BUY,7563.2,7536.43,-16.86,-1.006,SL,8,1659.6
2026-07-16 11:00:00,2026-07-16 14:00:00,BUY,7566.8,7538.79,-16.69,-1.005,SL,3,1642.91
2026-07-17 03:00:00,2026-07-17 07:00:00,BUY,7509.9,7476.88,-16.5,-1.005,SL,4,1626.41
2026-07-17 21:00:00,2026-07-20 22:00:00,BUY,7469.1,7447.3,-8.88,-0.546,TIME,24,1617.53
2026-07-21 11:00:00,2026-07-22 12:00:00,BUY,7486.5,7488.7,1.16,0.072,TIME,24,1618.69
2026-07-23 01:00:00,2026-07-23 14:00:00,BUY,7486.4,7455.75,-16.27,-1.005,SL,13,1602.43
2026-07-24 09:00:00,2026-07-24 18:00:00,BUY,7406.1,7445.58,19.95,1.245,TP,9,1622.38
2026-07-27 08:00:00,2026-07-27 16:00:00,BUY,7479.1,7442.17,-16.29,-1.004,SL,8,1606.09
2026-07-28 05:00:00,2026-07-28 18:00:00,BUY,7397.5,7443.56,20.01,1.246,TP,13,1626.1
2026-07-30 16:00:00,2026-07-31 04:00:00,BUY,7408.5,7470.32,20.28,1.247,TP,11,1646.38
2026-07-31 16:00:00,2026-07-31 17:00:00,BUY,7441.8,7402.93,-16.53,-1.004,SL,1,1629.85
2026-08-03 07:00:00,2026-08-03 18:00:00,BUY,7535.5,7581.5,20.31,1.246,TP,11,1650.16
2026-08-04 08:00:00,2026-08-04 16:00:00,BUY,7621.6,7651.19,20.52,1.244,TP,8,1670.68
2026-08-05 07:00:00,2026-08-05 18:00:00,BUY,7765.0,7738.8,-16.8,-1.006,SL,11,1653.88
2026-08-06 07:00:00,2026-08-06 18:00:00,BUY,7736.4,7709.44,-16.63,-1.006,SL,11,1637.25
2026-08-07 07:00:00,2026-08-07 15:00:00,BUY,7706.9,7738.58,20.37,1.244,TP,8,1657.62
2026-08-10 16:00:00,2026-08-11 17:00:00,BUY,7758.3,7758.9,0.47,0.028,TIME,24,1658.09
2026-08-12 06:00:00,2026-08-12 15:00:00,BUY,7733.4,7756.66,20.59,1.242,TP,9,1678.68
2026-08-13 09:00:00,2026-08-13 16:00:00,BUY,7757.5,7777.94,20.83,1.241,TP,7,1699.51
2026-08-14 16:00:00,2026-08-14 17:00:00,BUY,7805.5,7790.76,-17.17,-1.01,SL,1,1682.34
2026-08-17 07:00:00,2026-08-17 16:00:00,BUY,7792.2,7778.32,-17.01,-1.011,SL,9,1665.33
2026-08-19 02:00:00,2026-08-19 15:00:00,BUY,7690.6,7715.68,20.69,1.243,TP,13,1686.03
2026-08-20 07:00:00,2026-08-20 11:00:00,BUY,7719.3,7694.94,-16.96,-1.006,SL,4,1669.06
2026-08-20 23:00:00,2026-08-21 18:00:00,BUY,7649.1,7688.29,20.78,1.245,TP,18,1689.84
2026-08-24 07:00:00,2026-08-24 16:00:00,BUY,7665.6,7641.12,-17.0,-1.006,SL,9,1672.84
2026-08-25 05:00:00,2026-08-25 11:00:00,BUY,7652.9,7682.89,20.81,1.244,TP,6,1693.65
2026-08-25 23:00:00,2026-08-27 01:00:00,BUY,7675.8,7712.75,25.55,1.508,TP,24,1719.19
2026-08-27 22:00:00,2026-08-28 17:00:00,BUY,7728.7,7766.56,21.41,1.245,TP,18,1740.6
