entry_time,exit_time,type,entry_price,exit_price,pnl,return_pct,reason,bars_held,equity_after
2019-03-22 16:00:00,2019-03-22 18:00:00,BUY,2828.25,2814.45,-10.11,-1.011,SL,2,989.89
2019-03-25 15:00:00,2019-03-25 17:00:00,BUY,2803.25,2787.47,-9.99,-1.01,SL,2,979.9
2019-03-26 06:00:00,2019-03-27 07:00:00,BUY,2811.25,2820.95,6.18,0.631,TIME,24,986.08
2019-03-27 19:00:00,2019-03-28 20:00:00,BUY,2797.85,2810.75,7.18,0.728,TIME,24,993.26
2019-04-10 16:00:00,2019-04-11 02:00:00,BUY,2884.05,2892.74,12.21,1.229,TP,9,1005.47
2019-04-11 20:00:00,2019-04-12 11:00:00,BUY,2884.55,2894.76,12.39,1.232,TP,14,1017.85
2019-04-17 18:00:00,2019-04-18 04:00:00,BUY,2900.95,2892.61,-10.36,-1.018,SL,9,1007.49
2019-04-22 05:00:00,2019-04-23 06:00:00,BUY,2903.55,2907.95,4.44,0.441,TIME,24,1011.93
2019-04-25 16:00:00,2019-04-25 17:00:00,BUY,2922.75,2914.8,-10.31,-1.019,SL,1,1001.61
2019-04-26 06:00:00,2019-04-26 22:00:00,BUY,2921.15,2932.63,12.36,1.234,TP,16,1013.97
2019-05-01 22:00:00,2019-05-02 18:00:00,BUY,2922.85,2910.38,-10.26,-1.012,SL,19,1003.71
2019-05-03 15:00:00,2019-05-03 19:00:00,BUY,2932.45,2944.13,12.39,1.234,TP,4,1016.1
2019-05-06 08:00:00,2019-05-06 18:00:00,BUY,2898.65,2921.58,12.62,1.242,TP,10,1028.72
2019-05-07 17:00:00,2019-05-07 20:00:00,BUY,2889.25,2871.64,-10.38,-1.009,SL,3,1018.34
2019-05-09 21:00:00,2019-05-10 17:00:00,BUY,2865.55,2843.93,-10.25,-1.007,SL,19,1008.09
2019-05-13 17:00:00,2019-05-14 01:00:00,BUY,2820.25,2798.83,-10.15,-1.007,SL,7,997.93
2019-05-14 16:00:00,2019-05-14 18:00:00,BUY,2825.15,2845.45,12.38,1.241,TP,2,1010.32
2019-05-15 10:00:00,2019-05-15 15:00:00,BUY,2835.15,2820.46,-10.21,-1.01,SL,5,1000.11
2019-05-17 10:00:00,2019-05-17 14:00:00,BUY,2869.85,2857.37,-10.12,-1.012,SL,4,989.99
2019-05-21 03:00:00,2019-05-22 04:00:00,BUY,2851.15,2865.75,9.02,0.911,TIME,24,999.01
2019-05-22 16:00:00,2019-05-23 03:00:00,BUY,2859.85,2848.38,-10.12,-1.013,SL,10,988.89
2019-05-23 15:00:00,2019-05-23 16:00:00,BUY,2831.15,2818.96,-10.01,-1.012,SL,1,978.87
2019-05-27 18:00:00,2019-05-28 16:00:00,BUY,2828.55,2838.65,12.06,1.232,TP,17,990.93
2019-05-29 15:00:00,2019-05-29 18:00:00,BUY,2786.85,2774.58,-10.03,-1.012,SL,3,980.9
2019-05-31 12:00:00,2019-06-03 01:00:00,BUY,2755.75,2740.8,-9.91,-1.01,SL,12,970.99
2019-06-03 13:00:00,2019-06-03 16:00:00,BUY,2742.05,2758.26,12.03,1.239,TP,3,983.02
2019-06-04 05:00:00,2019-06-04 16:00:00,BUY,2750.35,2773.28,12.21,1.242,TP,11,995.22
2019-06-07 15:00:00,2019-06-07 16:00:00,BUY,2851.75,2865.3,12.3,1.236,TP,1,1007.53
2019-06-13 12:00:00,2019-06-14 13:00:00,BUY,2887.75,2883.15,-3.86,-0.383,TIME,24,1003.67
2019-06-26 22:00:00,2019-06-27 12:00:00,BUY,2913.95,2928.9,12.42,1.238,TP,13,1016.09
2019-07-17 01:00:00,2019-07-17 17:00:00,BUY,3003.15,2995.03,-10.35,-1.019,SL,16,1005.74
2019-07-19 04:00:00,2019-07-19 18:00:00,BUY,3005.35,2992.42,-10.18,-1.012,SL,14,995.56
2019-07-22 07:00:00,2019-07-22 22:00:00,BUY,2975.65,2989.18,12.31,1.236,TP,15,1007.87
2019-07-25 16:00:00,2019-07-26 16:00:00,BUY,3005.65,3017.26,12.44,1.234,TP,23,1020.31
2019-07-30 15:00:00,2019-07-30 18:00:00,BUY,3004.45,3013.52,12.55,1.23,TP,3,1032.85
2019-07-31 17:00:00,2019-07-31 21:00:00,BUY,3012.15,3004.47,-10.53,-1.02,SL,4,1022.32
2019-08-01 10:00:00,2019-08-01 17:00:00,BUY,2982.05,3000.48,12.68,1.24,TP,7,1034.99
2019-08-02 06:00:00,2019-08-02 17:00:00,BUY,2943.45,2921.29,-10.42,-1.007,SL,11,1024.57
2019-08-05 08:00:00,2019-08-05 16:00:00,BUY,2902.95,2880.61,-10.32,-1.007,SL,8,1014.26
2019-08-06 05:00:00,2019-08-06 11:00:00,BUY,2812.15,2855.12,12.63,1.246,TP,6,1026.89
2019-08-12 18:00:00,2019-08-12 21:00:00,BUY,2897.65,2877.93,-10.35,-1.008,SL,3,1016.55
2019-08-13 10:00:00,2019-08-13 16:00:00,BUY,2873.75,2894.19,12.61,1.241,TP,6,1029.16
2019-08-14 15:00:00,2019-08-14 17:00:00,BUY,2893.55,2874.1,-10.37,-1.008,SL,2,1018.79
2019-08-15 06:00:00,2019-08-15 13:00:00,BUY,2846.85,2825.01,-10.26,-1.007,SL,7,1008.53
2019-08-16 02:00:00,2019-08-16 17:00:00,BUY,2853.55,2888.21,12.55,1.245,TP,15,1021.08
2019-08-22 17:00:00,2019-08-22 20:00:00,BUY,2905.75,2926.04,12.67,1.241,TP,3,1033.75
2019-08-23 09:00:00,2019-08-23 15:00:00,BUY,2932.95,2920.44,-10.46,-1.012,SL,6,1023.29
2019-08-26 07:00:00,2019-08-26 10:00:00,BUY,2833.75,2866.81,12.73,1.244,TP,3,1036.02
2019-08-26 22:00:00,2019-08-27 23:00:00,BUY,2879.95,2866.35,-5.35,-0.516,TIME,24,1030.67
2019-09-18 21:00:00,2019-09-18 22:00:00,BUY,2985.95,2998.47,12.73,1.235,TP,1,1043.4
2019-09-19 11:00:00,2019-09-19 16:00:00,BUY,3000.85,3014.45,12.9,1.236,TP,5,1056.3
2019-09-20 05:00:00,2019-09-20 20:00:00,BUY,3008.45,2997.95,-10.72,-1.014,SL,15,1045.59
2019-09-23 09:00:00,2019-09-23 10:00:00,BUY,3001.15,2989.98,-10.6,-1.014,SL,1,1034.99
2019-09-24 15:00:00,2019-09-24 18:00:00,BUY,3002.75,2993.85,-10.53,-1.017,SL,3,1024.46
2019-09-25 07:00:00,2019-09-25 11:00:00,BUY,2975.05,2960.96,-10.35,-1.011,SL,4,1014.11
2019-09-26 04:00:00,2019-09-26 18:00:00,BUY,2982.95,2970.41,-10.26,-1.012,SL,14,1003.84
2019-09-27 17:00:00,2019-09-27 18:00:00,BUY,2984.65,2971.62,-10.16,-1.012,SL,1,993.69
2019-09-30 16:00:00,2019-10-01 04:00:00,BUY,2973.35,2990.06,12.31,1.239,TP,11,1006.0
2019-10-01 16:00:00,2019-10-01 17:00:00,BUY,2990.45,2980.05,-10.21,-1.015,SL,1,995.79
2019-10-02 06:00:00,2019-10-02 10:00:00,BUY,2944.55,2931.36,-10.07,-1.012,SL,4,985.72
2019-10-02 22:00:00,2019-10-03 17:00:00,BUY,2887.85,2867.08,-9.93,-1.007,SL,18,975.79
2019-10-04 06:00:00,2019-10-04 16:00:00,BUY,2908.65,2927.32,12.1,1.24,TP,10,987.89
2019-10-08 06:00:00,2019-10-08 10:00:00,BUY,2948.05,2934.84,-9.99,-1.011,SL,4,977.9
2019-10-09 23:00:00,2019-10-10 01:00:00,BUY,2921.55,2903.28,-9.86,-1.008,SL,1,968.04
2019-10-10 21:00:00,2019-10-11 11:00:00,BUY,2935.05,2962.7,12.04,1.243,TP,13,980.07
2019-10-16 14:00:00,2019-10-17 12:00:00,BUY,2991.55,3004.07,12.11,1.235,TP,21,992.18
2019-10-18 01:00:00,2019-10-18 18:00:00,BUY,2997.75,2986.36,-10.05,-1.013,SL,17,982.13
2019-10-23 03:00:00,2019-10-23 18:00:00,BUY,2989.65,3003.01,12.14,1.236,TP,15,994.27
2019-10-24 07:00:00,2019-10-25 08:00:00,BUY,3005.95,3007.65,2.1,0.211,TIME,24,996.36
2019-10-30 12:00:00,2019-10-30 17:00:00,BUY,3035.95,3029.54,-10.2,-1.024,SL,5,986.16
2019-10-31 18:00:00,2019-11-01 15:00:00,BUY,3032.05,3046.73,12.2,1.237,TP,20,998.36
2019-11-06 18:00:00,2019-11-06 23:00:00,BUY,3068.65,3079.61,12.31,1.233,TP,5,1010.68
2019-11-07 19:00:00,2019-11-07 21:00:00,BUY,3094.55,3085.0,-10.27,-1.016,SL,2,1000.41
2019-11-08 14:00:00,2019-11-08 16:00:00,BUY,3083.65,3075.56,-10.19,-1.019,SL,2,990.21
2019-11-13 07:00:00,2019-11-13 11:00:00,BUY,3085.05,3076.94,-10.09,-1.019,SL,4,980.13
2019-11-14 05:00:00,2019-11-15 02:00:00,BUY,3091.55,3104.15,12.11,1.235,TP,20,992.23
2019-11-15 14:00:00,2019-11-15 18:00:00,BUY,3105.85,3115.48,12.21,1.231,TP,4,1004.45
2019-11-20 11:00:00,2019-11-20 19:00:00,BUY,3109.15,3099.95,-10.21,-1.017,SL,8,994.23
2019-11-21 08:00:00,2019-11-22 09:00:00,BUY,3104.25,3106.85,1.97,0.198,TIME,24,996.2
2019-11-22 21:00:00,2019-11-25 03:00:00,BUY,3109.35,3121.31,12.3,1.235,TP,5,1008.5
2019-11-28 04:00:00,2019-11-29 09:00:00,BUY,3146.85,3143.45,-4.84,-0.48,TIME,24,1003.66
2019-12-02 01:00:00,2019-12-02 10:00:00,BUY,3148.35,3156.05,12.31,1.226,TP,9,1015.97
2019-12-02 22:00:00,2019-12-03 12:00:00,BUY,3114.65,3101.99,-10.28,-1.012,SL,13,1005.68
2019-12-04 01:00:00,2019-12-04 16:00:00,BUY,3094.55,3112.44,12.47,1.24,TP,15,1018.15
2019-12-10 14:00:00,2019-12-10 15:00:00,BUY,3122.85,3133.54,12.55,1.233,TP,1,1030.7
2019-12-11 05:00:00,2019-12-12 06:00:00,BUY,3134.35,3145.25,10.77,1.045,TIME,24,1041.47
2019-12-12 18:00:00,2019-12-13 01:00:00,BUY,3158.35,3175.35,13.08,1.256,TP,6,1054.55
2019-12-18 13:00:00,2019-12-19 14:00:00,BUY,3191.85,3191.25,-1.1,-0.104,TIME,24,1053.45
2019-12-20 13:00:00,2019-12-20 16:00:00,BUY,3208.35,3214.32,12.85,1.219,TP,3,1066.3
2019-12-26 17:00:00,2019-12-26 22:00:00,BUY,3234.05,3239.27,12.96,1.215,TP,5,1079.26
2019-12-30 16:00:00,2019-12-30 17:00:00,BUY,3224.85,3216.65,-10.99,-1.019,SL,1,1068.26
2019-12-31 06:00:00,2019-12-31 14:00:00,BUY,3225.55,3217.91,-10.9,-1.02,SL,8,1057.37
2020-01-02 15:00:00,2020-01-02 17:00:00,BUY,3249.85,3240.69,-10.75,-1.017,SL,2,1046.62
2020-01-03 06:00:00,2020-01-03 10:00:00,BUY,3236.15,3222.53,-10.58,-1.011,SL,4,1036.03
2020-01-03 22:00:00,2020-01-06 10:00:00,BUY,3234.35,3216.19,-10.45,-1.008,SL,11,1025.59
2020-01-06 22:00:00,2020-01-07 16:00:00,BUY,3246.65,3232.44,-10.37,-1.011,SL,17,1015.22
2020-01-08 05:00:00,2020-01-08 18:00:00,BUY,3228.35,3257.1,12.62,1.244,TP,13,1027.85
2020-01-09 14:00:00,2020-01-10 02:00:00,BUY,3267.55,3282.24,12.72,1.237,TP,11,1040.56
2020-01-10 14:00:00,2020-01-10 16:00:00,BUY,3283.15,3275.26,-10.61,-1.019,SL,2,1029.96
2020-01-15 06:00:00,2020-01-15 16:00:00,BUY,3280.55,3294.63,12.74,1.237,TP,10,1042.7
2020-01-16 05:00:00,2020-01-16 20:00:00,BUY,3296.25,3308.8,12.88,1.235,TP,15,1055.58
2020-01-17 09:00:00,2020-01-17 22:00:00,BUY,3321.25,3329.17,12.95,1.227,TP,13,1068.52
2020-01-21 06:00:00,2020-01-21 16:00:00,BUY,3311.75,3319.68,13.11,1.227,TP,10,1081.63
2020-01-22 23:00:00,2020-01-23 16:00:00,BUY,3317.65,3308.25,-10.99,-1.016,SL,16,1070.64
2020-01-24 08:00:00,2020-01-24 17:00:00,BUY,3330.55,3321.96,-10.9,-1.018,SL,9,1059.75
2020-01-27 06:00:00,2020-01-27 12:00:00,BUY,3263.35,3245.3,-10.69,-1.008,SL,6,1049.06
2020-01-28 01:00:00,2020-01-28 17:00:00,BUY,3248.15,3271.9,13.03,1.242,TP,16,1062.09
2020-01-30 17:00:00,2020-01-30 21:00:00,BUY,3244.55,3268.51,13.19,1.242,TP,4,1075.28
2020-02-03 15:00:00,2020-02-03 17:00:00,BUY,3242.75,3265.37,13.35,1.242,TP,2,1088.64
2020-02-06 16:00:00,2020-02-07 16:00:00,BUY,3343.35,3328.06,-10.99,-1.01,SL,23,1077.64
2020-02-10 05:00:00,2020-02-10 22:00:00,BUY,3328.55,3350.62,13.38,1.242,TP,17,1091.02
2020-02-13 06:00:00,2020-02-13 11:00:00,BUY,3367.25,3356.18,-11.06,-1.014,SL,5,1079.96
2020-02-14 08:00:00,2020-02-14 17:00:00,BUY,3382.95,3371.1,-10.94,-1.013,SL,9,1069.02
2020-02-17 06:00:00,2020-02-18 01:00:00,BUY,3387.35,3376.45,-11.25,-1.052,SL,14,1057.78
2020-02-18 13:00:00,2020-02-19 01:00:00,BUY,3364.55,3376.45,13.06,1.234,TP,11,1070.83
2020-02-20 05:00:00,2020-02-20 18:00:00,BUY,3378.65,3367.82,-10.86,-1.014,SL,13,1059.97
2020-02-21 07:00:00,2020-02-21 16:00:00,BUY,3354.05,3337.45,-10.7,-1.009,SL,9,1049.28
2020-02-24 05:00:00,2020-02-24 10:00:00,BUY,3293.05,3269.71,-10.56,-1.006,SL,5,1038.72
2020-02-24 22:00:00,2020-02-25 17:00:00,BUY,3225.75,3192.04,-10.43,-1.004,SL,18,1028.28
2020-02-26 06:00:00,2020-02-26 11:00:00,BUY,3151.25,3112.9,-10.32,-1.004,SL,5,1017.96
2020-02-26 23:00:00,2020-02-27 16:00:00,BUY,3101.15,3053.69,-10.21,-1.003,SL,16,1007.75
2020-02-28 20:00:00,2020-03-02 09:00:00,BUY,2901.65,3002.8,12.58,1.248,TP,12,1020.33
2020-03-06 19:00:00,2020-03-09 01:00:00,BUY,2944.45,2891.29,-10.23,-1.003,SL,5,1010.09
2020-03-09 22:00:00,2020-03-10 08:00:00,BUY,2742.55,2843.37,12.61,1.248,TP,9,1022.7
2020-03-10 20:00:00,2020-03-10 22:00:00,BUY,2769.55,2868.14,12.76,1.248,TP,2,1035.47
2020-03-11 11:00:00,2020-03-11 19:00:00,BUY,2829.65,2758.22,-10.38,-1.002,SL,8,1025.09
2020-03-13 20:00:00,2020-03-16 16:00:00,BUY,2589.85,2385.65,-18.06,-1.762,SL,5,1007.03
2020-03-17 05:00:00,2020-03-17 17:00:00,BUY,2502.05,2366.98,-10.08,-1.001,SL,12,996.95
2020-03-18 16:00:00,2020-03-18 20:00:00,BUY,2420.65,2319.65,-9.98,-1.001,SL,4,986.96
2020-03-19 09:00:00,2020-03-20 10:00:00,BUY,2373.15,2469.15,8.41,0.852,TIME,24,995.37
2020-03-23 13:00:00,2020-03-23 15:00:00,BUY,2244.95,2339.66,12.42,1.248,TP,2,1007.79
2020-03-27 19:00:00,2020-03-30 01:00:00,BUY,2559.15,2481.45,-12.61,-1.251,SL,5,995.19
2020-03-30 13:00:00,2020-03-30 22:00:00,BUY,2542.55,2622.84,12.42,1.248,TP,9,1007.6
2020-04-01 03:00:00,2020-04-01 08:00:00,BUY,2557.85,2510.12,-10.11,-1.003,SL,5,997.49
2020-04-01 20:00:00,2020-04-02 16:00:00,BUY,2486.55,2440.19,-10.01,-1.003,SL,19,987.49
2020-04-08 10:00:00,2020-04-08 21:00:00,BUY,2665.45,2732.1,12.32,1.247,TP,11,999.8
2020-04-09 12:00:00,2020-04-09 16:00:00,BUY,2736.85,2787.92,12.46,1.246,TP,4,1012.26
2020-04-15 12:00:00,2020-04-15 15:00:00,BUY,2802.15,2772.88,-10.17,-1.005,SL,3,1002.09
2020-04-16 04:00:00,2020-04-16 09:00:00,BUY,2764.95,2807.21,12.48,1.246,TP,5,1014.57
2020-04-16 21:00:00,2020-04-17 01:00:00,BUY,2790.35,2872.75,21.17,2.087,TP,3,1035.74
2020-04-20 21:00:00,2020-04-21 05:00:00,BUY,2823.95,2787.74,-10.4,-1.004,SL,7,1025.34
2020-04-21 17:00:00,2020-04-22 18:00:00,BUY,2748.15,2792.95,11.18,1.091,TIME,24,1036.53
2020-04-23 07:00:00,2020-04-23 16:00:00,BUY,2793.55,2828.22,12.9,1.245,TP,9,1049.43
2020-04-24 05:00:00,2020-04-24 15:00:00,BUY,2774.45,2816.9,13.07,1.246,TP,10,1062.5
2020-04-27 04:00:00,2020-04-27 21:00:00,BUY,2842.45,2880.38,13.23,1.245,TP,17,1075.73
2020-04-30 14:00:00,2020-04-30 16:00:00,BUY,2929.55,2901.96,-10.82,-1.005,SL,2,1064.91
2020-05-01 05:00:00,2020-05-01 18:00:00,BUY,2869.25,2837.21,-10.7,-1.005,SL,13,1054.21
2020-05-04 07:00:00,2020-05-05 03:00:00,BUY,2807.55,2845.19,13.13,1.245,TP,19,1067.34
2020-05-06 02:00:00,2020-05-06 22:00:00,BUY,2876.05,2851.12,-10.74,-1.006,SL,20,1056.6
2020-05-07 11:00:00,2020-05-08 03:00:00,BUY,2878.15,2907.34,13.14,1.244,TP,15,1069.74
2020-05-12 05:00:00,2020-05-12 14:00:00,BUY,2908.45,2936.1,13.3,1.243,TP,9,1083.04
2020-05-13 07:00:00,2020-05-13 18:00:00,BUY,2865.35,2837.71,-10.89,-1.005,SL,11,1072.15
2020-05-15 01:00:00,2020-05-18 02:00:00,BUY,2849.25,2873.65,7.06,0.659,TIME,24,1079.21
2020-05-21 09:00:00,2020-05-21 16:00:00,BUY,2952.85,2975.11,13.4,1.242,TP,7,1092.61
2020-05-22 05:00:00,2020-05-22 23:00:00,BUY,2929.85,2958.1,13.59,1.243,TP,18,1106.2
2020-05-25 12:00:00,2020-05-26 07:00:00,BUY,2987.05,3009.52,13.74,1.242,TP,14,1119.93
2020-05-28 17:00:00,2020-05-28 22:00:00,BUY,3051.65,3025.11,-11.26,-1.006,SL,5,1108.67
2020-05-29 11:00:00,2020-05-29 23:00:00,BUY,3023.45,3055.73,13.79,1.244,TP,12,1122.47
2020-06-01 12:00:00,2020-06-02 12:00:00,BUY,3034.45,3072.18,13.98,1.245,TP,23,1136.44
2020-06-04 13:00:00,2020-06-04 17:00:00,BUY,3106.05,3123.82,14.09,1.24,TP,4,1150.53
2020-06-05 06:00:00,2020-06-05 15:00:00,BUY,3127.35,3151.76,14.29,1.242,TP,9,1164.82
2020-06-10 16:00:00,2020-06-11 01:00:00,BUY,3202.35,3179.77,-11.73,-1.007,SL,8,1153.09
2020-06-11 13:00:00,2020-06-11 15:00:00,BUY,3132.05,3103.02,-11.59,-1.005,SL,2,1141.5
2020-06-12 04:00:00,2020-06-12 16:00:00,BUY,3036.95,3087.72,14.23,1.246,TP,12,1155.73
2020-06-15 05:00:00,2020-06-15 09:00:00,BUY,2992.55,2941.98,-11.59,-1.003,SL,4,1144.14
2020-06-15 21:00:00,2020-06-16 15:00:00,BUY,3065.75,3126.53,14.27,1.247,TP,17,1158.41
2020-06-17 04:00:00,2020-06-18 04:00:00,BUY,3122.15,3077.14,-11.62,-1.003,SL,23,1146.78
2020-06-18 16:00:00,2020-06-19 15:00:00,BUY,3104.55,3147.8,14.29,1.246,TP,22,1161.07
2020-06-22 04:00:00,2020-06-22 21:00:00,BUY,3077.15,3119.55,14.46,1.246,TP,17,1175.53
2020-06-23 17:00:00,2020-06-24 11:00:00,BUY,3138.35,3110.52,-11.82,-1.005,SL,17,1163.71
2020-06-26 02:00:00,2020-06-26 17:00:00,BUY,3084.75,3051.1,-11.69,-1.004,SL,15,1152.02
2020-06-29 06:00:00,2020-06-29 23:00:00,BUY,3015.55,3053.79,14.34,1.245,TP,17,1166.37
2020-07-01 17:00:00,2020-07-02 15:00:00,BUY,3115.95,3147.21,14.51,1.244,TP,21,1180.88
2020-07-03 08:00:00,2020-07-03 17:00:00,BUY,3137.05,3117.88,-11.9,-1.008,SL,9,1168.97
2020-07-06 10:00:00,2020-07-07 10:00:00,BUY,3177.65,3159.45,-11.79,-1.008,SL,23,1157.19
2020-07-08 15:00:00,2020-07-09 01:00:00,BUY,3151.65,3176.91,14.38,1.243,TP,9,1171.57
2020-07-09 13:00:00,2020-07-09 17:00:00,BUY,3168.05,3150.3,-11.82,-1.009,SL,4,1159.75
2020-07-10 06:00:00,2020-07-10 09:00:00,BUY,3145.35,3121.74,-11.67,-1.006,SL,3,1148.08
2020-07-10 22:00:00,2020-07-13 17:00:00,BUY,3185.25,3217.42,14.28,1.244,TP,18,1162.36
2020-07-14 20:00:00,2020-07-15 01:00:00,BUY,3170.95,3214.15,14.97,1.288,TP,4,1177.33
2020-07-16 07:00:00,2020-07-17 08:00:00,BUY,3215.05,3210.65,-2.18,-0.185,TIME,24,1175.15
2020-07-17 20:00:00,2020-07-20 09:00:00,BUY,3220.55,3203.58,-11.86,-1.009,SL,12,1163.29
2020-07-22 17:00:00,2020-07-23 09:00:00,BUY,3260.65,3284.39,14.45,1.242,TP,15,1177.74
2020-07-23 21:00:00,2020-07-24 10:00:00,BUY,3236.95,3212.26,-11.85,-1.006,SL,12,1165.89
2020-07-27 02:00:00,2020-07-27 22:00:00,BUY,3207.25,3237.59,14.5,1.244,TP,20,1180.39
2020-07-29 01:00:00,2020-07-29 20:00:00,BUY,3224.95,3248.17,14.66,1.242,TP,19,1195.05
2020-07-31 03:00:00,2020-07-31 17:00:00,BUY,3265.35,3239.38,-12.02,-1.006,SL,14,1183.03
2020-08-03 06:00:00,2020-08-03 17:00:00,BUY,3269.75,3298.97,14.71,1.244,TP,11,1197.75
2020-08-06 15:00:00,2020-08-06 21:00:00,BUY,3324.15,3343.56,14.86,1.24,TP,6,1212.6
2020-08-07 10:00:00,2020-08-07 21:00:00,BUY,3345.75,3330.06,-12.24,-1.01,SL,11,1200.36
2020-08-12 03:00:00,2020-08-12 12:00:00,BUY,3336.75,3363.89,14.92,1.243,TP,9,1215.28
2020-08-13 06:00:00,2020-08-14 07:00:00,BUY,3374.25,3377.65,2.61,0.214,TIME,24,1217.89
2020-08-14 19:00:00,2020-08-17 20:00:00,BUY,3374.45,3384.35,7.82,0.642,TIME,24,1225.71
2020-08-19 21:00:00,2020-08-19 22:00:00,BUY,3389.75,3378.1,-12.42,-1.013,SL,1,1213.29
2020-08-20 11:00:00,2020-08-20 18:00:00,BUY,3362.15,3380.81,15.05,1.24,TP,7,1228.34
2020-08-21 07:00:00,2020-08-21 10:00:00,BUY,3393.95,3381.35,-12.43,-1.012,SL,3,1215.91
2020-08-21 22:00:00,2020-08-24 11:00:00,BUY,3398.45,3418.72,15.09,1.241,TP,12,1230.99
2020-08-28 15:00:00,2020-08-31 02:00:00,BUY,3496.15,3518.01,15.28,1.241,TP,10,1246.28
2020-09-04 15:00:00,2020-09-04 17:00:00,BUY,3466.55,3431.09,-12.52,-1.004,SL,2,1233.76
2020-09-08 21:00:00,2020-09-09 01:00:00,BUY,3345.65,3304.58,-12.38,-1.004,SL,3,1221.38
2020-09-09 19:00:00,2020-09-10 11:00:00,BUY,3412.25,3378.76,-12.27,-1.004,SL,15,1209.11
2020-09-16 22:00:00,2020-09-17 04:00:00,BUY,3386.65,3362.85,-12.17,-1.006,SL,5,1196.94
2020-09-21 22:00:00,2020-09-22 23:00:00,BUY,3282.05,3312.05,8.9,0.744,TIME,24,1205.84
2020-09-30 09:00:00,2020-09-30 16:00:00,BUY,3316.25,3348.65,15.0,1.244,TP,7,1220.85
2020-10-01 11:00:00,2020-10-02 07:00:00,BUY,3379.55,3353.26,-12.28,-1.006,SL,19,1208.57
2020-10-02 22:00:00,2020-10-05 18:00:00,BUY,3349.45,3397.97,15.06,1.246,TP,19,1223.63
2020-10-06 23:00:00,2020-10-07 10:00:00,BUY,3343.25,3381.68,15.24,1.245,TP,10,1238.86
2020-10-14 01:00:00,2020-10-14 18:00:00,BUY,3516.45,3494.94,-12.48,-1.007,SL,17,1226.39
2020-10-15 07:00:00,2020-10-15 11:00:00,BUY,3479.25,3457.15,-12.35,-1.007,SL,4,1214.04
2020-10-15 23:00:00,2020-10-16 17:00:00,BUY,3484.35,3513.53,15.1,1.244,TP,17,1229.14
2020-10-19 06:00:00,2020-10-19 17:00:00,BUY,3492.65,3473.1,-12.39,-1.008,SL,11,1216.75
2020-10-20 15:00:00,2020-10-20 20:00:00,BUY,3443.35,3467.39,15.12,1.242,TP,5,1231.87
2020-10-22 11:00:00,2020-10-23 01:00:00,BUY,3431.65,3462.85,15.64,1.269,TP,13,1247.51
2020-10-23 17:00:00,2020-10-26 01:00:00,BUY,3455.55,3436.55,-12.57,-1.008,SL,7,1234.93
2020-10-26 13:00:00,2020-10-26 17:00:00,BUY,3428.95,3410.86,-12.45,-1.008,SL,4,1222.48
2020-10-27 17:00:00,2020-10-28 01:00:00,BUY,3395.95,3375.23,-12.31,-1.007,SL,7,1210.16
2020-10-28 13:00:00,2020-10-28 16:00:00,BUY,3341.95,3319.59,-12.18,-1.007,SL,3,1197.98
2020-10-29 05:00:00,2020-10-29 14:00:00,BUY,3300.85,3271.67,-12.04,-1.005,SL,9,1185.94
2020-11-06 11:00:00,2020-11-06 16:00:00,BUY,3469.75,3510.24,14.77,1.245,TP,5,1200.71
2020-11-10 15:00:00,2020-11-11 16:00:00,BUY,3537.65,3558.45,6.0,0.499,TIME,24,1206.7
2020-11-12 05:00:00,2020-11-12 22:00:00,BUY,3548.55,3522.98,-12.14,-1.006,SL,17,1194.57
2020-11-13 11:00:00,2020-11-16 01:00:00,BUY,3568.05,3598.77,14.86,1.244,TP,13,1209.43
2020-11-18 03:00:00,2020-11-18 22:00:00,BUY,3599.95,3578.76,-12.18,-1.007,SL,19,1197.25
2020-11-19 11:00:00,2020-11-19 21:00:00,BUY,3551.75,3579.22,14.88,1.243,TP,10,1212.13
2020-11-20 12:00:00,2020-11-20 22:00:00,BUY,3579.45,3559.04,-12.21,-1.007,SL,10,1199.92
2020-11-23 11:00:00,2020-11-23 15:00:00,BUY,3581.15,3564.91,-12.11,-1.009,SL,4,1187.81
2020-11-25 23:00:00,2020-11-27 05:00:00,BUY,3631.35,3622.35,-6.28,-0.529,TIME,24,1181.53
2020-11-27 17:00:00,2020-11-27 19:00:00,BUY,3643.25,3631.73,-11.97,-1.013,SL,2,1169.56
2020-11-30 11:00:00,2020-11-30 17:00:00,BUY,3625.35,3608.71,-11.8,-1.009,SL,6,1157.76
2020-12-03 07:00:00,2020-12-03 22:00:00,BUY,3664.05,3681.0,14.35,1.239,TP,15,1172.1
2020-12-04 11:00:00,2020-12-04 17:00:00,BUY,3677.85,3693.44,14.51,1.238,TP,6,1186.61
2020-12-08 01:00:00,2020-12-08 13:00:00,BUY,3683.55,3668.2,-11.98,-1.01,SL,12,1174.63
2020-12-10 16:00:00,2020-12-11 10:00:00,BUY,3672.65,3652.62,-11.83,-1.008,SL,17,1162.79
2020-12-14 19:00:00,2020-12-14 22:00:00,BUY,3668.95,3650.91,-11.73,-1.008,SL,3,1151.07
2020-12-15 11:00:00,2020-12-15 20:00:00,BUY,3669.55,3690.45,14.29,1.241,TP,9,1165.35
2020-12-18 16:00:00,2020-12-18 18:00:00,BUY,3710.45,3696.94,-11.78,-1.011,SL,2,1153.57
2020-12-21 07:00:00,2020-12-21 09:00:00,BUY,3717.55,3696.97,-11.62,-1.007,SL,2,1141.95
2020-12-21 21:00:00,2020-12-22 22:00:00,BUY,3694.95,3687.35,-2.29,-0.201,TIME,24,1139.66
2020-12-24 01:00:00,2020-12-28 01:00:00,BUY,3693.85,3714.38,14.14,1.241,TP,20,1153.8
2020-12-30 02:00:00,2020-12-30 07:00:00,BUY,3728.15,3744.78,14.29,1.239,TP,5,1168.09
2020-12-30 19:00:00,2020-12-31 11:00:00,BUY,3736.55,3724.01,-11.82,-1.012,SL,15,1156.27
2021-01-04 03:00:00,2021-01-04 11:00:00,BUY,3755.35,3774.61,14.34,1.24,TP,8,1170.61
2021-01-05 14:00:00,2021-01-05 21:00:00,BUY,3698.15,3729.82,14.56,1.244,TP,7,1185.18
2021-01-06 10:00:00,2021-01-06 17:00:00,BUY,3699.25,3737.98,14.76,1.245,TP,7,1199.94
2021-01-07 06:00:00,2021-01-07 17:00:00,BUY,3766.55,3804.38,14.94,1.245,TP,11,1214.88
2021-01-11 08:00:00,2021-01-12 09:00:00,BUY,3800.35,3807.05,4.06,0.334,TIME,24,1218.94
2021-01-12 21:00:00,2021-01-13 22:00:00,BUY,3800.35,3810.35,5.29,0.434,TIME,24,1224.23
2021-01-14 13:00:00,2021-01-14 22:00:00,BUY,3817.15,3803.52,-12.38,-1.011,SL,9,1211.85
2021-01-15 16:00:00,2021-01-15 17:00:00,BUY,3782.65,3765.3,-12.22,-1.009,SL,1,1199.63
2021-01-18 06:00:00,2021-01-19 02:00:00,BUY,3761.35,3787.92,14.91,1.243,TP,15,1214.54
2021-01-19 16:00:00,2021-01-20 01:00:00,BUY,3789.15,3806.83,15.05,1.239,TP,8,1229.59
2021-01-22 03:00:00,2021-01-22 10:00:00,BUY,3848.65,3833.92,-12.42,-1.01,SL,7,1217.17
2021-01-25 13:00:00,2021-01-25 17:00:00,BUY,3850.75,3836.96,-12.31,-1.011,SL,4,1204.86
2021-01-26 17:00:00,2021-01-27 13:00:00,BUY,3856.75,3836.65,-12.14,-1.008,SL,19,1192.72
2021-01-28 02:00:00,2021-01-28 16:00:00,BUY,3734.05,3790.27,14.87,1.247,TP,14,1207.59
2021-01-29 05:00:00,2021-01-29 19:00:00,BUY,3745.55,3707.33,-12.12,-1.004,SL,14,1195.47
2021-02-01 08:00:00,2021-02-01 21:00:00,BUY,3728.95,3778.47,14.9,1.246,TP,13,1210.37
2021-02-03 19:00:00,2021-02-04 07:00:00,BUY,3839.85,3819.39,-12.19,-1.007,SL,11,1198.18
2021-02-04 19:00:00,2021-02-05 04:00:00,BUY,3858.25,3878.99,14.87,1.241,TP,8,1213.05
2021-02-09 18:00:00,2021-02-10 03:00:00,BUY,3910.65,3924.86,15.0,1.237,TP,8,1228.05
2021-02-10 18:00:00,2021-02-11 19:00:00,BUY,3904.35,3901.75,-1.89,-0.154,TIME,24,1226.16
2021-02-12 08:00:00,2021-02-12 22:00:00,BUY,3910.05,3928.03,15.2,1.24,TP,14,1241.36
2021-02-16 22:00:00,2021-02-17 03:00:00,BUY,3932.35,3917.5,-12.54,-1.01,SL,4,1228.82
2021-02-17 15:00:00,2021-02-17 16:00:00,BUY,3921.25,3905.48,-12.41,-1.01,SL,1,1216.42
2021-02-18 05:00:00,2021-02-18 13:00:00,BUY,3927.25,3908.71,-12.26,-1.008,SL,8,1204.15
2021-02-19 02:00:00,2021-02-22 03:00:00,BUY,3912.15,3906.65,-3.34,-0.278,TIME,24,1200.81
2021-02-22 15:00:00,2021-02-23 11:00:00,BUY,3880.55,3859.22,-12.09,-1.007,SL,19,1188.72
2021-02-25 01:00:00,2021-02-25 16:00:00,BUY,3936.75,3906.5,-11.95,-1.005,SL,15,1176.77
2021-02-26 05:00:00,2021-02-26 17:00:00,BUY,3830.15,3792.1,-11.81,-1.004,SL,12,1164.96
2021-03-01 06:00:00,2021-03-01 17:00:00,BUY,3840.65,3890.19,14.52,1.246,TP,11,1179.47
2021-03-02 06:00:00,2021-03-03 07:00:00,BUY,3887.65,3886.05,-0.77,-0.065,TIME,24,1178.7
2021-03-03 19:00:00,2021-03-03 22:00:00,BUY,3851.85,3825.62,-11.85,-1.006,SL,3,1166.85
2021-03-04 11:00:00,2021-03-04 18:00:00,BUY,3803.15,3839.23,14.53,1.245,TP,7,1181.37
2021-03-05 20:00:00,2021-03-08 21:00:00,BUY,3817.65,3851.85,7.46,0.631,TIME,24,1188.83
2021-03-09 21:00:00,2021-03-10 03:00:00,BUY,3895.15,3867.06,-11.95,-1.005,SL,5,1176.88
2021-03-10 17:00:00,2021-03-11 16:00:00,BUY,3897.75,3932.11,14.65,1.245,TP,22,1191.52
2021-03-12 12:00:00,2021-03-12 22:00:00,BUY,3916.45,3939.73,14.8,1.242,TP,10,1206.32
2021-03-15 14:00:00,2021-03-15 18:00:00,BUY,3946.8,3929.45,-12.17,-1.009,SL,4,1194.15
2021-03-16 22:00:00,2021-03-17 15:00:00,BUY,3963.0,3945.5,-12.04,-1.009,SL,16,1182.11
2021-03-18 18:00:00,2021-03-18 21:00:00,BUY,3962.0,3941.15,-11.91,-1.007,SL,3,1170.2
2021-03-19 10:00:00,2021-03-19 16:00:00,BUY,3927.4,3904.48,-11.78,-1.007,SL,6,1158.42
2021-03-22 05:00:00,2021-03-22 17:00:00,BUY,3908.9,3938.92,14.41,1.244,TP,12,1172.83
2021-03-23 06:00:00,2021-03-23 13:00:00,BUY,3936.3,3919.86,-11.84,-1.009,SL,7,1160.99
2021-03-24 02:00:00,2021-03-24 17:00:00,BUY,3910.1,3935.05,14.43,1.243,TP,15,1175.42
2021-03-25 06:00:00,2021-03-25 14:00:00,BUY,3900.1,3879.16,-11.84,-1.007,SL,8,1163.58
2021-03-26 03:00:00,2021-03-26 22:00:00,BUY,3915.4,3947.83,14.48,1.244,TP,19,1178.06
2021-03-29 11:00:00,2021-03-29 20:00:00,BUY,3951.1,3977.47,14.64,1.243,TP,9,1192.7
2021-03-30 15:00:00,2021-03-31 16:00:00,BUY,3956.6,3977.22,14.8,1.241,TP,24,1207.5
2021-04-01 05:00:00,2021-04-01 15:00:00,BUY,3977.1,3994.85,14.97,1.24,TP,10,1222.47
2021-04-07 07:00:00,2021-04-08 02:00:00,BUY,4075.5,4089.45,15.12,1.237,TP,18,1237.59
2021-04-08 15:00:00,2021-04-08 23:00:00,BUY,4090.6,4103.91,15.3,1.236,TP,8,1252.89
2021-04-13 16:00:00,2021-04-13 22:00:00,BUY,4130.7,4147.95,15.53,1.239,TP,6,1268.41
2021-04-14 11:00:00,2021-04-14 20:00:00,BUY,4146.6,4136.3,-12.87,-1.015,SL,9,1255.54
2021-04-15 09:00:00,2021-04-15 16:00:00,BUY,4139.6,4153.97,15.53,1.237,TP,7,1271.07
2021-04-20 19:00:00,2021-04-21 18:00:00,BUY,4132.9,4156.28,15.79,1.242,TP,22,1286.86
2021-04-22 07:00:00,2021-04-22 20:00:00,BUY,4169.8,4155.45,-13.0,-1.011,SL,13,1273.85
2021-04-23 09:00:00,2021-04-23 17:00:00,BUY,4138.6,4158.97,15.81,1.241,TP,8,1289.66
2021-04-26 06:00:00,2021-04-27 07:00:00,BUY,4182.4,4190.6,7.17,0.556,TIME,24,1296.83
2021-04-27 19:00:00,2021-04-28 20:00:00,BUY,4183.6,4185.0,1.5,0.116,TIME,24,1298.33
2021-04-29 09:00:00,2021-04-29 17:00:00,BUY,4209.5,4197.81,-13.15,-1.013,SL,8,1285.18
2021-04-30 06:00:00,2021-04-30 13:00:00,BUY,4199.7,4185.4,-12.99,-1.011,SL,7,1272.19
2021-05-03 02:00:00,2021-05-04 03:00:00,BUY,4195.7,4185.6,-7.96,-0.626,TIME,24,1264.24
2021-05-04 15:00:00,2021-05-04 16:00:00,BUY,4170.9,4155.65,-12.77,-1.01,SL,1,1251.47
2021-05-05 05:00:00,2021-05-06 06:00:00,BUY,4177.9,4163.3,-9.63,-0.769,TIME,24,1241.84
2021-05-06 18:00:00,2021-05-07 04:00:00,BUY,4179.55,4206.66,15.44,1.243,TP,9,1257.28
2021-05-07 16:00:00,2021-05-10 03:00:00,BUY,4219.75,4241.64,15.61,1.241,TP,10,1272.89
2021-05-10 23:00:00,2021-05-11 04:00:00,BUY,4181.9,4162.38,-12.83,-1.008,SL,4,1260.06
2021-05-11 16:00:00,2021-05-11 17:00:00,BUY,4158.45,4132.78,-12.67,-1.006,SL,1,1247.39
2021-05-13 04:00:00,2021-05-13 10:00:00,BUY,4080.2,4047.79,-12.53,-1.005,SL,6,1234.85
2021-05-14 10:00:00,2021-05-14 18:00:00,BUY,4131.0,4162.98,15.36,1.244,TP,8,1250.22
2021-05-17 21:00:00,2021-05-18 22:00:00,BUY,4160.55,4138.14,-12.59,-1.007,SL,24,1237.63
2021-05-19 11:00:00,2021-05-19 15:00:00,BUY,4094.4,4073.14,-12.46,-1.007,SL,4,1225.17
2021-05-20 18:00:00,2021-05-21 19:00:00,BUY,4163.15,4155.15,-3.96,-0.323,TIME,24,1221.21
2021-05-24 08:00:00,2021-05-24 17:00:00,BUY,4165.3,4187.92,15.16,1.242,TP,9,1236.38
2021-05-26 18:00:00,2021-05-27 09:00:00,BUY,4199.25,4185.15,-12.5,-1.011,SL,14,1223.88
2021-05-28 11:00:00,2021-05-28 17:00:00,BUY,4217.3,4206.19,-12.41,-1.014,SL,6,1211.47
2021-05-31 06:00:00,2021-05-31 16:00:00,BUY,4210.0,4199.85,-12.3,-1.015,SL,10,1199.18
2021-06-01 23:00:00,2021-06-03 01:00:00,BUY,4201.0,4208.4,6.37,0.531,TIME,24,1205.55
2021-06-03 13:00:00,2021-06-03 15:00:00,BUY,4185.0,4171.94,-12.2,-1.012,SL,2,1193.35
2021-06-04 04:00:00,2021-06-04 15:00:00,BUY,4188.6,4208.78,14.81,1.241,TP,11,1208.16
2021-06-07 04:00:00,2021-06-08 05:00:00,BUY,4222.3,4227.0,4.57,0.378,TIME,24,1212.72
2021-06-08 17:00:00,2021-06-08 18:00:00,BUY,4223.45,4209.9,-12.26,-1.011,SL,1,1200.46
2021-06-09 07:00:00,2021-06-10 08:00:00,BUY,4227.1,4222.6,-4.86,-0.404,TIME,24,1195.61
2021-06-11 07:00:00,2021-06-14 08:00:00,BUY,4241.8,4248.5,6.75,0.565,TIME,24,1202.36
2021-06-14 20:00:00,2021-06-14 22:00:00,BUY,4236.35,4248.96,14.85,1.235,TP,2,1217.21
2021-06-15 19:00:00,2021-06-16 20:00:00,BUY,4244.75,4233.54,-12.34,-1.014,SL,24,1204.87
2021-06-17 09:00:00,2021-06-17 16:00:00,BUY,4207.1,4226.15,14.94,1.24,TP,7,1219.82
2021-06-18 08:00:00,2021-06-18 14:00:00,BUY,4226.7,4211.97,-12.32,-1.01,SL,6,1207.49
2021-06-21 03:00:00,2021-06-21 06:00:00,BUY,4158.4,4136.98,-12.16,-1.007,SL,3,1195.33
2021-06-22 05:00:00,2021-06-22 22:00:00,BUY,4229.2,4249.3,14.83,1.241,TP,17,1210.16
2021-06-23 11:00:00,2021-06-24 12:00:00,BUY,4250.3,4261.8,11.92,0.985,TIME,24,1222.09
2021-06-29 19:00:00,2021-06-30 11:00:00,BUY,4295.65,4285.9,-12.41,-1.016,SL,15,1209.67
2021-07-01 13:00:00,2021-07-01 17:00:00,BUY,4297.9,4310.61,14.94,1.235,TP,4,1224.62
2021-07-02 06:00:00,2021-07-02 15:00:00,BUY,4322.0,4333.54,15.11,1.234,TP,9,1239.73
2021-07-06 16:00:00,2021-07-06 17:00:00,BUY,4344.05,4335.44,-12.62,-1.018,SL,1,1227.11
2021-07-07 21:00:00,2021-07-08 09:00:00,BUY,4359.65,4343.81,-12.39,-1.01,SL,11,1214.73
2021-07-09 11:00:00,2021-07-09 18:00:00,BUY,4335.1,4360.01,15.09,1.243,TP,7,1229.82
2021-07-12 07:00:00,2021-07-12 17:00:00,BUY,4362.3,4378.71,15.23,1.239,TP,10,1245.05
2021-07-13 22:00:00,2021-07-14 16:00:00,BUY,4370.75,4390.16,15.44,1.24,TP,17,1260.5
2021-07-15 05:00:00,2021-07-15 14:00:00,BUY,4370.7,4355.56,-12.73,-1.01,SL,9,1247.76
2021-07-16 03:00:00,2021-07-16 15:00:00,BUY,4348.8,4370.72,15.49,1.242,TP,12,1263.26
2021-07-19 14:00:00,2021-07-19 16:00:00,BUY,4282.8,4262.28,-12.73,-1.007,SL,2,1250.53
2021-07-20 05:00:00,2021-07-20 17:00:00,BUY,4279.1,4308.65,15.55,1.244,TP,12,1266.08
2021-07-21 06:00:00,2021-07-21 16:00:00,BUY,4321.6,4347.34,15.73,1.243,TP,10,1281.82
2021-07-22 05:00:00,2021-07-23 03:00:00,BUY,4361.6,4380.17,15.89,1.24,TP,21,1297.71
2021-07-23 15:00:00,2021-07-23 18:00:00,BUY,4386.4,4398.53,16.02,1.235,TP,3,1313.73
2021-07-27 11:00:00,2021-07-27 17:00:00,BUY,4405.1,4392.55,-13.3,-1.012,SL,6,1300.44
2021-07-28 19:00:00,2021-07-29 17:00:00,BUY,4398.95,4422.79,16.15,1.242,TP,21,1316.59
2021-07-30 06:00:00,2021-07-30 16:00:00,BUY,4386.1,4406.29,16.34,1.241,TP,10,1332.93
2021-08-02 05:00:00,2021-08-02 18:00:00,BUY,4420.5,4402.97,-13.44,-1.009,SL,13,1319.48
2021-08-03 07:00:00,2021-08-03 16:00:00,BUY,4396.3,4381.95,-13.33,-1.011,SL,9,1306.15
2021-08-04 16:00:00,2021-08-05 17:00:00,BUY,4411.25,4420.65,10.16,0.778,TIME,24,1316.31
2021-08-06 06:00:00,2021-08-06 16:00:00,BUY,4427.6,4438.76,16.24,1.233,TP,10,1332.54
2021-08-09 05:00:00,2021-08-10 06:00:00,BUY,4428.1,4425.1,-3.74,-0.281,TIME,24,1328.8
2021-08-10 18:00:00,2021-08-11 04:00:00,BUY,4441.75,4430.75,-13.47,-1.014,SL,9,1315.33
2021-08-11 16:00:00,2021-08-12 17:00:00,BUY,4446.35,4436.3,-13.35,-1.015,SL,24,1301.98
2021-08-13 06:00:00,2021-08-13 22:00:00,BUY,4459.6,4468.82,16.01,1.23,TP,16,1317.99
2021-08-16 11:00:00,2021-08-16 13:00:00,BUY,4458.7,4450.15,-13.42,-1.018,SL,2,1304.58
2021-08-17 18:00:00,2021-08-17 19:00:00,BUY,4439.45,4423.57,-13.17,-1.01,SL,1,1291.41
2021-08-18 08:00:00,2021-08-18 16:00:00,BUY,4451.9,4437.01,-13.05,-1.01,SL,8,1278.36
2021-08-19 12:00:00,2021-08-19 17:00:00,BUY,4372.4,4399.23,15.89,1.243,TP,5,1294.25
2021-08-20 11:00:00,2021-08-20 16:00:00,BUY,4385.0,4414.34,16.1,1.244,TP,5,1310.35
2021-08-23 05:00:00,2021-08-23 17:00:00,BUY,4455.2,4478.29,16.27,1.242,TP,12,1326.62
2021-08-25 04:00:00,2021-08-25 18:00:00,BUY,4485.3,4496.45,16.36,1.233,TP,14,1342.99
2021-08-26 07:00:00,2021-08-26 17:00:00,BUY,4490.7,4482.82,-13.69,-1.019,SL,10,1329.29
2021-08-27 12:00:00,2021-08-27 17:00:00,BUY,4484.9,4498.09,16.43,1.236,TP,5,1345.72
2021-09-01 16:00:00,2021-09-02 16:00:00,BUY,4526.25,4538.87,16.62,1.235,TP,23,1362.35
2021-09-03 05:00:00,2021-09-03 15:00:00,BUY,4546.2,4535.17,-13.81,-1.014,SL,10,1348.54
2021-09-06 04:00:00,2021-09-06 10:00:00,BUY,4531.2,4545.03,16.68,1.237,TP,6,1365.21
2021-09-07 03:00:00,2021-09-07 12:00:00,BUY,4539.9,4532.13,-13.92,-1.02,SL,9,1351.29
2021-09-08 01:00:00,2021-09-08 10:00:00,BUY,4519.4,4508.08,-13.69,-1.013,SL,9,1337.6
2021-09-08 22:00:00,2021-09-09 07:00:00,BUY,4515.15,4497.36,-13.49,-1.009,SL,8,1324.11
2021-09-09 19:00:00,2021-09-09 21:00:00,BUY,4510.85,4493.59,-13.36,-1.009,SL,2,1310.75
2021-09-10 10:00:00,2021-09-10 17:00:00,BUY,4510.4,4495.56,-13.24,-1.01,SL,7,1297.51
2021-09-13 06:00:00,2021-09-13 16:00:00,BUY,4467.5,4489.31,16.11,1.241,TP,10,1313.62
2021-09-16 04:00:00,2021-09-16 16:00:00,BUY,4479.8,4463.2,-13.26,-1.009,SL,12,1300.36
2021-09-17 05:00:00,2021-09-17 16:00:00,BUY,4471.6,4454.92,-13.12,-1.009,SL,11,1287.24
2021-09-20 05:00:00,2021-09-20 12:00:00,BUY,4395.2,4373.43,-12.96,-1.007,SL,7,1274.28
2021-09-21 14:00:00,2021-09-21 17:00:00,BUY,4392.1,4365.67,-12.82,-1.006,SL,3,1261.46
2021-09-22 16:00:00,2021-09-23 10:00:00,BUY,4384.55,4416.76,15.7,1.244,TP,17,1277.16
2021-09-23 22:00:00,2021-09-24 15:00:00,BUY,4447.85,4423.78,-12.85,-1.006,SL,16,1264.31
2021-09-27 04:00:00,2021-09-27 13:00:00,BUY,4477.5,4457.65,-12.74,-1.008,SL,9,1251.57
2021-09-28 15:00:00,2021-09-28 17:00:00,BUY,4405.9,4383.32,-12.6,-1.007,SL,2,1238.97
2021-09-29 06:00:00,2021-09-30 07:00:00,BUY,4375.6,4383.8,3.44,0.278,TIME,24,1242.41
2021-09-30 19:00:00,2021-10-01 04:00:00,BUY,4323.25,4293.36,-12.49,-1.005,SL,8,1229.92
2021-10-01 22:00:00,2021-10-04 17:00:00,BUY,4358.25,4319.25,-12.35,-1.004,SL,18,1217.58
2021-10-06 01:00:00,2021-10-06 04:00:00,BUY,4348.1,4321.2,-12.24,-1.006,SL,3,1205.33
2021-10-06 16:00:00,2021-10-06 20:00:00,BUY,4302.95,4338.2,15.0,1.245,TP,4,1220.34
2021-10-07 09:00:00,2021-10-07 17:00:00,BUY,4388.5,4422.07,15.19,1.244,TP,8,1235.52
2021-10-08 06:00:00,2021-10-11 01:00:00,BUY,4401.7,4380.89,-12.44,-1.007,SL,18,1223.08
2021-10-11 13:00:00,2021-10-11 16:00:00,BUY,4370.5,4398.97,15.21,1.243,TP,3,1238.29
2021-10-12 05:00:00,2021-10-13 06:00:00,BUY,4344.4,4343.9,-0.25,-0.02,TIME,24,1238.04
2021-10-13 18:00:00,2021-10-14 08:00:00,BUY,4350.15,4382.57,15.4,1.244,TP,13,1253.44
2021-10-14 20:00:00,2021-10-15 15:00:00,BUY,4436.35,4458.59,15.56,1.242,TP,18,1269.01
2021-10-21 01:00:00,2021-10-21 10:00:00,BUY,4533.0,4518.73,-12.82,-1.011,SL,9,1256.18
2021-10-21 22:00:00,2021-10-22 18:00:00,BUY,4549.25,4534.33,-12.69,-1.01,SL,19,1243.49
2021-10-25 07:00:00,2021-10-25 20:00:00,BUY,4548.6,4568.71,15.43,1.241,TP,13,1258.92
2021-10-27 03:00:00,2021-10-27 22:00:00,BUY,4573.1,4557.31,-12.71,-1.01,SL,19,1246.21
2021-10-28 11:00:00,2021-10-28 16:00:00,BUY,4562.7,4579.9,15.44,1.239,TP,5,1261.65
2021-10-29 05:00:00,2021-10-29 19:00:00,BUY,4580.0,4599.72,15.65,1.241,TP,14,1277.31
2021-11-02 07:00:00,2021-11-02 16:00:00,BUY,4604.3,4620.39,15.82,1.238,TP,9,1293.12
2021-11-03 08:00:00,2021-11-03 21:00:00,BUY,4625.7,4637.69,15.96,1.235,TP,13,1309.09
2021-11-04 10:00:00,2021-11-04 16:00:00,BUY,4662.7,4675.28,16.17,1.235,TP,6,1325.26
2021-11-08 03:00:00,2021-11-08 15:00:00,BUY,4685.5,4705.77,16.44,1.241,TP,12,1341.7
2021-11-09 04:00:00,2021-11-09 16:00:00,BUY,4692.3,4679.49,-13.58,-1.012,SL,12,1328.13
2021-11-11 02:00:00,2021-11-12 03:00:00,BUY,4653.2,4660.1,4.32,0.325,TIME,24,1332.45
2021-11-12 15:00:00,2021-11-12 18:00:00,BUY,4660.6,4675.55,16.49,1.238,TP,3,1348.94
2021-11-15 07:00:00,2021-11-15 15:00:00,BUY,4687.0,4702.15,16.7,1.238,TP,8,1365.64
2021-11-16 07:00:00,2021-11-16 16:00:00,BUY,4682.0,4697.12,16.9,1.238,TP,9,1382.54
2021-11-17 05:00:00,2021-11-18 06:00:00,BUY,4696.2,4694.2,-2.14,-0.155,TIME,24,1380.4
2021-11-18 18:00:00,2021-11-19 04:00:00,BUY,4698.75,4717.89,17.12,1.24,TP,9,1397.52
2021-11-19 16:00:00,2021-11-22 16:00:00,BUY,4710.45,4732.58,17.35,1.242,TP,23,1414.87
2021-11-23 05:00:00,2021-11-23 10:00:00,BUY,4682.0,4660.0,-14.25,-1.007,SL,5,1400.63
2021-11-24 01:00:00,2021-11-25 02:00:00,BUY,4685.6,4709.8,11.73,0.838,TIME,24,1412.36
2021-11-25 14:00:00,2021-11-26 01:00:00,BUY,4710.4,4697.06,-14.28,-1.011,SL,6,1398.08
2021-11-26 13:00:00,2021-11-26 18:00:00,BUY,4618.1,4592.45,-14.06,-1.006,SL,5,1384.01
2021-11-29 10:00:00,2021-11-29 19:00:00,BUY,4630.4,4670.08,17.24,1.245,TP,9,1401.25
2021-11-30 08:00:00,2021-11-30 18:00:00,BUY,4614.9,4582.16,-14.08,-1.005,SL,10,1387.17
2021-12-01 07:00:00,2021-12-01 18:00:00,BUY,4606.2,4650.19,17.28,1.246,TP,11,1404.45
2021-12-02 07:00:00,2021-12-02 19:00:00,BUY,4539.6,4586.59,17.5,1.246,TP,7,1421.95
2021-12-06 01:00:00,2021-12-07 02:00:00,BUY,4558.7,4594.0,10.57,0.743,TIME,24,1432.52
2021-12-07 14:00:00,2021-12-07 17:00:00,BUY,4651.8,4682.68,17.82,1.244,TP,3,1450.34
2021-12-08 18:00:00,2021-12-09 19:00:00,BUY,4686.75,4693.75,3.95,0.273,TIME,24,1454.3
2021-12-10 08:00:00,2021-12-10 15:00:00,BUY,4672.2,4692.81,18.05,1.241,TP,7,1472.34
2021-12-13 16:00:00,2021-12-13 18:00:00,BUY,4691.85,4672.89,-14.84,-1.008,SL,2,1457.5
2021-12-14 07:00:00,2021-12-14 11:00:00,BUY,4675.0,4657.86,-14.7,-1.009,SL,4,1442.8
2021-12-14 23:00:00,2021-12-15 22:00:00,BUY,4638.1,4671.8,17.96,1.244,TP,22,1460.75
2021-12-16 16:00:00,2021-12-16 19:00:00,BUY,4712.15,4687.15,-14.7,-1.006,SL,3,1446.06
2021-12-17 08:00:00,2021-12-17 16:00:00,BUY,4660.8,4632.52,-14.54,-1.005,SL,8,1431.52
2021-12-20 05:00:00,2021-12-20 18:00:00,BUY,4572.7,4531.06,-14.37,-1.004,SL,13,1417.15
2021-12-21 07:00:00,2021-12-21 20:00:00,BUY,4605.3,4642.99,17.64,1.245,TP,13,1434.8
2021-12-22 09:00:00,2021-12-22 17:00:00,BUY,4642.8,4669.71,17.84,1.243,TP,8,1452.63
2021-12-23 06:00:00,2021-12-23 16:00:00,BUY,4698.8,4720.38,18.03,1.241,TP,10,1470.67
2021-12-29 06:00:00,2021-12-30 07:00:00,BUY,4792.1,4787.1,-4.89,-0.333,TIME,24,1465.77
2021-12-30 19:00:00,2021-12-30 22:00:00,BUY,4802.15,4789.22,-14.83,-1.012,SL,3,1450.94
2021-12-31 11:00:00,2022-01-03 12:00:00,BUY,4777.5,4794.86,17.98,1.239,TP,21,1468.92
2022-01-04 19:00:00,2022-01-05 20:00:00,BUY,4786.05,4775.45,-8.71,-0.593,TIME,24,1460.21
2022-01-10 02:00:00,2022-01-10 16:00:00,BUY,4670.0,4637.78,-14.67,-1.005,SL,14,1445.54
2022-01-11 05:00:00,2022-01-11 16:00:00,BUY,4673.4,4640.17,-14.52,-1.005,SL,11,1431.02
2022-01-12 16:00:00,2022-01-12 17:00:00,BUY,4742.65,4718.74,-14.4,-1.006,SL,1,1416.62
2022-01-13 06:00:00,2022-01-13 19:00:00,BUY,4717.8,4695.17,-14.26,-1.007,SL,13,1402.36
2022-01-14 08:00:00,2022-01-14 14:00:00,BUY,4669.5,4642.78,-14.1,-1.006,SL,6,1388.25
2022-01-17 14:00:00,2022-01-18 05:00:00,BUY,4672.0,4647.36,-13.97,-1.006,SL,10,1374.29
2022-01-18 17:00:00,2022-01-19 04:00:00,BUY,4590.75,4562.51,-13.82,-1.005,SL,10,1360.47
2022-01-21 10:00:00,2022-01-21 17:00:00,BUY,4476.2,4435.98,-13.66,-1.004,SL,7,1346.81
2022-01-24 16:00:00,2022-01-24 18:00:00,BUY,4304.85,4259.05,-13.51,-1.003,SL,2,1333.3
2022-01-25 07:00:00,2022-01-25 16:00:00,BUY,4368.1,4303.94,-13.36,-1.002,SL,9,1319.94
2022-01-26 16:00:00,2022-01-26 21:00:00,BUY,4434.45,4379.69,-13.24,-1.003,SL,5,1306.7
2022-01-27 10:00:00,2022-01-27 16:00:00,BUY,4337.2,4414.29,16.3,1.248,TP,6,1323.0
2022-01-28 08:00:00,2022-01-28 14:00:00,BUY,4352.0,4296.44,-13.27,-1.003,SL,6,1309.74
2022-01-31 03:00:00,2022-01-31 22:00:00,BUY,4424.5,4501.2,16.34,1.248,TP,19,1326.08
2022-02-02 23:00:00,2022-02-03 15:00:00,BUY,4557.7,4522.89,-13.32,-1.004,SL,15,1312.76
2022-02-04 15:00:00,2022-02-04 20:00:00,BUY,4455.9,4503.03,16.36,1.246,TP,5,1329.12
2022-02-07 10:00:00,2022-02-08 11:00:00,BUY,4494.3,4490.0,-1.51,-0.114,TIME,24,1327.6
2022-02-09 20:00:00,2022-02-10 15:00:00,BUY,4580.25,4556.88,-13.36,-1.006,SL,18,1314.24
2022-02-11 05:00:00,2022-02-11 20:00:00,BUY,4486.7,4451.01,-13.2,-1.004,SL,15,1301.04
2022-02-14 13:00:00,2022-02-15 10:00:00,BUY,4384.6,4438.54,16.22,1.247,TP,20,1317.26
2022-02-15 22:00:00,2022-02-16 19:00:00,BUY,4471.25,4431.0,-13.22,-1.004,SL,20,1304.04
2022-02-17 08:00:00,2022-02-17 16:00:00,BUY,4457.0,4428.28,-13.11,-1.005,SL,8,1290.93
2022-02-18 06:00:00,2022-02-18 15:00:00,BUY,4409.8,4378.84,-12.97,-1.005,SL,9,1277.96
2022-02-21 04:00:00,2022-02-21 14:00:00,BUY,4374.2,4329.2,-12.82,-1.003,SL,10,1265.14
2022-02-22 16:00:00,2022-02-22 19:00:00,BUY,4351.05,4303.56,-12.69,-1.003,SL,3,1252.45
2022-02-23 09:00:00,2022-02-23 17:00:00,BUY,4328.1,4288.95,-12.57,-1.004,SL,8,1239.87
2022-02-24 06:00:00,2022-02-24 20:00:00,BUY,4147.2,4211.35,15.46,1.247,TP,14,1255.34
2022-02-25 09:00:00,2022-02-25 17:00:00,BUY,4258.8,4321.71,15.65,1.247,TP,8,1270.99
2022-02-28 06:00:00,2022-02-28 17:00:00,BUY,4279.9,4355.52,15.86,1.248,TP,11,1286.85
2022-03-01 06:00:00,2022-03-01 13:00:00,BUY,4374.2,4327.76,-12.91,-1.003,SL,7,1273.94
2022-03-02 02:00:00,2022-03-02 18:00:00,BUY,4323.2,4388.04,15.89,1.247,TP,16,1289.82
2022-03-03 07:00:00,2022-03-03 17:00:00,BUY,4389.6,4355.82,-12.96,-1.004,SL,10,1276.87
2022-03-04 06:00:00,2022-03-07 01:00:00,BUY,4328.5,4276.99,-12.81,-1.003,SL,18,1264.06
2022-03-07 14:00:00,2022-03-07 19:00:00,BUY,4294.0,4245.06,-12.68,-1.003,SL,5,1251.38
2022-03-08 08:00:00,2022-03-08 10:00:00,BUY,4159.5,4215.95,15.6,1.247,TP,2,1266.98
2022-03-09 16:00:00,2022-03-10 17:00:00,BUY,4246.25,4221.65,-5.9,-0.465,TIME,24,1261.09
2022-03-11 14:00:00,2022-03-11 17:00:00,BUY,4304.7,4263.21,-12.66,-1.004,SL,3,1248.43
2022-03-14 06:00:00,2022-03-14 19:00:00,BUY,4220.0,4182.1,-12.53,-1.004,SL,13,1235.9
2022-03-15 08:00:00,2022-03-15 11:00:00,BUY,4176.3,4142.67,-12.41,-1.004,SL,3,1223.48
2022-03-16 12:00:00,2022-03-16 17:00:00,BUY,4306.4,4346.71,15.24,1.245,TP,5,1238.72
2022-03-17 17:00:00,2022-03-17 20:00:00,BUY,4350.65,4399.31,15.44,1.246,TP,3,1254.16
2022-03-18 09:00:00,2022-03-18 19:00:00,BUY,4394.5,4432.09,15.61,1.245,TP,10,1269.77
2022-03-22 07:00:00,2022-03-22 16:00:00,BUY,4449.4,4481.18,15.8,1.244,TP,9,1285.57
2022-03-24 17:00:00,2022-03-24 22:00:00,BUY,4480.85,4508.85,15.98,1.243,TP,5,1301.55
2022-03-25 11:00:00,2022-03-25 17:00:00,BUY,4516.9,4545.18,16.18,1.243,TP,6,1317.73
2022-03-28 06:00:00,2022-03-28 21:00:00,BUY,4529.9,4559.66,16.39,1.244,TP,15,1334.12
2022-03-30 17:00:00,2022-03-30 22:00:00,BUY,4614.95,4593.52,-13.44,-1.007,SL,5,1320.69
2022-03-31 11:00:00,2022-03-31 16:00:00,BUY,4609.4,4592.13,-13.32,-1.009,SL,5,1307.37
2022-04-01 05:00:00,2022-04-01 17:00:00,BUY,4551.8,4528.72,-13.16,-1.007,SL,12,1294.21
2022-04-04 06:00:00,2022-04-04 18:00:00,BUY,4545.1,4572.08,16.09,1.243,TP,12,1310.3
2022-04-05 18:00:00,2022-04-05 22:00:00,BUY,4550.45,4527.15,-13.19,-1.006,SL,4,1297.11
2022-04-06 15:00:00,2022-04-06 17:00:00,BUY,4485.5,4462.68,-13.06,-1.007,SL,2,1284.05
2022-04-07 06:00:00,2022-04-07 14:00:00,BUY,4461.6,4495.18,15.98,1.244,TP,8,1300.03
2022-04-08 10:00:00,2022-04-08 16:00:00,BUY,4520.1,4495.04,-13.08,-1.006,SL,6,1286.95
2022-04-11 05:00:00,2022-04-11 18:00:00,BUY,4461.7,4433.12,-12.94,-1.005,SL,13,1274.01
2022-04-13 04:00:00,2022-04-14 05:00:00,BUY,4415.2,4449.9,14.12,1.108,TIME,24,1288.13
2022-04-18 01:00:00,2022-04-19 02:00:00,BUY,4377.9,4413.66,16.03,1.245,TP,24,1304.17
2022-04-19 14:00:00,2022-04-19 16:00:00,BUY,4394.6,4426.9,16.23,1.244,TP,2,1320.39
2022-04-20 05:00:00,2022-04-20 14:00:00,BUY,4445.7,4480.41,16.43,1.245,TP,9,1336.83
2022-04-21 03:00:00,2022-04-21 19:00:00,BUY,4476.5,4446.92,-13.44,-1.005,SL,16,1323.39
2022-04-22 08:00:00,2022-04-22 16:00:00,BUY,4385.2,4358.5,-13.31,-1.006,SL,8,1310.08
2022-04-25 05:00:00,2022-04-25 18:00:00,BUY,4243.8,4204.82,-13.15,-1.004,SL,13,1296.93
2022-04-26 09:00:00,2022-04-26 16:00:00,BUY,4296.4,4261.53,-13.03,-1.004,SL,7,1283.91
2022-04-27 05:00:00,2022-04-28 06:00:00,BUY,4196.0,4214.3,5.13,0.4,TIME,24,1289.04
2022-04-29 04:00:00,2022-04-29 17:00:00,BUY,4273.5,4228.88,-12.93,-1.003,SL,13,1276.1
2022-05-02 06:00:00,2022-05-02 16:00:00,BUY,4154.0,4109.66,-12.8,-1.003,SL,10,1263.3
2022-05-03 05:00:00,2022-05-04 06:00:00,BUY,4177.7,4176.7,-0.27,-0.021,TIME,24,1263.03
2022-05-05 04:00:00,2022-05-05 16:00:00,BUY,4295.0,4255.46,-12.68,-1.004,SL,12,1250.35
2022-05-06 05:00:00,2022-05-06 16:00:00,BUY,4141.4,4097.54,-12.55,-1.003,SL,11,1237.81
2022-05-09 05:00:00,2022-05-09 17:00:00,BUY,4076.3,4022.62,-12.41,-1.003,SL,12,1225.39
2022-05-10 06:00:00,2022-05-10 19:00:00,BUY,4015.0,3966.13,-12.29,-1.003,SL,13,1213.1
2022-05-11 08:00:00,2022-05-11 15:00:00,BUY,4016.0,3973.79,-12.17,-1.004,SL,7,1200.93
2022-05-12 04:00:00,2022-05-12 12:00:00,BUY,3953.3,3895.44,-12.04,-1.003,SL,8,1188.89
2022-05-13 22:00:00,2022-05-16 23:00:00,BUY,4024.55,4003.1,-5.38,-0.452,TIME,24,1183.51
2022-05-17 12:00:00,2022-05-17 17:00:00,BUY,4080.0,4045.27,-11.89,-1.004,SL,5,1171.62
2022-05-18 06:00:00,2022-05-18 15:00:00,BUY,4075.3,4044.0,-11.77,-1.005,SL,9,1159.85
2022-05-19 04:00:00,2022-05-19 12:00:00,BUY,3906.8,3868.72,-11.64,-1.004,SL,8,1148.21
2022-05-20 01:00:00,2022-05-20 19:00:00,BUY,3905.5,3852.08,-11.51,-1.003,SL,18,1136.69
2022-05-23 08:00:00,2022-05-24 09:00:00,BUY,3944.3,3921.2,-6.28,-0.553,TIME,24,1130.41
2022-05-24 21:00:00,2022-05-25 06:00:00,BUY,3912.75,3969.71,14.09,1.247,TP,8,1144.5
2022-05-26 21:00:00,2022-05-27 16:00:00,BUY,4064.95,4111.73,14.26,1.246,TP,18,1158.76
2022-05-31 12:00:00,2022-06-01 13:00:00,BUY,4130.8,4130.8,0.0,0.0,TIME,24,1158.76
2022-06-02 03:00:00,2022-06-02 20:00:00,BUY,4105.6,4152.63,14.44,1.246,TP,17,1173.2
2022-06-03 09:00:00,2022-06-03 13:00:00,BUY,4178.2,4153.32,-11.8,-1.006,SL,4,1161.4
2022-06-06 21:00:00,2022-06-07 08:00:00,BUY,4121.55,4087.77,-11.67,-1.004,SL,10,1149.73
2022-06-07 20:00:00,2022-06-08 21:00:00,BUY,4134.35,4114.55,-6.5,-0.566,TIME,24,1143.23
2022-06-09 10:00:00,2022-06-09 16:00:00,BUY,4116.0,4091.7,-11.5,-1.006,SL,6,1131.72
2022-06-10 18:00:00,2022-06-13 01:00:00,BUY,3912.25,3871.35,-11.36,-1.004,SL,6,1120.36
2022-06-13 13:00:00,2022-06-13 17:00:00,BUY,3815.0,3777.69,-11.25,-1.004,SL,4,1109.12
2022-06-14 17:00:00,2022-06-14 22:00:00,BUY,3751.45,3706.02,-11.13,-1.003,SL,5,1097.99
2022-06-15 11:00:00,2022-06-15 21:00:00,BUY,3760.5,3723.7,-11.02,-1.004,SL,10,1086.96
2022-06-16 10:00:00,2022-06-16 17:00:00,BUY,3717.4,3667.95,-10.9,-1.003,SL,7,1076.06
2022-06-17 06:00:00,2022-06-17 17:00:00,BUY,3686.1,3644.28,-10.8,-1.004,SL,11,1065.26
2022-06-20 06:00:00,2022-06-21 11:00:00,BUY,3687.1,3743.22,13.28,1.247,TP,24,1078.54
2022-06-21 23:00:00,2022-06-22 05:00:00,BUY,3765.6,3736.11,-10.84,-1.005,SL,5,1067.7
2022-06-22 17:00:00,2022-06-23 02:00:00,BUY,3782.45,3744.99,-10.72,-1.004,SL,8,1056.98
2022-06-24 02:00:00,2022-06-24 08:00:00,BUY,3782.5,3830.71,13.17,1.246,TP,6,1070.15
2022-06-24 20:00:00,2022-06-27 05:00:00,BUY,3885.25,3923.25,13.32,1.245,TP,8,1083.48
2022-06-28 04:00:00,2022-06-28 10:00:00,BUY,3891.6,3928.48,13.49,1.245,TP,6,1096.96
2022-06-29 18:00:00,2022-06-30 09:00:00,BUY,3819.35,3784.49,-11.02,-1.004,SL,14,1085.95
2022-06-30 21:00:00,2022-07-01 22:00:00,BUY,3785.75,3825.15,9.72,0.896,TIME,24,1095.67
2022-07-04 11:00:00,2022-07-05 02:00:00,BUY,3797.8,3837.54,13.64,1.245,TP,10,1109.32
2022-07-05 14:00:00,2022-07-05 16:00:00,BUY,3791.5,3765.57,-11.16,-1.006,SL,2,1098.16
2022-07-06 05:00:00,2022-07-06 22:00:00,BUY,3823.1,3867.55,13.68,1.246,TP,17,1111.84
2022-07-07 11:00:00,2022-07-07 18:00:00,BUY,3856.0,3891.64,13.84,1.245,TP,7,1125.68
2022-07-08 07:00:00,2022-07-08 15:00:00,BUY,3890.2,3868.43,-11.33,-1.007,SL,8,1114.34
2022-07-11 04:00:00,2022-07-12 03:00:00,BUY,3874.3,3842.59,-11.2,-1.005,SL,22,1103.15
2022-07-12 16:00:00,2022-07-12 22:00:00,BUY,3850.25,3822.35,-11.09,-1.005,SL,6,1092.06
2022-07-13 11:00:00,2022-07-13 15:00:00,BUY,3833.7,3808.34,-10.99,-1.006,SL,4,1081.07
2022-07-14 04:00:00,2022-07-14 13:00:00,BUY,3789.5,3749.55,-10.85,-1.004,SL,9,1070.22
2022-07-15 02:00:00,2022-07-15 17:00:00,BUY,3807.8,3853.03,13.33,1.246,TP,15,1083.55
2022-07-18 06:00:00,2022-07-18 21:00:00,BUY,3878.2,3852.33,-10.9,-1.006,SL,15,1072.65
2022-07-19 10:00:00,2022-07-19 13:00:00,BUY,3836.9,3866.18,13.34,1.244,TP,3,1085.99
2022-07-21 01:00:00,2022-07-21 19:00:00,BUY,3948.7,3987.75,13.52,1.245,TP,18,1099.52
2022-07-22 08:00:00,2022-07-22 16:00:00,BUY,3978.1,4008.78,13.68,1.244,TP,8,1113.19
2022-07-25 05:00:00,2022-07-26 06:00:00,BUY,3956.4,3956.0,-0.18,-0.016,TIME,24,1113.01
2022-07-28 20:00:00,2022-07-29 17:00:00,BUY,4073.05,4112.41,13.86,1.245,TP,20,1126.87
2022-08-01 06:00:00,2022-08-01 17:00:00,BUY,4112.2,4140.21,14.01,1.243,TP,11,1140.88
2022-08-02 06:00:00,2022-08-02 19:00:00,BUY,4102.5,4133.43,14.19,1.244,TP,13,1155.08
2022-08-04 21:00:00,2022-08-05 15:00:00,BUY,4152.95,4128.6,-11.62,-1.006,SL,17,1143.45
2022-08-08 04:00:00,2022-08-08 13:00:00,BUY,4135.7,4167.59,14.23,1.244,TP,9,1157.68
2022-08-09 02:00:00,2022-08-09 14:00:00,BUY,4151.4,4124.44,-11.64,-1.006,SL,12,1146.04
2022-08-11 19:00:00,2022-08-11 21:00:00,BUY,4232.85,4209.17,-11.53,-1.006,SL,2,1134.51
2022-08-12 10:00:00,2022-08-12 20:00:00,BUY,4231.3,4254.63,14.09,1.242,TP,10,1148.6
2022-08-15 15:00:00,2022-08-15 16:00:00,BUY,4247.1,4267.55,14.25,1.241,TP,1,1162.85
2022-08-16 17:00:00,2022-08-16 18:00:00,BUY,4283.45,4306.02,14.44,1.242,TP,1,1177.29
2022-08-17 07:00:00,2022-08-17 11:00:00,BUY,4307.9,4289.11,-11.87,-1.008,SL,4,1165.42
2022-08-18 16:00:00,2022-08-19 13:00:00,BUY,4266.35,4244.76,-11.74,-1.007,SL,20,1153.69
2022-08-22 03:00:00,2022-08-22 11:00:00,BUY,4206.2,4183.29,-11.61,-1.007,SL,8,1142.07
2022-08-22 23:00:00,2022-08-23 09:00:00,BUY,4144.7,4121.77,-11.5,-1.007,SL,9,1130.58
2022-08-24 09:00:00,2022-08-24 18:00:00,BUY,4123.0,4147.55,14.05,1.242,TP,9,1144.62
2022-08-26 22:00:00,2022-08-29 01:00:00,BUY,4058.45,4022.92,-11.49,-1.004,SL,2,1133.13
2022-08-30 04:00:00,2022-08-30 11:00:00,BUY,4030.2,4069.51,14.11,1.245,TP,7,1147.24
2022-08-30 23:00:00,2022-09-01 01:00:00,BUY,3986.3,3950.63,-11.52,-1.004,SL,24,1135.72
2022-09-01 13:00:00,2022-09-01 22:00:00,BUY,3928.3,3961.71,14.13,1.244,TP,9,1149.85
2022-09-05 07:00:00,2022-09-06 12:00:00,BUY,3932.5,3948.9,5.48,0.477,TIME,24,1155.33
2022-09-07 02:00:00,2022-09-07 18:00:00,BUY,3906.2,3947.05,14.39,1.245,TP,16,1169.72
2022-09-09 09:00:00,2022-09-09 17:00:00,BUY,4016.4,4048.11,14.55,1.244,TP,8,1184.27
2022-09-12 06:00:00,2022-09-12 12:00:00,BUY,4066.3,4094.4,14.72,1.243,TP,6,1199.0
2022-09-14 07:00:00,2022-09-15 08:00:00,BUY,3940.3,3946.8,2.6,0.217,TIME,24,1201.6
2022-09-19 13:00:00,2022-09-19 17:00:00,BUY,3840.9,3873.12,14.95,1.244,TP,4,1216.55
2022-09-20 06:00:00,2022-09-20 12:00:00,BUY,3909.1,3882.8,-12.24,-1.006,SL,6,1204.31
2022-09-21 09:00:00,2022-09-21 16:00:00,BUY,3847.2,3879.52,14.98,1.244,TP,7,1219.3
2022-09-22 05:00:00,2022-09-23 06:00:00,BUY,3768.4,3750.6,-5.26,-0.431,TIME,24,1214.04
2022-09-23 18:00:00,2022-09-23 21:00:00,BUY,3682.05,3647.94,-12.19,-1.004,SL,3,1201.85
2022-09-26 10:00:00,2022-09-26 20:00:00,BUY,3685.8,3647.94,-12.07,-1.004,SL,10,1189.78
2022-09-27 09:00:00,2022-09-27 18:00:00,BUY,3690.3,3657.34,-11.95,-1.005,SL,9,1177.83
2022-09-28 07:00:00,2022-09-28 17:00:00,BUY,3626.2,3673.36,14.68,1.246,TP,10,1192.51
2022-10-03 02:00:00,2022-10-03 16:00:00,BUY,3573.1,3630.01,14.87,1.247,TP,14,1207.37
2022-10-04 05:00:00,2022-10-04 13:00:00,BUY,3698.2,3743.19,15.04,1.246,TP,8,1222.42
2022-10-07 07:00:00,2022-10-07 15:00:00,BUY,3734.3,3705.72,-12.29,-1.005,SL,8,1210.13
2022-10-10 08:00:00,2022-10-10 20:00:00,BUY,3621.0,3589.2,-12.16,-1.005,SL,12,1197.97
2022-10-11 09:00:00,2022-10-11 18:00:00,BUY,3584.0,3623.43,14.92,1.245,TP,9,1212.89
2022-10-13 20:00:00,2022-10-14 18:00:00,BUY,3666.45,3603.83,-12.16,-1.002,SL,21,1200.73
2022-10-17 07:00:00,2022-10-17 16:00:00,BUY,3603.3,3651.1,14.96,1.246,TP,9,1215.69
2022-10-20 14:00:00,2022-10-20 20:00:00,BUY,3704.4,3666.87,-12.21,-1.004,SL,6,1203.49
2022-10-21 16:00:00,2022-10-21 22:00:00,BUY,3701.45,3745.54,14.99,1.246,TP,6,1218.48
2022-10-24 11:00:00,2022-10-24 14:00:00,BUY,3738.4,3786.82,15.18,1.246,TP,3,1233.66
2022-10-26 20:00:00,2022-10-27 19:00:00,BUY,3848.25,3813.88,-12.39,-1.004,SL,22,1221.27
2022-10-28 08:00:00,2022-10-28 16:00:00,BUY,3781.0,3822.1,15.21,1.245,TP,8,1236.48
2022-10-31 16:00:00,2022-11-01 09:00:00,BUY,3863.75,3897.27,15.39,1.244,TP,16,1251.87
2022-11-01 21:00:00,2022-11-02 16:00:00,BUY,3863.65,3834.77,-12.58,-1.005,SL,18,1239.28
2022-11-03 05:00:00,2022-11-03 14:00:00,BUY,3764.0,3727.87,-12.44,-1.004,SL,9,1226.84
2022-11-04 03:00:00,2022-11-04 15:00:00,BUY,3717.4,3759.19,15.28,1.246,TP,12,1242.12
2022-11-07 04:00:00,2022-11-08 05:00:00,BUY,3764.2,3807.6,11.9,0.958,TIME,24,1254.02
2022-11-08 23:00:00,2022-11-09 17:00:00,BUY,3825.8,3788.17,-12.59,-1.004,SL,17,1241.43
2022-11-10 11:00:00,2022-11-10 15:00:00,BUY,3759.1,3789.7,15.44,1.244,TP,4,1256.87
2022-11-11 04:00:00,2022-11-14 05:00:00,BUY,3956.2,3984.2,9.06,0.721,TIME,24,1265.93
2022-11-15 02:00:00,2022-11-15 15:00:00,BUY,3964.3,4000.09,15.76,1.245,TP,13,1281.69
2022-11-16 04:00:00,2022-11-17 05:00:00,BUY,3987.4,3962.8,-8.9,-0.694,TIME,24,1272.79
2022-11-17 17:00:00,2022-11-17 19:00:00,BUY,3910.65,3946.17,15.84,1.245,TP,2,1288.63
2022-11-18 08:00:00,2022-11-18 12:00:00,BUY,3943.5,3973.62,16.03,1.244,TP,4,1304.66
2022-11-21 01:00:00,2022-11-21 18:00:00,BUY,3962.2,3933.51,-13.12,-1.005,SL,17,1291.54
2022-11-23 23:00:00,2022-11-25 05:00:00,BUY,4033.2,4036.0,1.46,0.113,TIME,24,1293.01
2022-11-25 17:00:00,2022-11-28 01:00:00,BUY,4031.45,4014.65,-18.16,-1.404,SL,4,1274.85
2022-11-28 13:00:00,2022-11-28 19:00:00,BUY,3997.0,3981.24,-12.87,-1.01,SL,6,1261.98
2022-11-29 08:00:00,2022-11-29 15:00:00,BUY,3976.9,3961.68,-12.75,-1.01,SL,7,1249.23
2022-11-30 05:00:00,2022-11-30 17:00:00,BUY,3960.8,3942.23,-12.59,-1.008,SL,12,1236.64
2022-12-02 01:00:00,2022-12-02 15:00:00,BUY,4073.8,4045.58,-12.43,-1.005,SL,14,1224.21
2022-12-05 15:00:00,2022-12-05 17:00:00,BUY,4042.9,4021.25,-12.33,-1.007,SL,2,1211.88
2022-12-06 06:00:00,2022-12-06 16:00:00,BUY,4002.9,3982.49,-12.21,-1.007,SL,10,1199.67
2022-12-07 05:00:00,2022-12-07 12:00:00,BUY,3950.1,3928.38,-12.08,-1.007,SL,7,1187.59
2022-12-08 07:00:00,2022-12-08 15:00:00,BUY,3931.2,3959.25,14.77,1.243,TP,8,1202.36
2022-12-09 22:00:00,2022-12-12 22:00:00,BUY,3933.95,3971.18,14.97,1.245,TP,23,1217.33
2022-12-13 11:00:00,2022-12-13 15:00:00,BUY,3997.7,4018.64,15.11,1.241,TP,4,1232.44
2022-12-14 23:00:00,2022-12-15 10:00:00,BUY,4004.8,3962.31,-12.37,-1.004,SL,10,1220.07
2022-12-15 22:00:00,2022-12-16 10:00:00,BUY,3898.15,3862.5,-12.25,-1.004,SL,11,1207.82
2022-12-16 22:00:00,2022-12-19 21:00:00,BUY,3848.95,3812.22,-12.13,-1.004,SL,22,1195.69
2022-12-20 10:00:00,2022-12-21 11:00:00,BUY,3814.0,3846.8,13.97,1.168,TIME,24,1209.65
2022-12-23 02:00:00,2022-12-27 01:00:00,BUY,3814.3,3862.35,20.3,1.678,TP,22,1229.95
2022-12-27 13:00:00,2022-12-27 15:00:00,BUY,3869.0,3849.54,-12.4,-1.008,SL,2,1217.56
2022-12-28 04:00:00,2022-12-28 18:00:00,BUY,3830.5,3807.28,-12.25,-1.007,SL,14,1205.3
2022-12-29 07:00:00,2022-12-29 15:00:00,BUY,3785.1,3809.88,14.98,1.242,TP,8,1220.28
2022-12-30 22:00:00,2023-01-03 10:00:00,BUY,3838.15,3869.98,15.18,1.244,TP,11,1235.46
2023-01-03 22:00:00,2023-01-04 18:00:00,BUY,3823.15,3869.16,15.39,1.246,TP,19,1250.85
2023-01-05 07:00:00,2023-01-05 16:00:00,BUY,3849.8,3822.5,-12.58,-1.006,SL,9,1238.28
2023-01-06 17:00:00,2023-01-09 12:00:00,BUY,3867.35,3911.87,15.43,1.246,TP,18,1253.7
2023-01-10 04:00:00,2023-01-10 17:00:00,BUY,3881.7,3912.31,15.59,1.244,TP,13,1269.3
2023-01-11 23:00:00,2023-01-12 15:00:00,BUY,3970.0,3949.25,-12.79,-1.007,SL,15,1256.51
2023-01-13 04:00:00,2023-01-13 14:00:00,BUY,3974.1,3945.99,-12.63,-1.005,SL,10,1243.88
2023-01-16 14:00:00,2023-01-17 17:00:00,BUY,3990.1,4011.56,15.44,1.241,TP,22,1259.32
2023-01-19 08:00:00,2023-01-19 13:00:00,BUY,3918.3,3899.06,-12.69,-1.008,SL,5,1246.63
2023-01-20 02:00:00,2023-01-20 20:00:00,BUY,3906.5,3937.92,15.51,1.244,TP,18,1262.14
2023-01-23 09:00:00,2023-01-23 16:00:00,BUY,3972.0,3993.06,15.67,1.241,TP,7,1277.8
2023-01-25 03:00:00,2023-01-25 15:00:00,BUY,3995.8,3970.81,-12.86,-1.006,SL,12,1264.95
2023-01-26 04:00:00,2023-01-26 16:00:00,BUY,4020.7,4049.3,15.73,1.243,TP,12,1280.68
2023-01-27 05:00:00,2023-01-27 17:00:00,BUY,4047.0,4074.0,15.92,1.243,TP,12,1296.6
2023-01-30 06:00:00,2023-01-30 10:00:00,BUY,4059.0,4039.19,-13.06,-1.008,SL,4,1283.53
2023-01-31 13:00:00,2023-01-31 15:00:00,BUY,4004.5,4030.01,15.95,1.243,TP,2,1299.48
2023-02-01 17:00:00,2023-02-01 21:00:00,BUY,4054.05,4078.26,16.14,1.242,TP,4,1315.63
2023-02-02 10:00:00,2023-02-02 17:00:00,BUY,4144.8,4176.31,16.37,1.244,TP,7,1331.99
2023-02-03 06:00:00,2023-02-03 15:00:00,BUY,4157.7,4126.62,-13.38,-1.005,SL,9,1318.61
2023-02-06 04:00:00,2023-02-07 05:00:00,BUY,4122.5,4118.6,-1.63,-0.124,TIME,24,1316.97
2023-02-07 17:00:00,2023-02-07 19:00:00,BUY,4099.45,4122.54,16.36,1.242,TP,2,1333.33
2023-02-08 19:00:00,2023-02-09 20:00:00,BUY,4130.65,4102.94,-13.41,-1.005,SL,24,1319.92
2023-02-10 22:00:00,2023-02-13 17:00:00,BUY,4090.15,4123.43,16.43,1.244,TP,18,1336.35
2023-02-14 06:00:00,2023-02-14 15:00:00,BUY,4133.4,4154.29,16.59,1.241,TP,9,1352.93
2023-02-16 18:00:00,2023-02-16 22:00:00,BUY,4122.55,4097.36,-13.61,-1.006,SL,4,1339.32
2023-02-17 23:00:00,2023-02-21 05:00:00,BUY,4077.5,4061.3,-8.65,-0.646,TIME,24,1330.67
2023-02-21 17:00:00,2023-02-21 20:00:00,BUY,4020.15,4001.38,-13.41,-1.008,SL,3,1317.26
2023-02-22 09:00:00,2023-02-22 13:00:00,BUY,4004.2,3990.09,-13.31,-1.011,SL,4,1303.94
2023-02-23 02:00:00,2023-02-23 18:00:00,BUY,4003.5,3981.02,-13.13,-1.007,SL,16,1290.82
2023-02-24 15:00:00,2023-02-27 10:00:00,BUY,3961.7,3986.35,16.04,1.242,TP,18,1306.85
2023-02-27 22:00:00,2023-02-28 23:00:00,BUY,3982.75,3963.5,-10.41,-0.797,TIME,24,1296.44
2023-03-01 23:00:00,2023-03-02 03:00:00,BUY,3956.85,3933.36,-13.05,-1.006,SL,3,1283.4
2023-03-02 15:00:00,2023-03-02 20:00:00,BUY,3927.5,3952.8,15.95,1.243,TP,5,1299.34
2023-03-03 20:00:00,2023-03-06 15:00:00,BUY,4033.05,4058.9,16.15,1.243,TP,18,1315.49
2023-03-07 23:00:00,2023-03-09 01:00:00,BUY,3987.2,3990.7,2.1,0.16,TIME,24,1317.59
2023-03-09 13:00:00,2023-03-09 16:00:00,BUY,3985.0,4004.61,16.34,1.241,TP,3,1333.94
2023-03-10 09:00:00,2023-03-10 15:00:00,BUY,3894.5,3924.35,16.59,1.244,TP,6,1350.53
2023-03-13 09:00:00,2023-03-13 11:00:00,BUY,3934.6,3893.76,-13.56,-1.004,SL,2,1336.97
2023-03-13 23:00:00,2023-03-14 18:00:00,BUY,3863.5,3934.18,16.68,1.247,TP,18,1353.65
2023-03-15 15:00:00,2023-03-15 21:00:00,BUY,3843.5,3890.53,16.87,1.246,TP,6,1370.52
2023-03-16 10:00:00,2023-03-16 16:00:00,BUY,3906.9,3873.41,-13.77,-1.004,SL,6,1356.75
2023-03-17 13:00:00,2023-03-17 15:00:00,BUY,3957.1,3933.01,-13.65,-1.006,SL,2,1343.1
2023-03-20 04:00:00,2023-03-20 09:00:00,BUY,3930.3,3895.41,-13.49,-1.004,SL,5,1329.61
2023-03-21 11:00:00,2023-03-21 16:00:00,BUY,3963.4,3992.15,16.53,1.244,TP,5,1346.14
2023-03-22 18:00:00,2023-03-22 21:00:00,BUY,4004.55,4027.44,16.72,1.242,TP,3,1362.86
2023-03-23 10:00:00,2023-03-23 17:00:00,BUY,3964.1,3992.48,16.95,1.243,TP,7,1379.8
2023-03-24 11:00:00,2023-03-24 13:00:00,BUY,3941.1,3912.33,-13.87,-1.005,SL,2,1365.93
2023-03-27 13:00:00,2023-03-28 14:00:00,BUY,3994.4,3975.1,-9.9,-0.725,TIME,24,1356.03
2023-03-29 20:00:00,2023-03-30 08:00:00,BUY,4010.55,4030.81,16.83,1.241,TP,11,1372.86
2023-03-30 20:00:00,2023-03-31 03:00:00,BUY,4037.75,4058.61,17.04,1.241,TP,6,1389.9
2023-03-31 15:00:00,2023-03-31 18:00:00,BUY,4061.7,4078.78,17.22,1.239,TP,3,1407.12
2023-04-03 10:00:00,2023-04-03 17:00:00,BUY,4105.9,4124.52,17.45,1.24,TP,7,1424.57
2023-04-05 13:00:00,2023-04-05 17:00:00,BUY,4095.0,4081.07,-14.4,-1.011,SL,4,1410.17
2023-04-06 09:00:00,2023-04-06 16:00:00,BUY,4085.3,4072.63,-14.27,-1.012,SL,7,1395.9
2023-04-10 10:00:00,2023-04-10 15:00:00,BUY,4102.4,4090.57,-14.14,-1.013,SL,5,1381.76
2023-04-12 18:00:00,2023-04-12 22:00:00,BUY,4116.35,4093.96,-13.91,-1.007,SL,4,1367.85
2023-04-13 14:00:00,2023-04-13 17:00:00,BUY,4092.1,4112.09,16.97,1.241,TP,3,1384.82
2023-04-14 06:00:00,2023-04-14 17:00:00,BUY,4145.4,4130.12,-13.99,-1.01,SL,11,1370.83
2023-04-17 13:00:00,2023-04-17 18:00:00,BUY,4142.0,4127.38,-13.85,-1.01,SL,5,1356.98
2023-04-19 10:00:00,2023-04-19 12:00:00,BUY,4141.9,4130.01,-13.74,-1.013,SL,2,1343.24
2023-04-20 01:00:00,2023-04-20 10:00:00,BUY,4145.0,4130.08,-13.57,-1.01,SL,9,1329.67
2023-04-21 04:00:00,2023-04-21 17:00:00,BUY,4132.6,4116.07,-13.42,-1.009,SL,13,1316.25
2023-04-24 06:00:00,2023-04-24 16:00:00,BUY,4121.8,4139.35,16.31,1.239,TP,10,1332.56
2023-04-25 05:00:00,2023-04-25 10:00:00,BUY,4129.2,4116.54,-13.49,-1.012,SL,5,1319.08
2023-04-25 22:00:00,2023-04-26 01:00:00,BUY,4072.65,4095.14,16.38,1.242,TP,2,1335.46
2023-04-26 14:00:00,2023-04-26 21:00:00,BUY,4075.4,4057.6,-13.47,-1.008,SL,7,1321.99
2023-04-28 02:00:00,2023-04-28 17:00:00,BUY,4129.2,4153.25,16.42,1.242,TP,15,1338.41
2023-05-01 06:00:00,2023-05-02 07:00:00,BUY,4171.8,4164.8,-5.3,-0.396,TIME,24,1333.11
2023-05-02 19:00:00,2023-05-03 16:00:00,BUY,4106.95,4133.5,16.57,1.243,TP,20,1349.68
2023-05-04 22:00:00,2023-05-05 16:00:00,BUY,4062.75,4099.02,16.8,1.245,TP,17,1366.48
2023-05-08 05:00:00,2023-05-09 06:00:00,BUY,4134.6,4135.6,0.72,0.052,TIME,24,1367.2
2023-05-09 18:00:00,2023-05-10 11:00:00,BUY,4120.25,4107.93,-13.84,-1.012,SL,16,1353.36
2023-05-12 11:00:00,2023-05-12 17:00:00,BUY,4147.6,4132.04,-13.67,-1.01,SL,6,1339.69
2023-05-15 20:00:00,2023-05-16 21:00:00,BUY,4130.65,4124.05,-4.77,-0.356,TIME,24,1334.93
2023-05-17 10:00:00,2023-05-17 18:00:00,BUY,4114.9,4130.92,16.53,1.238,TP,8,1351.46
2023-05-18 15:00:00,2023-05-18 17:00:00,BUY,4150.2,4167.14,16.74,1.239,TP,2,1368.21
2023-05-19 06:00:00,2023-05-19 18:00:00,BUY,4205.7,4187.19,-13.79,-1.008,SL,12,1354.41
2023-05-22 07:00:00,2023-05-23 08:00:00,BUY,4192.0,4198.2,5.51,0.407,TIME,24,1359.92
2023-05-24 14:00:00,2023-05-24 17:00:00,BUY,4129.4,4112.94,-13.72,-1.009,SL,3,1346.2
2023-05-25 06:00:00,2023-05-25 21:00:00,BUY,4130.3,4157.94,16.74,1.243,TP,15,1362.94
2023-05-26 19:00:00,2023-05-30 01:00:00,BUY,4202.75,4217.3,8.18,0.6,TIME,24,1371.11
2023-05-31 17:00:00,2023-05-31 22:00:00,BUY,4172.15,4193.22,17.02,1.241,TP,5,1388.13
2023-06-01 11:00:00,2023-06-01 16:00:00,BUY,4190.9,4174.76,-14.01,-1.009,SL,5,1374.12
2023-06-02 05:00:00,2023-06-02 12:00:00,BUY,4224.0,4243.26,17.04,1.24,TP,7,1391.16
2023-06-05 01:00:00,2023-06-05 21:00:00,BUY,4286.3,4267.8,-14.03,-1.008,SL,20,1377.14
2023-06-06 10:00:00,2023-06-06 16:00:00,BUY,4275.4,4261.77,-13.92,-1.011,SL,6,1363.21
2023-06-07 10:00:00,2023-06-07 16:00:00,BUY,4277.9,4293.89,16.88,1.238,TP,6,1380.09
2023-06-08 05:00:00,2023-06-08 18:00:00,BUY,4267.3,4284.18,17.1,1.239,TP,13,1397.19
2023-06-09 09:00:00,2023-06-09 16:00:00,BUY,4288.0,4301.77,17.28,1.237,TP,7,1414.47
2023-06-14 18:00:00,2023-06-14 21:00:00,BUY,4383.85,4368.48,-14.28,-1.01,SL,3,1400.19
2023-06-15 10:00:00,2023-06-15 14:00:00,BUY,4368.0,4351.73,-14.13,-1.009,SL,4,1386.05
2023-06-16 13:00:00,2023-06-16 16:00:00,BUY,4425.9,4446.03,17.2,1.241,TP,3,1403.25
2023-06-19 05:00:00,2023-06-20 10:00:00,BUY,4409.5,4391.16,-14.15,-1.008,SL,24,1389.1
2023-06-21 17:00:00,2023-06-22 09:00:00,BUY,4369.45,4354.05,-14.03,-1.01,SL,15,1375.08
2023-06-22 21:00:00,2023-06-23 07:00:00,BUY,4380.55,4362.39,-13.87,-1.008,SL,9,1361.21
2023-06-23 19:00:00,2023-06-23 22:00:00,BUY,4361.85,4344.21,-13.73,-1.009,SL,3,1347.48
2023-06-26 11:00:00,2023-06-26 16:00:00,BUY,4338.0,4357.94,16.72,1.241,TP,5,1364.2
2023-06-27 05:00:00,2023-06-27 18:00:00,BUY,4339.0,4359.22,16.93,1.241,TP,13,1381.13
2023-06-28 07:00:00,2023-06-28 19:00:00,BUY,4369.8,4386.32,17.11,1.239,TP,12,1398.23
2023-06-29 22:00:00,2023-06-30 15:00:00,BUY,4397.85,4420.35,17.36,1.242,TP,16,1415.6
2023-07-03 04:00:00,2023-07-04 08:00:00,BUY,4449.4,4453.5,3.85,0.272,TIME,24,1419.44
2023-07-05 05:00:00,2023-07-05 09:00:00,BUY,4452.7,4446.31,-14.54,-1.024,SL,4,1404.91
2023-07-05 21:00:00,2023-07-06 06:00:00,BUY,4450.45,4438.3,-14.22,-1.013,SL,8,1390.68
2023-07-06 20:00:00,2023-07-07 19:00:00,BUY,4410.95,4430.56,17.25,1.241,TP,22,1407.94
2023-07-10 08:00:00,2023-07-10 15:00:00,BUY,4380.3,4402.59,17.48,1.242,TP,7,1425.42
2023-07-11 04:00:00,2023-07-11 19:00:00,BUY,4410.1,4429.05,17.83,1.251,TP,15,1443.25
2023-07-12 08:00:00,2023-07-12 15:00:00,BUY,4442.1,4457.77,17.87,1.238,TP,7,1461.12
2023-07-13 04:00:00,2023-07-13 16:00:00,BUY,4479.2,4497.74,18.12,1.24,TP,12,1479.24
2023-07-14 05:00:00,2023-07-14 16:00:00,BUY,4507.9,4522.39,18.3,1.237,TP,11,1497.54
2023-07-17 05:00:00,2023-07-17 18:00:00,BUY,4501.2,4516.7,18.54,1.238,TP,13,1516.08
2023-07-19 20:00:00,2023-07-20 16:00:00,BUY,4564.85,4549.85,-15.31,-1.01,SL,19,1500.77
2023-07-21 05:00:00,2023-07-21 16:00:00,BUY,4541.1,4558.6,18.6,1.239,TP,11,1519.37
2023-07-26 14:00:00,2023-07-26 21:00:00,BUY,4562.5,4550.87,-15.39,-1.013,SL,7,1503.97
2023-07-27 15:00:00,2023-07-27 17:00:00,BUY,4602.5,4588.63,-15.2,-1.011,SL,2,1488.77
2023-07-28 14:00:00,2023-07-28 18:00:00,BUY,4562.7,4586.32,18.49,1.242,TP,4,1507.26
2023-08-02 04:00:00,2023-08-02 09:00:00,BUY,4567.9,4551.83,-15.21,-1.009,SL,5,1492.05
2023-08-02 23:00:00,2023-08-03 10:00:00,BUY,4511.5,4490.55,-15.03,-1.007,SL,10,1477.02
2023-08-03 22:00:00,2023-08-04 16:00:00,BUY,4499.35,4527.51,18.36,1.243,TP,17,1495.38
2023-08-07 12:00:00,2023-08-07 22:00:00,BUY,4495.7,4519.77,18.58,1.242,TP,10,1513.96
2023-08-08 11:00:00,2023-08-08 14:00:00,BUY,4504.8,4489.07,-15.29,-1.01,SL,3,1498.67
2023-08-09 03:00:00,2023-08-09 17:00:00,BUY,4501.5,4483.78,-15.11,-1.009,SL,14,1483.56
2023-08-11 16:00:00,2023-08-14 10:00:00,BUY,4450.65,4477.66,18.44,1.243,TP,17,1502.0
2023-08-14 22:00:00,2023-08-15 11:00:00,BUY,4491.15,4467.73,-15.12,-1.006,SL,12,1486.89
2023-08-15 23:00:00,2023-08-16 22:00:00,BUY,4437.4,4414.58,-14.97,-1.007,SL,22,1471.92
2023-08-17 11:00:00,2023-08-17 21:00:00,BUY,4409.5,4391.52,-14.84,-1.008,SL,10,1457.08
2023-08-18 20:00:00,2023-08-21 14:00:00,BUY,4365.65,4393.77,18.12,1.243,TP,17,1475.19
2023-08-22 03:00:00,2023-08-22 14:00:00,BUY,4395.5,4420.75,18.33,1.243,TP,11,1493.52
2023-08-24 12:00:00,2023-08-24 17:00:00,BUY,4454.6,4436.83,-15.06,-1.009,SL,5,1478.46
2023-08-25 22:00:00,2023-08-28 23:00:00,BUY,4405.95,4435.1,13.29,0.899,TIME,24,1491.75
2023-08-30 18:00:00,2023-08-31 19:00:00,BUY,4516.35,4513.55,-2.05,-0.138,TIME,24,1489.69
2023-09-01 08:00:00,2023-09-01 15:00:00,BUY,4512.8,4528.12,18.44,1.238,TP,7,1508.13
2023-09-06 08:00:00,2023-09-06 10:00:00,BUY,4495.0,4482.63,-15.27,-1.012,SL,2,1492.87
2023-09-06 22:00:00,2023-09-07 11:00:00,BUY,4465.65,4447.22,-15.05,-1.008,SL,12,1477.82
2023-09-07 23:00:00,2023-09-11 01:00:00,BUY,4453.4,4461.7,6.42,0.434,TIME,24,1484.23
2023-09-11 13:00:00,2023-09-12 14:00:00,BUY,4478.3,4472.2,-6.77,-0.456,TIME,24,1477.47
2023-09-13 03:00:00,2023-09-13 15:00:00,BUY,4462.6,4448.98,-14.94,-1.011,SL,12,1462.53
2023-09-14 17:00:00,2023-09-15 16:00:00,BUY,4496.65,4478.8,-14.75,-1.008,SL,22,1447.78
2023-09-18 16:00:00,2023-09-18 19:00:00,BUY,4447.15,4464.99,17.95,1.24,TP,3,1465.73
2023-09-19 08:00:00,2023-09-19 16:00:00,BUY,4451.3,4440.39,-14.86,-1.014,SL,8,1450.86
2023-09-20 05:00:00,2023-09-20 15:00:00,BUY,4440.2,4456.23,17.97,1.238,TP,10,1468.83
2023-09-21 13:00:00,2023-09-21 15:00:00,BUY,4374.8,4359.29,-14.83,-1.01,SL,2,1454.0
2023-09-22 04:00:00,2023-09-22 18:00:00,BUY,4331.8,4355.08,18.06,1.242,TP,14,1472.06
2023-09-25 07:00:00,2023-09-25 11:00:00,BUY,4332.1,4314.67,-14.85,-1.009,SL,4,1457.21
2023-09-26 20:00:00,2023-09-27 19:00:00,BUY,4282.75,4259.35,-14.67,-1.006,SL,22,1442.54
2023-10-02 15:00:00,2023-10-03 15:00:00,BUY,4279.7,4258.34,-14.53,-1.007,SL,23,1428.02
2023-10-04 04:00:00,2023-10-04 18:00:00,BUY,4217.7,4250.01,17.77,1.244,TP,14,1445.78
2023-10-06 23:00:00,2023-10-09 01:00:00,BUY,4311.7,4278.35,-14.52,-1.005,SL,1,1431.26
2023-10-11 14:00:00,2023-10-11 18:00:00,BUY,4372.1,4358.02,-14.47,-1.011,SL,4,1416.79
2023-10-12 07:00:00,2023-10-12 15:00:00,BUY,4390.6,4376.47,-14.32,-1.011,SL,8,1402.47
2023-10-13 04:00:00,2023-10-13 13:00:00,BUY,4355.1,4335.4,-14.13,-1.008,SL,9,1388.34
2023-10-18 16:00:00,2023-10-18 19:00:00,BUY,4352.45,4333.06,-13.99,-1.008,SL,3,1374.35
2023-10-19 08:00:00,2023-10-19 19:00:00,BUY,4305.5,4331.68,17.08,1.243,TP,11,1391.43
2023-10-20 11:00:00,2023-10-20 17:00:00,BUY,4274.8,4250.46,-14.0,-1.006,SL,6,1377.43
2023-10-23 14:00:00,2023-10-23 18:00:00,BUY,4205.2,4234.25,17.13,1.244,TP,4,1394.56
2023-10-25 17:00:00,2023-10-25 20:00:00,BUY,4212.65,4189.84,-14.04,-1.007,SL,3,1380.52
2023-10-27 08:00:00,2023-10-27 16:00:00,BUY,4162.9,4138.35,-13.89,-1.006,SL,8,1366.63
2023-11-02 11:00:00,2023-11-02 15:00:00,BUY,4258.1,4278.88,16.96,1.241,TP,4,1383.59
2023-11-03 04:00:00,2023-11-03 15:00:00,BUY,4315.0,4337.09,17.18,1.242,TP,11,1400.77
2023-11-10 05:00:00,2023-11-10 16:00:00,BUY,4349.1,4369.12,17.38,1.241,TP,11,1418.15
2023-11-23 01:00:00,2023-11-24 06:00:00,BUY,4553.0,4559.1,5.71,0.402,TIME,24,1423.86
2023-11-27 02:00:00,2023-11-27 18:00:00,BUY,4548.5,4558.75,17.54,1.232,TP,16,1441.4
2023-11-30 13:00:00,2023-11-30 16:00:00,BUY,4558.1,4546.51,-14.6,-1.013,SL,3,1426.8
2023-12-07 07:00:00,2023-12-07 15:00:00,BUY,4545.9,4561.21,17.66,1.238,TP,8,1444.46
2023-12-08 04:00:00,2023-12-08 15:00:00,BUY,4582.8,4569.63,-14.61,-1.012,SL,11,1429.85
2023-12-14 01:00:00,2023-12-14 20:00:00,BUY,4715.7,4695.56,-14.41,-1.008,SL,19,1415.44
2023-12-15 09:00:00,2023-12-15 15:00:00,BUY,4732.3,4717.04,-14.29,-1.01,SL,6,1401.15
2023-12-21 23:00:00,2023-12-26 01:00:00,BUY,4747.9,4760.6,8.36,0.597,TIME,24,1409.51
2023-12-28 08:00:00,2023-12-28 15:00:00,BUY,4792.6,4783.2,-14.32,-1.016,SL,7,1395.19
2023-12-29 04:00:00,2023-12-29 17:00:00,BUY,4789.5,4779.94,-14.17,-1.016,SL,13,1381.01
2024-01-02 15:00:00,2024-01-03 16:00:00,BUY,4737.4,4721.72,-13.94,-1.01,SL,24,1367.07
2024-01-04 05:00:00,2024-01-04 22:00:00,BUY,4708.2,4692.05,-13.8,-1.009,SL,17,1353.27
2024-01-05 12:00:00,2024-01-05 15:00:00,BUY,4679.9,4666.09,-13.68,-1.011,SL,3,1339.59
2024-01-08 04:00:00,2024-01-08 17:00:00,BUY,4697.2,4723.23,16.65,1.243,TP,13,1356.24
2024-01-09 06:00:00,2024-01-09 13:00:00,BUY,4758.6,4744.01,-13.7,-1.01,SL,7,1342.53
2024-01-10 23:00:00,2024-01-11 17:00:00,BUY,4783.5,4764.63,-13.53,-1.008,SL,17,1329.0
2024-01-16 09:00:00,2024-01-16 10:00:00,BUY,4764.5,4752.87,-13.46,-1.013,SL,1,1315.54
2024-01-17 06:00:00,2024-01-17 09:00:00,BUY,4757.9,4741.02,-13.27,-1.009,SL,3,1302.26
2024-01-17 21:00:00,2024-01-18 13:00:00,BUY,4730.35,4755.78,16.18,1.243,TP,15,1318.45
2024-01-19 02:00:00,2024-01-19 15:00:00,BUY,4784.1,4808.53,16.38,1.242,TP,13,1334.83
2024-01-25 04:00:00,2024-01-25 15:00:00,BUY,4868.6,4888.46,16.56,1.241,TP,11,1351.39
2024-01-29 05:00:00,2024-01-29 22:00:00,BUY,4885.5,4906.07,16.77,1.241,TP,17,1368.16
2024-02-01 20:00:00,2024-02-01 23:00:00,BUY,4887.55,4915.41,17.01,1.243,TP,3,1385.17
2024-02-02 18:00:00,2024-02-05 17:00:00,BUY,4950.85,4925.52,-13.93,-1.006,SL,22,1371.23
2024-02-12 03:00:00,2024-02-12 18:00:00,BUY,5026.4,5040.97,16.97,1.237,TP,15,1388.2
2024-02-13 21:00:00,2024-02-13 23:00:00,BUY,4926.45,4955.86,17.26,1.244,TP,2,1405.46
2024-02-15 02:00:00,2024-02-15 20:00:00,BUY,4999.3,5026.38,17.47,1.243,TP,18,1422.93
2024-02-16 15:00:00,2024-02-16 16:00:00,BUY,5025.5,5010.71,-14.38,-1.01,SL,1,1408.56
2024-02-21 15:00:00,2024-02-21 21:00:00,BUY,4964.2,4950.14,-14.24,-1.011,SL,6,1394.32
2024-02-22 18:00:00,2024-02-22 21:00:00,BUY,5062.75,5090.11,17.33,1.243,TP,3,1411.66
2024-02-23 10:00:00,2024-02-23 16:00:00,BUY,5084.0,5102.69,17.51,1.24,TP,6,1429.16
2024-02-26 05:00:00,2024-02-27 02:00:00,BUY,5080.5,5064.28,-14.42,-1.009,SL,20,1414.74
2024-03-06 19:00:00,2024-03-06 20:00:00,BUY,5121.25,5103.23,-14.27,-1.008,SL,1,1400.47
2024-03-08 03:00:00,2024-03-08 16:00:00,BUY,5156.4,5181.88,17.4,1.243,TP,13,1417.87
2024-03-15 16:00:00,2024-03-18 13:00:00,BUY,5117.45,5142.8,17.62,1.243,TP,20,1435.49
2024-03-21 22:00:00,2024-03-22 22:00:00,BUY,5243.14,5232.97,-9.28,-0.647,TIME,24,1426.21
2024-04-02 18:00:00,2024-04-03 17:00:00,BUY,5191.83,5213.69,17.71,1.241,TP,23,1443.92
2024-04-04 18:00:00,2024-04-04 20:00:00,BUY,5252.87,5237.65,-14.58,-1.01,SL,2,1429.33
2024-04-05 21:00:00,2024-04-08 22:00:00,BUY,5198.18,5207.55,4.24,0.297,TIME,24,1433.57
2024-04-10 19:00:00,2024-04-11 19:00:00,BUY,5160.71,5169.92,4.07,0.284,TIME,24,1437.64
2024-04-15 22:00:00,2024-04-16 23:00:00,BUY,5061.54,5053.05,-3.35,-0.233,TIME,24,1434.29
2024-04-17 22:00:00,2024-04-18 23:00:00,BUY,5020.47,5007.92,-5.18,-0.361,TIME,24,1429.11
2024-04-22 06:00:00,2024-04-22 20:00:00,BUY,4979.09,5016.54,17.79,1.245,TP,14,1446.9
2024-04-23 16:00:00,2024-04-23 23:00:00,BUY,5047.45,5076.92,17.99,1.244,TP,7,1464.9
2024-04-24 11:00:00,2024-04-24 18:00:00,BUY,5078.76,5062.63,-14.79,-1.009,SL,7,1450.11
2024-04-25 06:00:00,2024-04-25 15:00:00,BUY,5040.25,5018.8,-14.6,-1.007,SL,9,1435.51
2024-04-26 03:00:00,2024-04-29 04:00:00,BUY,5087.02,5114.41,13.03,0.908,TIME,24,1448.54
2024-05-01 12:00:00,2024-05-01 21:00:00,BUY,5014.3,5038.5,18.0,1.242,TP,9,1466.53
2024-05-02 09:00:00,2024-05-02 17:00:00,BUY,5040.06,5016.27,-14.76,-1.006,SL,8,1451.77
2024-05-03 14:00:00,2024-05-03 15:00:00,BUY,5079.16,5100.61,18.02,1.241,TP,1,1469.79
2024-05-08 06:00:00,2024-05-08 15:00:00,BUY,5188.22,5176.77,-14.89,-1.013,SL,9,1454.9
2024-05-09 13:00:00,2024-05-09 16:00:00,BUY,5177.06,5190.15,17.98,1.236,TP,3,1472.88
2024-05-10 04:00:00,2024-05-10 12:00:00,BUY,5216.83,5232.34,18.23,1.238,TP,8,1491.12
2024-05-14 22:00:00,2024-05-15 15:00:00,BUY,5246.54,5267.77,18.51,1.241,TP,17,1509.62
2024-05-16 22:00:00,2024-05-17 22:00:00,BUY,5297.91,5305.53,6.9,0.457,TIME,24,1516.53
2024-05-22 22:00:00,2024-05-22 23:00:00,BUY,5310.61,5293.96,-15.3,-1.009,SL,1,1501.22
2024-05-23 12:00:00,2024-05-23 16:00:00,BUY,5337.34,5322.33,-15.16,-1.01,SL,4,1486.06
2024-05-24 08:00:00,2024-05-24 17:00:00,BUY,5275.31,5296.24,18.44,1.241,TP,9,1504.5
2024-05-27 06:00:00,2024-05-28 01:00:00,BUY,5302.36,5320.97,19.48,1.295,TP,14,1523.98
2024-05-29 22:00:00,2024-05-30 01:00:00,BUY,5274.15,5254.88,-15.36,-1.008,SL,2,1508.62
2024-05-30 16:00:00,2024-05-30 17:00:00,BUY,5257.78,5242.2,-15.23,-1.01,SL,1,1493.39
2024-05-31 16:00:00,2024-05-31 17:00:00,BUY,5241.64,5220.98,-15.04,-1.007,SL,1,1478.35
2024-06-03 06:00:00,2024-06-03 17:00:00,BUY,5297.57,5271.81,-14.87,-1.006,SL,11,1463.48
2024-06-04 06:00:00,2024-06-04 11:00:00,BUY,5289.62,5267.45,-14.73,-1.007,SL,5,1448.74
2024-06-04 23:00:00,2024-06-05 18:00:00,BUY,5295.37,5327.84,18.03,1.244,TP,19,1466.77
2024-06-06 20:00:00,2024-06-06 21:00:00,BUY,5352.66,5338.0,-14.82,-1.01,SL,1,1451.95
2024-06-07 09:00:00,2024-06-07 14:00:00,BUY,5361.39,5351.13,-14.73,-1.015,SL,5,1437.21
2024-06-10 03:00:00,2024-06-11 03:00:00,BUY,5348.63,5358.54,6.6,0.46,TIME,24,1443.82
2024-06-13 08:00:00,2024-06-13 17:00:00,BUY,5432.89,5417.15,-14.58,-1.01,SL,9,1429.24
2024-06-14 12:00:00,2024-06-14 14:00:00,BUY,5409.36,5393.29,-14.43,-1.009,SL,2,1414.81
2024-06-17 05:00:00,2024-06-17 19:00:00,BUY,5431.83,5451.47,17.55,1.241,TP,14,1432.37
2024-06-20 04:00:00,2024-06-20 08:00:00,BUY,5499.86,5509.39,17.63,1.231,TP,4,1449.99
2024-06-20 20:00:00,2024-06-21 16:00:00,BUY,5476.61,5458.39,-14.62,-1.008,SL,20,1435.37
2024-06-24 05:00:00,2024-06-24 17:00:00,BUY,5460.47,5482.63,17.82,1.242,TP,12,1453.19
2024-06-25 06:00:00,2024-06-26 06:00:00,BUY,5460.16,5476.43,14.26,0.982,TIME,24,1467.46
2024-06-26 18:00:00,2024-06-27 03:00:00,BUY,5477.34,5460.0,-14.8,-1.009,SL,9,1452.66
2024-06-27 15:00:00,2024-06-28 04:00:00,BUY,5480.45,5497.33,18.0,1.239,TP,13,1470.65
2024-06-28 20:00:00,2024-06-28 22:00:00,BUY,5479.96,5460.04,-14.82,-1.008,SL,2,1455.84
2024-07-01 11:00:00,2024-07-01 17:00:00,BUY,5466.6,5448.91,-14.68,-1.009,SL,6,1441.15
2024-07-02 05:00:00,2024-07-02 14:00:00,BUY,5463.52,5445.91,-14.54,-1.009,SL,9,1426.62
2024-07-03 03:00:00,2024-07-03 19:00:00,BUY,5507.65,5529.82,17.71,1.242,TP,16,1444.33
2024-07-05 05:00:00,2024-07-05 15:00:00,BUY,5536.03,5545.32,17.77,1.23,TP,10,1462.1
2024-07-09 21:00:00,2024-07-10 17:00:00,BUY,5579.49,5594.54,18.1,1.238,TP,20,1480.19
2024-07-11 18:00:00,2024-07-12 17:00:00,BUY,5587.72,5612.6,18.39,1.243,TP,23,1498.59
2024-07-15 06:00:00,2024-07-15 17:00:00,BUY,5626.89,5652.31,18.62,1.243,TP,11,1517.21
2024-07-17 09:00:00,2024-07-17 11:00:00,BUY,5645.45,5629.72,-15.32,-1.01,SL,2,1501.89
2024-07-17 23:00:00,2024-07-18 18:00:00,BUY,5596.57,5573.22,-15.12,-1.006,SL,19,1486.77
2024-07-22 17:00:00,2024-07-22 18:00:00,BUY,5558.55,5531.93,-14.95,-1.006,SL,1,1471.82
2024-07-23 06:00:00,2024-07-23 17:00:00,BUY,5557.99,5584.2,18.29,1.243,TP,11,1490.11
2024-07-24 05:00:00,2024-07-24 11:00:00,BUY,5538.1,5515.56,-15.0,-1.007,SL,6,1475.11
2024-07-25 11:00:00,2024-07-25 17:00:00,BUY,5435.61,5409.04,-14.83,-1.006,SL,6,1460.28
2024-07-26 05:00:00,2024-07-26 18:00:00,BUY,5421.05,5463.7,18.19,1.246,TP,13,1478.47
2024-07-29 07:00:00,2024-07-29 18:00:00,BUY,5485.8,5459.3,-14.87,-1.006,SL,11,1463.6
2024-07-30 06:00:00,2024-07-30 16:00:00,BUY,5453.97,5483.41,18.2,1.244,TP,10,1481.8
2024-07-31 05:00:00,2024-07-31 15:00:00,BUY,5457.24,5498.16,18.45,1.245,TP,10,1500.26
2024-08-01 04:00:00,2024-08-01 17:00:00,BUY,5548.96,5514.43,-15.07,-1.004,SL,13,1485.19
2024-08-02 05:00:00,2024-08-02 15:00:00,BUY,5402.31,5356.71,-14.9,-1.003,SL,10,1470.29
2024-08-06 11:00:00,2024-08-06 21:00:00,BUY,5228.5,5305.08,18.34,1.248,TP,10,1488.63
2024-08-08 03:00:00,2024-08-08 16:00:00,BUY,5183.3,5253.68,18.57,1.247,TP,13,1507.2
2024-08-09 14:00:00,2024-08-12 15:00:00,BUY,5323.2,5356.4,12.87,0.854,TIME,24,1520.06
2024-08-13 04:00:00,2024-08-13 16:00:00,BUY,5347.7,5385.61,18.93,1.245,TP,12,1538.99
2024-08-14 05:00:00,2024-08-14 19:00:00,BUY,5431.8,5462.23,19.14,1.244,TP,14,1558.13
2024-08-19 12:00:00,2024-08-19 17:00:00,BUY,5553.5,5576.39,19.35,1.242,TP,5,1577.48
2024-08-23 07:00:00,2024-08-23 17:00:00,BUY,5592.1,5618.2,19.61,1.243,TP,10,1597.09
2024-08-26 06:00:00,2024-08-26 20:00:00,BUY,5627.9,5603.2,-16.07,-1.006,SL,14,1581.02
2024-08-27 09:00:00,2024-08-27 15:00:00,BUY,5619.0,5600.17,-15.94,-1.008,SL,6,1565.08
2024-08-28 06:00:00,2024-08-28 17:00:00,BUY,5625.3,5606.58,-15.78,-1.008,SL,11,1549.31
2024-08-29 06:00:00,2024-08-29 12:00:00,BUY,5573.0,5607.56,19.28,1.245,TP,6,1568.59
2024-08-30 01:00:00,2024-08-30 22:00:00,BUY,5599.7,5640.85,19.54,1.245,TP,21,1588.12
2024-09-02 17:00:00,2024-09-03 06:00:00,BUY,5652.4,5634.08,-16.01,-1.008,SL,8,1572.11
2024-09-03 23:00:00,2024-09-05 01:00:00,BUY,5524.9,5517.9,-3.49,-0.222,TIME,24,1568.62
2024-09-06 17:00:00,2024-09-06 23:00:00,BUY,5429.6,5386.97,-15.74,-1.004,SL,6,1552.88
2024-09-09 19:00:00,2024-09-09 21:00:00,BUY,5481.6,5448.57,-15.6,-1.005,SL,2,1537.28
2024-09-10 10:00:00,2024-09-10 18:00:00,BUY,5477.1,5451.59,-15.46,-1.006,SL,8,1521.82
2024-09-12 17:00:00,2024-09-12 20:00:00,BUY,5551.7,5589.66,18.95,1.245,TP,3,1540.76
2024-09-13 15:00:00,2024-09-13 18:00:00,BUY,5607.9,5633.39,19.15,1.243,TP,3,1559.91
2024-09-16 07:00:00,2024-09-16 17:00:00,BUY,5626.8,5608.25,-15.73,-1.008,SL,10,1544.18
2024-09-17 06:00:00,2024-09-17 12:00:00,BUY,5627.8,5648.54,19.16,1.241,TP,6,1563.35
2024-09-19 10:00:00,2024-09-19 20:00:00,BUY,5689.6,5729.45,19.47,1.245,TP,10,1582.82
2024-09-23 20:00:00,2024-09-24 21:00:00,BUY,5715.2,5726.8,8.09,0.511,TIME,24,1590.91
2024-09-25 13:00:00,2024-09-25 20:00:00,BUY,5734.6,5719.27,-16.07,-1.01,SL,7,1574.84
2024-09-30 09:00:00,2024-09-30 21:00:00,BUY,5731.5,5713.4,-15.88,-1.008,SL,12,1558.96
2024-10-01 10:00:00,2024-10-01 16:00:00,BUY,5758.0,5737.12,-15.7,-1.007,SL,6,1543.26
2024-10-02 05:00:00,2024-10-02 16:00:00,BUY,5704.6,5673.49,-15.51,-1.005,SL,11,1527.75
2024-10-04 10:00:00,2024-10-04 15:00:00,BUY,5707.4,5737.72,19.0,1.244,TP,5,1546.76
2024-10-07 04:00:00,2024-10-07 12:00:00,BUY,5748.7,5718.96,-15.55,-1.005,SL,8,1531.21
2024-10-08 01:00:00,2024-10-08 16:00:00,BUY,5693.1,5728.72,19.06,1.245,TP,15,1550.27
2024-10-09 05:00:00,2024-10-09 17:00:00,BUY,5742.1,5765.09,19.25,1.242,TP,12,1569.52
2024-10-11 13:00:00,2024-10-11 17:00:00,BUY,5780.3,5800.2,19.47,1.241,TP,4,1589.0
2024-10-14 08:00:00,2024-10-14 16:00:00,BUY,5812.1,5830.76,19.7,1.24,TP,8,1608.7
2024-10-16 20:00:00,2024-10-17 11:00:00,BUY,5835.7,5857.03,19.97,1.241,TP,14,1628.67
2024-10-18 03:00:00,2024-10-18 19:00:00,BUY,5842.1,5868.44,20.24,1.243,TP,16,1648.91
2024-10-21 08:00:00,2024-10-21 13:00:00,BUY,5860.4,5846.82,-16.67,-1.011,SL,5,1632.24
2024-10-22 02:00:00,2024-10-22 11:00:00,BUY,5855.0,5836.42,-16.46,-1.008,SL,9,1615.78
2024-10-23 22:00:00,2024-10-24 14:00:00,BUY,5798.2,5828.32,20.1,1.244,TP,15,1635.88
2024-10-25 14:00:00,2024-10-25 16:00:00,BUY,5827.9,5848.28,20.3,1.241,TP,2,1656.18
2024-10-28 05:00:00,2024-10-29 06:00:00,BUY,5840.8,5815.66,-16.66,-1.006,SL,24,1639.52
2024-10-30 04:00:00,2024-10-30 14:00:00,BUY,5856.8,5836.64,-16.52,-1.007,SL,10,1623.0
2024-10-31 06:00:00,2024-10-31 10:00:00,BUY,5794.1,5773.36,-16.35,-1.007,SL,4,1606.65
2024-10-31 22:00:00,2024-11-01 16:00:00,BUY,5703.7,5738.99,20.0,1.245,TP,17,1626.65
2024-11-04 05:00:00,2024-11-04 16:00:00,BUY,5740.7,5714.05,-16.36,-1.006,SL,11,1610.29
2024-11-05 19:00:00,2024-11-06 02:00:00,BUY,5778.35,5810.12,20.03,1.244,TP,6,1630.32
2024-11-06 14:00:00,2024-11-06 16:00:00,BUY,5916.15,5874.95,-16.36,-1.004,SL,2,1613.96
2024-11-12 02:00:00,2024-11-12 18:00:00,BUY,5999.7,5983.66,-16.29,-1.009,SL,16,1597.67
2024-11-13 17:00:00,2024-11-14 18:00:00,BUY,5988.0,5972.3,-11.18,-0.7,TIME,24,1586.49
2024-11-15 10:00:00,2024-11-15 17:00:00,BUY,5917.5,5895.37,-15.97,-1.007,SL,7,1570.52
2024-11-18 06:00:00,2024-11-18 15:00:00,BUY,5889.0,5867.98,-15.82,-1.007,SL,9,1554.7
2024-11-20 09:00:00,2024-11-20 16:00:00,BUY,5930.4,5906.05,-15.64,-1.006,SL,7,1539.06
2024-11-21 18:00:00,2024-11-22 19:00:00,BUY,5931.0,5968.6,13.77,0.895,TIME,24,1552.83
2024-11-25 22:00:00,2024-11-26 03:00:00,BUY,5986.8,5963.82,-15.63,-1.007,SL,4,1537.2
2024-11-26 15:00:00,2024-11-27 04:00:00,BUY,6001.3,6026.54,19.1,1.243,TP,12,1556.3
2024-11-27 16:00:00,2024-11-27 17:00:00,BUY,6015.2,5999.58,-15.71,-1.01,SL,1,1540.59
2024-11-28 12:00:00,2024-11-29 06:00:00,BUY,6007.0,6019.05,19.02,1.235,TP,13,1559.61
2024-12-03 15:00:00,2024-12-03 17:00:00,BUY,6046.8,6036.24,-15.82,-1.014,SL,2,1543.79
2024-12-04 06:00:00,2024-12-04 17:00:00,BUY,6058.0,6072.58,19.1,1.237,TP,11,1562.89
2024-12-05 15:00:00,2024-12-05 22:00:00,BUY,6083.2,6073.77,-15.88,-1.016,SL,7,1547.0
2024-12-10 18:00:00,2024-12-10 22:00:00,BUY,6054.2,6041.52,-15.66,-1.012,SL,4,1531.35
2024-12-11 11:00:00,2024-12-11 15:00:00,BUY,6042.8,6055.1,18.91,1.235,TP,4,1550.26
2024-12-12 04:00:00,2024-12-12 17:00:00,BUY,6074.9,6062.56,-15.69,-1.012,SL,13,1534.57
2024-12-13 06:00:00,2024-12-13 15:00:00,BUY,6060.8,6078.66,19.02,1.24,TP,9,1553.59
2024-12-16 04:00:00,2024-12-16 17:00:00,BUY,6056.5,6075.82,19.27,1.24,TP,13,1572.86
2024-12-17 06:00:00,2024-12-17 09:00:00,BUY,6071.5,6058.68,-15.91,-1.012,SL,3,1556.95
2024-12-18 22:00:00,2024-12-19 15:00:00,BUY,5862.6,5918.13,19.41,1.247,TP,16,1576.35
2024-12-20 09:00:00,2024-12-20 11:00:00,BUY,5852.5,5818.02,-15.83,-1.004,SL,2,1560.52
2024-12-20 23:00:00,2024-12-24 01:00:00,BUY,5926.5,5970.85,12.6,0.807,TIME,24,1573.12
2024-12-24 13:00:00,2024-12-24 17:00:00,BUY,5977.15,6004.88,19.56,1.243,TP,4,1592.68
2024-12-26 09:00:00,2024-12-26 10:00:00,BUY,6039.65,6023.02,-16.07,-1.009,SL,1,1576.61
2024-12-27 11:00:00,2024-12-27 16:00:00,BUY,6013.45,5997.72,-15.92,-1.01,SL,5,1560.69
2024-12-30 05:00:00,2024-12-30 14:00:00,BUY,5963.75,5938.11,-15.7,-1.006,SL,9,1544.99
2024-12-31 03:00:00,2024-12-31 19:00:00,BUY,5906.65,5872.94,-15.52,-1.004,SL,16,1529.47
2025-01-02 08:00:00,2025-01-02 16:00:00,BUY,5915.35,5884.67,-15.37,-1.005,SL,8,1514.1
2025-01-03 05:00:00,2025-01-03 18:00:00,BUY,5881.7,5930.47,18.87,1.246,TP,13,1532.97
2025-01-06 07:00:00,2025-01-06 13:00:00,BUY,5944.5,5974.69,19.07,1.244,TP,6,1552.04
2025-01-07 02:00:00,2025-01-07 17:00:00,BUY,5976.6,5949.75,-15.61,-1.006,SL,15,1536.43
2025-01-08 20:00:00,2025-01-10 05:00:00,BUY,5900.4,5900.5,0.04,0.002,TIME,24,1536.47
2025-01-10 21:00:00,2025-01-13 05:00:00,BUY,5842.7,5798.43,-15.42,-1.003,SL,7,1521.05
2025-01-13 17:00:00,2025-01-14 01:00:00,BUY,5800.3,5850.55,20.84,1.37,TP,7,1541.89
2025-01-15 18:00:00,2025-01-16 09:00:00,BUY,5922.1,5967.45,19.21,1.246,TP,14,1561.1
2025-01-21 18:00:00,2025-01-22 10:00:00,BUY,6034.9,6072.44,19.44,1.245,TP,15,1580.54
2025-01-24 20:00:00,2025-01-27 01:00:00,BUY,6094.8,6072.75,-18.93,-1.198,SL,4,1561.61
2025-01-27 13:00:00,2025-01-27 16:00:00,BUY,5948.9,5993.81,19.46,1.246,TP,3,1581.07
2025-01-28 05:00:00,2025-01-28 19:00:00,BUY,6012.0,6060.76,19.7,1.246,TP,14,1600.77
2025-01-29 17:00:00,2025-01-29 20:00:00,BUY,6048.0,6023.37,-16.11,-1.006,SL,3,1584.66
2025-01-30 09:00:00,2025-01-30 17:00:00,BUY,6062.7,6036.62,-15.94,-1.006,SL,8,1568.72
2025-01-31 06:00:00,2025-01-31 21:00:00,BUY,6082.9,6051.24,-15.76,-1.005,SL,15,1552.96
2025-02-03 10:00:00,2025-02-03 18:00:00,BUY,5952.6,6004.67,19.36,1.246,TP,8,1572.32
2025-02-04 13:00:00,2025-02-04 18:00:00,BUY,5987.0,6034.78,19.59,1.246,TP,5,1591.91
2025-02-05 09:00:00,2025-02-05 18:00:00,BUY,6005.8,6038.4,19.81,1.244,TP,9,1611.72
2025-02-06 07:00:00,2025-02-06 21:00:00,BUY,6078.2,6058.72,-16.24,-1.008,SL,14,1595.48
2025-02-07 17:00:00,2025-02-07 21:00:00,BUY,6053.1,6024.12,-16.04,-1.005,SL,4,1579.44
2025-02-10 10:00:00,2025-02-11 11:00:00,BUY,6046.1,6045.9,-0.14,-0.009,TIME,24,1579.3
2025-02-11 23:00:00,2025-02-12 15:00:00,BUY,6068.3,6045.98,-15.9,-1.007,SL,15,1563.4
2025-02-13 16:00:00,2025-02-13 21:00:00,BUY,6066.9,6099.26,19.45,1.244,TP,5,1582.85
2025-02-18 22:00:00,2025-02-19 17:00:00,BUY,6129.3,6110.84,-15.96,-1.008,SL,18,1566.89
2025-02-20 21:00:00,2025-02-21 17:00:00,BUY,6113.2,6090.59,-15.77,-1.007,SL,19,1551.12
2025-02-24 21:00:00,2025-02-24 22:00:00,BUY,6011.7,5980.31,-15.59,-1.005,SL,1,1535.54
2025-02-25 11:00:00,2025-02-25 17:00:00,BUY,5964.8,5935.78,-15.44,-1.005,SL,6,1520.1
2025-02-27 15:00:00,2025-02-27 16:00:00,BUY,5972.6,5941.37,-15.27,-1.005,SL,1,1504.83
2025-02-28 05:00:00,2025-02-28 22:00:00,BUY,5853.0,5910.01,18.76,1.247,TP,17,1523.59
2025-03-03 11:00:00,2025-03-03 17:00:00,BUY,5971.9,5930.06,-15.29,-1.004,SL,6,1508.3
2025-03-04 06:00:00,2025-03-04 14:00:00,BUY,5859.2,5813.16,-15.13,-1.003,SL,8,1493.16
2025-03-05 03:00:00,2025-03-05 18:00:00,BUY,5809.7,5745.93,-14.97,-1.002,SL,15,1478.2
2025-03-06 17:00:00,2025-03-06 19:00:00,BUY,5799.3,5749.92,-14.83,-1.003,SL,2,1463.37
2025-03-07 16:00:00,2025-03-07 17:00:00,BUY,5748.4,5700.51,-14.68,-1.003,SL,1,1448.69
2025-03-10 06:00:00,2025-03-10 15:00:00,BUY,5744.0,5688.02,-14.53,-1.003,SL,9,1434.16
2025-03-11 20:00:00,2025-03-11 21:00:00,BUY,5551.1,5631.14,17.89,1.248,TP,1,1452.06
2025-03-14 15:00:00,2025-03-14 18:00:00,BUY,5576.4,5621.19,18.09,1.246,TP,3,1470.15
2025-03-17 07:00:00,2025-03-17 16:00:00,BUY,5607.2,5648.64,18.31,1.245,TP,9,1488.46
2025-03-18 05:00:00,2025-03-18 16:00:00,BUY,5663.9,5631.81,-14.95,-1.005,SL,11,1473.5
2025-03-19 18:00:00,2025-03-19 20:00:00,BUY,5664.5,5633.1,-14.81,-1.005,SL,2,1458.7
2025-03-20 18:00:00,2025-03-20 21:00:00,BUY,5686.8,5646.88,-14.64,-1.004,SL,3,1444.06
2025-03-21 10:00:00,2025-03-21 15:00:00,BUY,5651.4,5620.59,-14.51,-1.005,SL,5,1429.55
2025-03-24 17:00:00,2025-03-25 18:00:00,BUY,5759.0,5767.8,4.38,0.306,TIME,24,1433.92
2025-03-26 12:00:00,2025-03-26 17:00:00,BUY,5763.9,5746.7,-14.47,-1.009,SL,5,1419.46
2025-03-27 06:00:00,2025-03-27 16:00:00,BUY,5716.35,5689.56,-14.27,-1.006,SL,10,1405.18
2025-03-28 05:00:00,2025-03-28 10:00:00,BUY,5694.15,5663.05,-14.12,-1.005,SL,5,1391.06
2025-04-01 05:00:00,2025-04-01 19:00:00,BUY,5595.75,5647.19,17.34,1.246,TP,14,1408.4
2025-04-02 08:00:00,2025-04-02 15:00:00,BUY,5620.3,5584.58,-14.14,-1.004,SL,7,1394.26
2025-04-03 04:00:00,2025-04-03 17:00:00,BUY,5508.3,5424.38,-13.97,-1.002,SL,13,1380.29
2025-04-04 06:00:00,2025-04-04 13:00:00,BUY,5360.55,5302.53,-13.84,-1.003,SL,7,1366.45
2025-04-08 16:00:00,2025-04-08 19:00:00,BUY,5243.1,5135.29,-13.68,-1.001,SL,3,1352.77
2025-04-09 08:00:00,2025-04-09 16:00:00,BUY,4878.35,5025.05,16.89,1.249,TP,8,1369.66
2025-04-10 08:00:00,2025-04-10 16:00:00,BUY,5431.42,5301.77,-13.71,-1.001,SL,8,1355.95
2025-04-11 06:00:00,2025-04-14 07:00:00,BUY,5272.7,5419.58,15.53,1.146,TIME,24,1371.48
2025-04-14 19:00:00,2025-04-15 20:00:00,BUY,5373.5,5400.18,4.68,0.341,TIME,24,1376.16
2025-04-16 14:00:00,2025-04-16 20:00:00,BUY,5353.6,5302.47,-13.8,-1.003,SL,6,1362.36
2025-04-17 09:00:00,2025-04-17 17:00:00,BUY,5317.18,5271.05,-13.67,-1.003,SL,8,1348.69
2025-04-21 06:00:00,2025-04-21 17:00:00,BUY,5237.25,5188.45,-13.53,-1.003,SL,11,1335.16
2025-04-22 19:00:00,2025-04-22 20:00:00,BUY,5292.4,5246.95,-13.4,-1.003,SL,1,1321.77
2025-04-23 17:00:00,2025-04-23 18:00:00,BUY,5443.08,5387.31,-13.25,-1.003,SL,1,1308.52
2025-04-24 07:00:00,2025-04-24 17:00:00,BUY,5365.35,5427.37,16.32,1.247,TP,10,1324.83
2025-04-28 21:00:00,2025-04-29 20:00:00,BUY,5504.35,5555.17,16.51,1.246,TP,22,1341.34
2025-05-01 08:00:00,2025-05-02 09:00:00,BUY,5616.65,5629.5,3.84,0.286,TIME,24,1345.18
2025-05-06 02:00:00,2025-05-06 11:00:00,BUY,5644.5,5616.12,-13.52,-1.005,SL,9,1331.66
2025-05-08 09:00:00,2025-05-08 19:00:00,BUY,5668.55,5715.43,16.59,1.246,TP,10,1348.25
2025-05-09 08:00:00,2025-05-12 01:00:00,BUY,5671.2,5741.78,26.32,1.953,TP,16,1374.57
2025-05-15 16:00:00,2025-05-15 18:00:00,BUY,5875.65,5906.01,17.1,1.244,TP,2,1391.67
2025-05-19 07:00:00,2025-05-19 17:00:00,BUY,5892.95,5925.71,17.32,1.244,TP,10,1408.99
2025-05-20 06:00:00,2025-05-20 21:00:00,BUY,5945.05,5918.06,-14.17,-1.006,SL,15,1394.82
2025-05-22 17:00:00,2025-05-23 14:00:00,BUY,5840.4,5803.53,-14.01,-1.004,SL,20,1380.82
2025-05-26 08:00:00,2025-05-27 13:00:00,BUY,5858.9,5885.8,9.83,0.712,TIME,24,1390.64
2025-05-28 17:00:00,2025-05-28 22:00:00,BUY,5903.6,5881.31,-14.0,-1.007,SL,5,1376.64
2025-05-30 12:00:00,2025-05-30 15:00:00,BUY,5899.15,5869.37,-13.84,-1.005,SL,3,1362.81
2025-06-02 04:00:00,2025-06-02 22:00:00,BUY,5887.35,5934.06,16.98,1.246,TP,18,1379.79
2025-06-03 11:00:00,2025-06-03 16:00:00,BUY,5910.7,5941.55,17.16,1.244,TP,5,1396.95
2025-06-05 03:00:00,2025-06-05 15:00:00,BUY,5966.25,5991.54,17.36,1.243,TP,12,1414.31
2025-06-06 04:00:00,2025-06-06 16:00:00,BUY,5947.45,5992.15,17.62,1.246,TP,12,1431.93
2025-06-12 03:00:00,2025-06-12 18:00:00,BUY,6002.95,6042.04,17.83,1.245,TP,15,1449.76
2025-06-13 07:00:00,2025-06-13 16:00:00,BUY,5949.68,6005.46,18.07,1.247,TP,9,1467.83
2025-06-16 05:00:00,2025-06-16 16:00:00,BUY,5988.0,6035.96,18.29,1.246,TP,11,1486.12
2025-06-17 05:00:00,2025-06-17 20:00:00,BUY,6019.3,5986.57,-14.93,-1.005,SL,15,1471.19
2025-06-18 17:00:00,2025-06-18 21:00:00,BUY,6014.5,5985.64,-14.79,-1.005,SL,4,1456.4
2025-06-20 17:00:00,2025-06-23 01:00:00,BUY,5966.0,5919.65,-19.78,-1.358,SL,7,1436.62
2025-06-23 13:00:00,2025-06-23 20:00:00,BUY,5971.3,6009.17,17.89,1.245,TP,7,1454.51
2025-07-04 13:00:00,2025-07-07 01:00:00,BUY,6234.2,6256.35,18.72,1.287,TP,7,1473.22
2025-07-09 16:00:00,2025-07-09 17:00:00,BUY,6265.5,6245.65,-14.84,-1.008,SL,1,1458.38
2025-07-11 05:00:00,2025-07-11 12:00:00,BUY,6260.3,6237.12,-14.68,-1.007,SL,7,1443.7
2025-07-14 02:00:00,2025-07-14 19:00:00,BUY,6233.9,6265.93,17.96,1.244,TP,17,1461.66
2025-07-15 08:00:00,2025-07-15 17:00:00,BUY,6289.0,6266.91,-14.72,-1.007,SL,9,1446.95
2025-07-16 06:00:00,2025-07-16 16:00:00,BUY,6232.8,6260.83,17.99,1.243,TP,10,1464.94
2025-07-17 13:00:00,2025-07-17 18:00:00,BUY,6263.1,6285.89,18.19,1.242,TP,5,1483.13
2025-07-18 18:00:00,2025-07-21 16:00:00,BUY,6300.3,6321.45,18.41,1.241,TP,21,1501.54
2025-07-22 05:00:00,2025-07-22 16:00:00,BUY,6310.8,6296.61,-15.18,-1.011,SL,11,1486.36
2025-07-23 12:00:00,2025-07-23 16:00:00,BUY,6336.1,6319.15,-15.0,-1.009,SL,4,1471.36
2025-07-25 16:00:00,2025-07-25 19:00:00,BUY,6371.3,6388.49,18.23,1.239,TP,3,1489.6
2025-07-28 19:00:00,2025-07-29 14:00:00,BUY,6389.4,6408.75,18.48,1.24,TP,18,1508.07
2025-07-30 03:00:00,2025-07-30 21:00:00,BUY,6380.5,6363.95,-15.22,-1.009,SL,18,1492.86
2025-07-31 17:00:00,2025-07-31 20:00:00,BUY,6385.6,6359.74,-15.02,-1.006,SL,3,1477.84
2025-08-01 12:00:00,2025-08-01 16:00:00,BUY,6285.4,6250.96,-14.84,-1.004,SL,4,1463.0
2025-08-04 05:00:00,2025-08-04 16:00:00,BUY,6260.7,6309.09,18.23,1.246,TP,11,1481.23
2025-08-05 20:00:00,2025-08-06 01:00:00,BUY,6321.0,6292.53,-14.89,-1.005,SL,4,1466.34
2025-08-06 13:00:00,2025-08-06 18:00:00,BUY,6314.3,6343.57,18.24,1.244,TP,5,1484.57
2025-08-07 07:00:00,2025-08-07 12:00:00,BUY,6357.6,6384.47,18.45,1.243,TP,5,1503.03
2025-08-08 01:00:00,2025-08-08 21:00:00,BUY,6355.8,6394.56,18.72,1.245,TP,20,1521.74
2025-08-11 19:00:00,2025-08-11 22:00:00,BUY,6391.4,6371.11,-15.33,-1.007,SL,3,1506.41
2025-08-12 11:00:00,2025-08-12 15:00:00,BUY,6379.6,6402.05,18.71,1.242,TP,4,1525.12
2025-08-13 20:00:00,2025-08-14 15:00:00,BUY,6453.7,6433.41,-15.36,-1.007,SL,18,1509.75
2025-08-15 16:00:00,2025-08-18 11:00:00,BUY,6455.7,6436.91,-15.22,-1.008,SL,18,1494.53
2025-08-19 06:00:00,2025-08-19 18:00:00,BUY,6440.2,6423.23,-15.08,-1.009,SL,12,1479.45
2025-08-20 07:00:00,2025-08-20 16:00:00,BUY,6394.1,6375.5,-14.91,-1.008,SL,9,1464.54
2025-08-21 05:00:00,2025-08-21 15:00:00,BUY,6398.7,6371.41,-14.73,-1.006,SL,10,1449.81
2025-08-22 04:00:00,2025-08-22 09:00:00,BUY,6373.1,6347.86,-14.58,-1.006,SL,5,1435.23
2025-08-22 21:00:00,2025-08-25 22:00:00,BUY,6468.9,6437.56,-14.42,-1.005,SL,24,1420.81
2025-08-26 11:00:00,2025-08-26 22:00:00,BUY,6430.9,6454.19,17.65,1.242,TP,11,1438.45
2025-08-27 13:00:00,2025-08-27 16:00:00,BUY,6470.0,6457.1,-14.55,-1.012,SL,3,1423.9
2025-08-28 05:00:00,2025-08-28 20:00:00,BUY,6473.8,6497.76,17.69,1.242,TP,15,1441.59
2025-09-01 18:00:00,2025-09-02 02:00:00,BUY,6471.2,6454.32,-14.55,-1.009,SL,3,1427.04
2025-09-03 04:00:00,2025-09-04 03:00:00,BUY,6422.8,6459.81,17.77,1.245,TP,22,1444.81
2025-09-04 15:00:00,2025-09-04 20:00:00,BUY,6455.6,6480.59,17.95,1.243,TP,5,1462.76
2025-09-05 17:00:00,2025-09-08 01:00:00,BUY,6450.9,6485.77,18.21,1.245,TP,7,1480.97
2025-09-08 20:00:00,2025-09-09 10:00:00,BUY,6486.3,6514.6,18.41,1.243,TP,13,1499.38
2025-09-10 21:00:00,2025-09-11 15:00:00,BUY,6530.4,6555.3,18.63,1.243,TP,17,1518.01
2025-09-16 18:00:00,2025-09-17 19:00:00,BUY,6605.5,6591.13,-15.34,-1.011,SL,24,1502.67
2025-09-18 08:00:00,2025-09-18 11:00:00,BUY,6626.7,6653.25,18.68,1.243,TP,3,1521.35
2025-09-19 10:00:00,2025-09-19 21:00:00,BUY,6629.7,6657.0,18.91,1.243,TP,11,1540.26
2025-09-23 20:00:00,2025-09-24 18:00:00,BUY,6657.6,6639.18,-15.53,-1.008,SL,21,1524.73
2025-09-25 07:00:00,2025-09-25 10:00:00,BUY,6644.6,6629.45,-15.4,-1.01,SL,3,1509.33
2025-09-26 12:00:00,2025-09-26 16:00:00,BUY,6611.3,6639.9,18.77,1.243,TP,4,1528.1
2025-09-29 20:00:00,2025-09-30 21:00:00,BUY,6654.2,6668.6,9.98,0.653,TIME,24,1538.08
2025-10-01 15:00:00,2025-10-01 18:00:00,BUY,6659.2,6687.93,19.13,1.244,TP,3,1557.21
2025-10-02 07:00:00,2025-10-02 18:00:00,BUY,6719.0,6699.0,-15.69,-1.008,SL,11,1541.52
2025-10-03 17:00:00,2025-10-03 20:00:00,BUY,6745.9,6727.01,-15.54,-1.008,SL,3,1525.98
2025-10-06 21:00:00,2025-10-07 18:00:00,BUY,6745.3,6725.78,-15.38,-1.008,SL,20,1510.6
2025-10-08 07:00:00,2025-10-08 17:00:00,BUY,6724.0,6744.75,18.75,1.241,TP,10,1529.35
2025-10-09 13:00:00,2025-10-09 17:00:00,BUY,6753.7,6738.9,-15.45,-1.01,SL,4,1513.9
2025-10-10 18:00:00,2025-10-10 20:00:00,BUY,6639.1,6600.21,-15.2,-1.004,SL,2,1498.7
2025-10-13 23:00:00,2025-10-14 08:00:00,BUY,6648.9,6603.38,-15.04,-1.003,SL,8,1483.66
2025-10-15 14:00:00,2025-10-15 20:00:00,BUY,6689.3,6657.38,-14.91,-1.005,SL,6,1468.76
2025-10-16 09:00:00,2025-10-16 19:00:00,BUY,6689.2,6656.34,-14.75,-1.005,SL,10,1454.0
2025-10-17 08:00:00,2025-10-17 10:00:00,BUY,6591.2,6551.82,-14.6,-1.004,SL,2,1439.4
2025-10-17 22:00:00,2025-10-20 17:00:00,BUY,6666.4,6731.19,17.95,1.247,TP,18,1457.36
2025-10-21 19:00:00,2025-10-22 17:00:00,BUY,6737.3,6714.51,-14.67,-1.007,SL,21,1442.69
2025-10-23 06:00:00,2025-10-24 04:00:00,BUY,6709.4,6749.78,17.97,1.245,TP,21,1460.65
2025-10-29 19:00:00,2025-10-29 21:00:00,BUY,6908.5,6889.17,-14.72,-1.008,SL,2,1445.93
2025-10-31 17:00:00,2025-10-31 19:00:00,BUY,6865.9,6833.55,-14.53,-1.005,SL,2,1431.41
2025-11-03 20:00:00,2025-11-04 04:00:00,BUY,6857.5,6827.34,-14.39,-1.005,SL,7,1417.02
2025-11-05 06:00:00,2025-11-05 18:00:00,BUY,6759.6,6804.8,17.65,1.246,TP,12,1434.67
2025-11-06 11:00:00,2025-11-06 16:00:00,BUY,6796.7,6766.42,-14.42,-1.005,SL,5,1420.26
2025-11-07 05:00:00,2025-11-07 16:00:00,BUY,6718.9,6678.53,-14.26,-1.004,SL,11,1406.0
2025-11-10 05:00:00,2025-11-10 21:00:00,BUY,6774.0,6826.5,17.52,1.246,TP,16,1423.52
2025-11-11 12:00:00,2025-11-11 20:00:00,BUY,6820.4,6848.0,17.7,1.243,TP,8,1441.22
2025-11-12 09:00:00,2025-11-12 17:00:00,BUY,6868.8,6848.69,-14.52,-1.008,SL,8,1426.7
2025-11-13 06:00:00,2025-11-13 11:00:00,BUY,6863.9,6836.51,-14.35,-1.006,SL,5,1412.36
2025-11-14 14:00:00,2025-11-14 17:00:00,BUY,6674.0,6723.67,17.6,1.246,TP,3,1429.96
2025-11-17 06:00:00,2025-11-17 15:00:00,BUY,6765.5,6721.58,-14.35,-1.003,SL,9,1415.61
2025-11-18 04:00:00,2025-11-18 09:00:00,BUY,6666.5,6617.81,-14.2,-1.003,SL,5,1401.41
2025-11-20 08:00:00,2025-11-20 18:00:00,BUY,6729.6,6685.73,-14.06,-1.003,SL,10,1387.35
2025-11-21 07:00:00,2025-11-21 19:00:00,BUY,6554.3,6627.12,17.31,1.247,TP,12,1404.65
2025-11-24 08:00:00,2025-11-24 19:00:00,BUY,6636.3,6702.4,17.52,1.247,TP,11,1422.17
2025-11-25 08:00:00,2025-11-25 16:00:00,BUY,6697.8,6665.57,-14.29,-1.005,SL,8,1407.88
2025-12-01 02:00:00,2025-12-01 06:00:00,BUY,6817.5,6798.22,-14.19,-1.008,SL,4,1393.69
2025-12-02 02:00:00,2025-12-02 17:00:00,BUY,6815.7,6849.07,17.34,1.244,TP,15,1411.04
2025-12-03 06:00:00,2025-12-03 16:00:00,BUY,6844.1,6820.28,-14.2,-1.006,SL,10,1396.84
2025-12-04 05:00:00,2025-12-04 21:00:00,BUY,6850.5,6828.86,-14.07,-1.007,SL,16,1382.77
2025-12-05 18:00:00,2025-12-08 17:00:00,BUY,6872.1,6847.77,-13.91,-1.006,SL,22,1368.86
2025-12-10 10:00:00,2025-12-10 12:00:00,BUY,6848.1,6832.12,-13.82,-1.009,SL,2,1355.04
2025-12-11 14:00:00,2025-12-11 16:00:00,BUY,6868.5,6840.22,-13.62,-1.005,SL,2,1341.42
2025-12-12 05:00:00,2025-12-12 17:00:00,BUY,6902.7,6871.79,-13.48,-1.005,SL,12,1327.94
2025-12-15 06:00:00,2025-12-15 17:00:00,BUY,6846.5,6816.14,-13.35,-1.005,SL,11,1314.59
2025-12-16 06:00:00,2025-12-16 15:00:00,BUY,6789.5,6827.59,16.37,1.245,TP,9,1330.96
2025-12-17 12:00:00,2025-12-17 16:00:00,BUY,6823.6,6793.12,-13.38,-1.005,SL,4,1317.59
2025-12-18 11:00:00,2025-12-18 16:00:00,BUY,6753.5,6790.16,16.4,1.245,TP,5,1333.99
2025-12-19 07:00:00,2025-12-19 16:00:00,BUY,6774.1,6813.94,16.61,1.245,TP,9,1350.6
2025-12-23 17:00:00,2025-12-24 17:00:00,BUY,6892.6,6916.81,16.78,1.242,TP,23,1367.38
2025-12-26 17:00:00,2025-12-26 19:00:00,BUY,6936.75,6924.16,-13.84,-1.012,SL,2,1353.54
2025-12-30 16:00:00,2025-12-31 01:00:00,BUY,6908.35,6892.17,-13.66,-1.009,SL,8,1339.88
2026-01-02 12:00:00,2026-01-02 16:00:00,BUY,6890.75,6873.55,-13.52,-1.009,SL,4,1326.36
2026-01-05 05:00:00,2026-01-05 16:00:00,BUY,6865.8,6897.99,16.5,1.244,TP,11,1342.86
2026-01-06 07:00:00,2026-01-06 10:00:00,BUY,6911.1,6893.33,-13.54,-1.009,SL,3,1329.32
2026-01-06 22:00:00,2026-01-07 22:00:00,BUY,6944.1,6922.21,-13.38,-1.007,SL,23,1315.94
2026-01-08 11:00:00,2026-01-08 23:00:00,BUY,6909.6,6934.05,16.35,1.242,TP,12,1332.29
2026-01-09 13:00:00,2026-01-09 17:00:00,BUY,6928.9,6950.97,16.54,1.242,TP,4,1348.83
2026-01-12 06:00:00,2026-01-12 16:00:00,BUY,6927.8,6956.9,16.77,1.244,TP,10,1365.6
2026-01-13 06:00:00,2026-01-13 15:00:00,BUY,6970.9,6993.46,16.96,1.242,TP,9,1382.56
2026-01-14 04:00:00,2026-01-14 12:00:00,BUY,6957.0,6933.98,-13.92,-1.007,SL,8,1368.64
2026-01-15 15:00:00,2026-01-16 16:00:00,BUY,6960.2,6942.9,-10.06,-0.735,TIME,24,1358.58
2026-01-19 05:00:00,2026-01-19 16:00:00,BUY,6880.9,6851.92,-13.66,-1.005,SL,11,1344.93
2026-01-20 10:00:00,2026-01-20 17:00:00,BUY,6828.2,6861.79,16.74,1.244,TP,7,1361.67
2026-01-22 14:00:00,2026-01-23 15:00:00,BUY,6914.7,6895.3,-8.06,-0.592,TIME,24,1353.6
2026-01-26 04:00:00,2026-01-26 16:00:00,BUY,6892.8,6933.68,16.86,1.245,TP,12,1370.46
2026-01-28 19:00:00,2026-01-28 23:00:00,BUY,6972.1,6951.8,-13.81,-1.007,SL,4,1356.66
2026-01-30 14:00:00,2026-02-02 03:00:00,BUY,6934.1,6891.5,-13.61,-1.004,SL,12,1343.04
2026-02-02 15:00:00,2026-02-02 17:00:00,BUY,6917.3,6974.95,16.74,1.247,TP,2,1359.79
2026-02-03 06:00:00,2026-02-03 16:00:00,BUY,6997.9,6963.16,-13.66,-1.004,SL,10,1346.13
2026-02-04 05:00:00,2026-02-04 17:00:00,BUY,6923.4,6887.58,-13.52,-1.004,SL,12,1332.61
2026-02-05 20:00:00,2026-02-06 01:00:00,BUY,6804.1,6741.79,-13.36,-1.002,SL,4,1319.25
2026-02-06 13:00:00,2026-02-06 19:00:00,BUY,6844.4,6910.99,16.45,1.247,TP,6,1335.71
2026-02-09 11:00:00,2026-02-09 18:00:00,BUY,6923.8,6969.22,16.64,1.246,TP,7,1352.35
2026-02-10 07:00:00,2026-02-11 08:00:00,BUY,6965.8,6954.5,-5.36,-0.397,TIME,24,1346.98
2026-02-11 20:00:00,2026-02-12 17:00:00,BUY,6947.9,6911.56,-13.53,-1.004,SL,20,1333.46
2026-02-13 06:00:00,2026-02-16 07:00:00,BUY,6832.6,6844.1,3.8,0.285,TIME,24,1337.26
2026-02-17 16:00:00,2026-02-17 18:00:00,BUY,6784.2,6835.98,16.67,1.246,TP,2,1353.93
2026-02-18 14:00:00,2026-02-19 15:00:00,BUY,6869.9,6855.6,-5.98,-0.442,TIME,24,1347.95
2026-02-20 04:00:00,2026-02-20 15:00:00,BUY,6873.0,6839.56,-13.54,-1.005,SL,11,1334.41
2026-02-23 04:00:00,2026-02-23 16:00:00,BUY,6861.9,6911.91,16.63,1.246,TP,12,1351.04
2026-02-24 07:00:00,2026-02-24 16:00:00,BUY,6853.1,6823.68,-13.58,-1.005,SL,9,1337.46
2026-02-25 05:00:00,2026-02-25 16:00:00,BUY,6897.6,6935.63,16.65,1.245,TP,11,1354.11
2026-02-26 07:00:00,2026-02-26 17:00:00,BUY,6935.8,6913.5,-13.63,-1.007,SL,10,1340.48
2026-02-27 06:00:00,2026-02-27 15:00:00,BUY,6888.7,6857.75,-13.47,-1.005,SL,9,1327.01
2026-03-02 04:00:00,2026-03-02 08:00:00,BUY,6830.7,6785.72,-13.31,-1.003,SL,4,1313.7
2026-03-02 20:00:00,2026-03-03 08:00:00,BUY,6868.4,6817.44,-13.18,-1.003,SL,11,1300.52
2026-03-03 23:00:00,2026-03-04 18:00:00,BUY,6805.1,6880.41,16.22,1.248,TP,18,1316.75
2026-03-05 07:00:00,2026-03-05 19:00:00,BUY,6847.0,6802.73,-13.21,-1.003,SL,12,1303.53
2026-03-06 08:00:00,2026-03-06 11:00:00,BUY,6837.9,6796.39,-13.08,-1.004,SL,3,1290.45
2026-03-06 23:00:00,2026-03-09 01:00:00,BUY,6737.7,6674.45,-14.44,-1.119,SL,1,1276.02
2026-03-09 13:00:00,2026-03-09 22:00:00,BUY,6662.5,6739.03,15.92,1.248,TP,9,1291.93
2026-03-10 11:00:00,2026-03-10 17:00:00,BUY,6814.4,6760.89,-12.96,-1.003,SL,6,1278.98
2026-03-11 06:00:00,2026-03-11 11:00:00,BUY,6816.9,6771.89,-12.83,-1.003,SL,5,1266.15
2026-03-11 23:00:00,2026-03-12 02:00:00,BUY,6764.4,6712.58,-12.7,-1.003,SL,2,1253.45
2026-03-12 15:00:00,2026-03-12 16:00:00,BUY,6733.2,6692.69,-12.58,-1.004,SL,1,1240.87
2026-03-13 08:00:00,2026-03-13 10:00:00,BUY,6689.1,6648.78,-12.46,-1.004,SL,2,1228.41
2026-03-13 22:00:00,2026-03-16 15:00:00,BUY,6632.8,6697.44,15.32,1.247,TP,16,1243.73
2026-03-17 04:00:00,2026-03-17 16:00:00,BUY,6689.0,6736.24,15.5,1.246,TP,12,1259.23
2026-03-18 05:00:00,2026-03-18 15:00:00,BUY,6737.7,6707.95,-12.66,-1.005,SL,10,1246.57
2026-03-19 04:00:00,2026-03-19 15:00:00,BUY,6621.1,6582.7,-12.51,-1.004,SL,11,1234.06
2026-03-20 04:00:00,2026-03-20 12:00:00,BUY,6623.5,6578.79,-12.38,-1.003,SL,8,1221.68
2026-03-23 01:00:00,2026-03-23 10:00:00,BUY,6495.7,6437.79,-12.25,-1.003,SL,9,1209.43
2026-03-23 22:00:00,2026-03-24 23:00:00,BUY,6580.7,6595.5,2.03,0.168,TIME,24,1211.46
2026-03-25 12:00:00,2026-03-26 09:00:00,BUY,6609.5,6560.78,-12.15,-1.003,SL,20,1199.31
2026-03-26 21:00:00,2026-03-27 13:00:00,BUY,6498.8,6451.6,-12.03,-1.003,SL,15,1187.28
2026-03-30 02:00:00,2026-03-30 09:00:00,BUY,6326.2,6387.35,14.8,1.247,TP,7,1202.08
2026-03-31 16:00:00,2026-03-31 22:00:00,BUY,6452.3,6519.9,14.99,1.247,TP,6,1217.07
2026-04-01 11:00:00,2026-04-02 04:00:00,BUY,6559.2,6513.25,-12.21,-1.003,SL,16,1204.86
2026-04-02 16:00:00,2026-04-02 17:00:00,BUY,6519.8,6577.46,15.02,1.247,TP,1,1219.88
2026-04-03 06:00:00,2026-04-06 01:00:00,BUY,6572.4,6534.06,-12.25,-1.004,SL,11,1207.64
2026-04-07 01:00:00,2026-04-07 15:00:00,BUY,6604.1,6568.66,-12.13,-1.004,SL,14,1195.51
2026-04-08 04:00:00,2026-04-09 05:00:00,BUY,6771.2,6768.9,-0.42,-0.035,TIME,24,1195.09
2026-04-13 02:00:00,2026-04-13 16:00:00,BUY,6746.5,6793.37,14.89,1.246,TP,14,1209.98
2026-04-20 03:00:00,2026-04-20 16:00:00,BUY,7076.1,7120.75,15.07,1.246,TP,13,1225.05
2026-04-21 17:00:00,2026-04-21 20:00:00,BUY,7100.4,7072.88,-12.32,-1.005,SL,3,1212.74
2026-04-22 09:00:00,2026-04-23 03:00:00,BUY,7108.9,7078.08,-12.19,-1.005,SL,17,1200.55
2026-04-23 23:00:00,2026-04-24 14:00:00,BUY,7097.9,7154.24,14.97,1.247,TP,14,1215.52
2026-04-28 07:00:00,2026-04-28 11:00:00,BUY,7178.6,7158.3,-12.25,-1.007,SL,4,1203.27
2026-04-29 10:00:00,2026-04-29 16:00:00,BUY,7144.3,7122.66,-12.12,-1.007,SL,6,1191.15
2026-04-30 05:00:00,2026-04-30 09:00:00,BUY,7147.8,7108.59,-11.96,-1.004,SL,4,1179.2
2026-05-07 16:00:00,2026-05-07 19:00:00,BUY,7362.5,7339.47,-11.87,-1.007,SL,3,1167.33
2026-05-08 08:00:00,2026-05-08 17:00:00,BUY,7358.1,7391.46,14.53,1.244,TP,9,1181.85
2026-05-12 04:00:00,2026-05-12 17:00:00,BUY,7394.8,7368.37,-11.89,-1.006,SL,13,1169.97
2026-05-13 14:00:00,2026-05-13 15:00:00,BUY,7417.8,7393.61,-11.77,-1.006,SL,1,1158.2
2026-05-14 11:00:00,2026-05-14 17:00:00,BUY,7464.7,7496.02,14.41,1.244,TP,6,1172.6
2026-05-15 08:00:00,2026-05-15 15:00:00,BUY,7443.3,7411.98,-11.78,-1.005,SL,7,1160.82
2026-05-18 16:00:00,2026-05-18 18:00:00,BUY,7425.0,7375.74,-11.64,-1.003,SL,2,1149.18
2026-05-19 07:00:00,2026-05-19 17:00:00,BUY,7383.7,7337.87,-11.53,-1.003,SL,10,1137.65
2026-05-20 12:00:00,2026-05-20 18:00:00,BUY,7382.3,7431.25,14.18,1.246,TP,6,1151.83
2026-05-21 07:00:00,2026-05-21 13:00:00,BUY,7433.8,7397.76,-11.57,-1.004,SL,6,1140.26
2026-05-22 09:00:00,2026-05-25 01:00:00,BUY,7472.0,7514.01,14.2,1.246,TP,15,1154.46
2026-05-26 02:00:00,2026-05-26 18:00:00,BUY,7531.3,7507.63,-11.62,-1.006,SL,16,1142.84
2026-05-27 07:00:00,2026-05-27 15:00:00,BUY,7526.0,7552.92,14.21,1.243,TP,8,1157.05
2026-05-28 04:00:00,2026-05-28 06:00:00,BUY,7533.8,7504.97,-11.63,-1.005,SL,2,1145.42
2026-05-28 18:00:00,2026-05-29 19:00:00,BUY,7558.7,7582.7,8.68,0.758,TIME,24,1154.1
2026-06-01 20:00:00,2026-06-02 01:00:00,BUY,7612.9,7583.94,-11.6,-1.005,SL,4,1142.5
2026-06-02 13:00:00,2026-06-02 17:00:00,BUY,7587.5,7612.65,14.2,1.243,TP,4,1156.69
2026-06-03 11:00:00,2026-06-03 16:00:00,BUY,7608.3,7591.25,-11.67,-1.009,SL,5,1145.02
2026-06-04 07:00:00,2026-06-04 18:00:00,BUY,7535.1,7568.89,14.25,1.244,TP,11,1159.27
2026-06-05 07:00:00,2026-06-05 16:00:00,BUY,7552.2,7525.3,-11.66,-1.006,SL,9,1147.62
2026-06-08 05:00:00,2026-06-09 06:00:00,BUY,7403.1,7419.0,3.34,0.291,TIME,24,1150.95
2026-06-09 18:00:00,2026-06-09 19:00:00,BUY,7303.6,7240.86,-11.54,-1.002,SL,1,1139.42
2026-06-10 09:00:00,2026-06-10 14:00:00,BUY,7361.0,7306.63,-11.43,-1.003,SL,5,1127.99
2026-06-12 02:00:00,2026-06-15 01:00:00,BUY,7409.1,7494.0,14.08,1.248,TP,22,1142.07
2026-06-16 02:00:00,2026-06-16 22:00:00,BUY,7551.0,7518.01,-11.47,-1.005,SL,20,1130.59
2026-06-17 11:00:00,2026-06-17 17:00:00,BUY,7527.2,7504.86,-11.38,-1.007,SL,6,1119.21
2026-06-18 13:00:00,2026-06-19 14:00:00,BUY,7483.2,7474.6,-2.69,-0.241,TIME,24,1116.52
2026-06-22 07:00:00,2026-06-22 14:00:00,BUY,7466.9,7506.03,13.9,1.245,TP,7,1130.42
2026-06-23 03:00:00,2026-06-23 06:00:00,BUY,7473.5,7437.6,-11.35,-1.004,SL,3,1119.07
2026-06-23 18:00:00,2026-06-24 19:00:00,BUY,7388.1,7386.1,-0.47,-0.042,TIME,24,1118.6
2026-06-25 20:00:00,2026-06-26 05:00:00,BUY,7361.7,7299.75,-11.21,-1.002,SL,8,1107.39
2026-06-26 17:00:00,2026-06-29 16:00:00,BUY,7351.3,7421.08,13.81,1.247,TP,21,1121.2
2026-06-30 05:00:00,2026-06-30 17:00:00,BUY,7431.3,7478.71,13.97,1.246,TP,12,1135.17
2026-07-01 06:00:00,2026-07-01 18:00:00,BUY,7475.0,7511.23,14.13,1.245,TP,12,1149.31
2026-07-02 10:00:00,2026-07-02 15:00:00,BUY,7476.7,7513.78,14.31,1.245,TP,5,1163.61
2026-07-03 04:00:00,2026-07-06 09:00:00,BUY,7495.9,7502.6,1.86,0.159,TIME,24,1165.47
2026-07-07 07:00:00,2026-07-07 17:00:00,BUY,7518.5,7494.77,-11.73,-1.006,SL,10,1153.74
2026-07-08 06:00:00,2026-07-08 11:00:00,BUY,7505.1,7476.71,-11.6,-1.005,SL,5,1142.14
2026-07-09 07:00:00,2026-07-09 20:00:00,BUY,7498.4,7542.44,14.23,1.246,TP,13,1156.37
2026-07-13 08:00:00,2026-07-13 23:00:00,BUY,7532.8,7504.84,-11.63,-1.005,SL,15,1144.74
2026-07-14 17:00:00,2026-07-15 18:00:00,BUY,7542.8,7551.8,2.4,0.21,TIME,24,1147.15
2026-07-16 11:00:00,2026-07-16 14:00:00,BUY,7566.8,7538.79,-11.53,-1.005,SL,3,1135.61
2026-07-17 15:00:00,2026-07-20 14:00:00,BUY,7462.1,7501.33,14.14,1.245,TP,22,1149.75
2026-07-21 03:00:00,2026-07-21 18:00:00,BUY,7455.2,7502.67,14.33,1.246,TP,15,1164.08
2026-07-22 19:00:00,2026-07-22 23:00:00,BUY,7524.4,7495.4,-11.7,-1.005,SL,4,1152.38
2026-07-23 12:00:00,2026-07-23 15:00:00,BUY,7475.2,7444.16,-11.58,-1.005,SL,3,1140.8
2026-07-24 21:00:00,2026-07-27 01:00:00,BUY,7407.8,7474.95,18.44,1.617,TP,3,1159.24
2026-07-27 13:00:00,2026-07-27 16:00:00,BUY,7486.6,7455.02,-11.65,-1.005,SL,3,1147.59
2026-07-28 05:00:00,2026-07-28 18:00:00,BUY,7397.5,7443.56,14.3,1.246,TP,13,1161.89
2026-07-30 23:00:00,2026-07-31 22:00:00,BUY,7445.3,7505.02,14.49,1.247,TP,22,1176.38
2026-08-05 17:00:00,2026-08-05 18:00:00,BUY,7758.8,7729.26,-11.82,-1.005,SL,1,1164.56
2026-08-06 07:00:00,2026-08-06 18:00:00,BUY,7736.4,7709.44,-11.71,-1.006,SL,11,1152.84
2026-08-07 15:00:00,2026-08-07 17:00:00,BUY,7750.2,7726.41,-11.6,-1.006,SL,2,1141.24
2026-08-10 19:00:00,2026-08-11 20:00:00,BUY,7753.3,7728.77,-11.48,-1.006,SL,24,1129.76
2026-08-12 09:00:00,2026-08-12 15:00:00,BUY,7738.5,7759.46,14.02,1.241,TP,6,1143.78
2026-08-14 17:00:00,2026-08-17 17:00:00,BUY,7788.8,7772.1,-11.54,-1.009,SL,23,1132.24
2026-08-18 11:00:00,2026-08-18 22:00:00,BUY,7710.5,7690.69,-11.41,-1.008,SL,11,1120.83
2026-08-19 11:00:00,2026-08-19 15:00:00,BUY,7698.1,7722.11,13.92,1.242,TP,4,1134.76
2026-08-21 11:00:00,2026-08-24 12:00:00,BUY,7669.2,7665.4,-1.92,-0.169,TIME,24,1132.84
2026-08-25 01:00:00,2026-08-25 12:00:00,BUY,7659.3,7691.54,14.09,1.244,TP,11,1146.93
